
****** Vitis HLS - High-Level Synthesis from C, C++ and OpenCL v2024.2 (64-bit)
  **** SW Build 5238294 on Nov  8 2024
  **** IP Build 5239520 on Sun Nov 10 16:12:51 MST 2024
  **** SharedData Build 5239561 on Fri Nov 08 14:39:27 MST 2024
  **** Start of session at: Wed Aug 19 09:43:30 2026
    ** Copyright 1986-2022 Xilinx, Inc. All Rights Reserved.
    ** Copyright 2022-2024 Advanced Micro Devices, Inc. All Rights Reserved.

source C:/Xilinx/Vitis/2024.2/scripts/vitis_hls/hls.tcl -notrace
INFO: [HLS 200-10] For user 'kccistc' on host 'desktop-7cfq9nd' (Windows NT_amd64 version 10.0) on Wed Aug 19 09:43:33 +0900 2026
INFO: [HLS 200-10] In directory 'C:/Users/kccistc/Documents/final_project/hls/arty_96_classifier/conv_engine_tr8'
WARNING: [HLS 200-2053] The vitis_hls executable is deprecated. Consider using vitis-run --mode hls --tcl
Sourcing Tcl script 'run_hls.tcl'
INFO: [HLS 200-1510] Running: open_project -reset conv_engine_prj 
INFO: [HLS 200-10] Opening and resetting project 'C:/Users/kccistc/Documents/final_project/hls/arty_96_classifier/conv_engine_tr8/conv_engine_prj'.
INFO: [HLS 200-1510] Running: add_files C:/Users/kccistc/Documents/final_project/hls/arty_96_classifier/conv_engine_tr8/HW/conv_engine.cpp 
INFO: [HLS 200-10] Adding design file 'C:/Users/kccistc/Documents/final_project/hls/arty_96_classifier/conv_engine_tr8/HW/conv_engine.cpp' to the project
INFO: [HLS 200-1510] Running: add_files -tb C:/Users/kccistc/Documents/final_project/hls/arty_96_classifier/conv_engine_tr8/HW/conv_engine_tb.cpp 
INFO: [HLS 200-10] Adding test bench file 'C:/Users/kccistc/Documents/final_project/hls/arty_96_classifier/conv_engine_tr8/HW/conv_engine_tb.cpp' to the project
INFO: [HLS 200-1510] Running: set_top conv_engine 
INFO: [HLS 200-1510] Running: open_solution -reset solution1 
INFO: [HLS 200-10] Creating and opening solution 'C:/Users/kccistc/Documents/final_project/hls/arty_96_classifier/conv_engine_tr8/conv_engine_prj/solution1'.
INFO: [HLS 200-10] Cleaning up the solution database.
INFO: [HLS 200-1505] Using default flow_target 'vivado'
Resolution: For help on HLS 200-1505 see docs.xilinx.com/access/sources/dita/topic?Doc_Version=2024.2%20English&url=ug1448-hls-guidance&resourceid=200-1505.html
INFO: [HLS 200-1510] Running: set_part xc7z020clg400-1 
INFO: [HLS 200-1611] Setting target device to 'xc7z020-clg400-1'
INFO: [HLS 200-1510] Running: create_clock -period 10.0 -name default 
INFO: [SYN 201-201] Setting up clock 'default' with a period of 10ns.
INFO: [HLS 200-1510] Running: set_clock_uncertainty 2.7 
INFO: [SYN 201-201] Setting up clock 'default' with an uncertainty of 2.7ns.

==> C Simulation - expect the three classifier conv shapes plus two extras to each print PASS, then "CLASSIFIER CONV SUITE PASS".
INFO: [HLS 200-1510] Running: csim_design 
INFO: [SIM 211-2] *************** CSIM start ***************
INFO: [SIM 211-4] CSIM will launch CLANG as the compiler.
INFO: [HLS 200-2036] Building debug C Simulation binaries
   Compiling ../../../../HW/conv_engine_tb.cpp in debug mode
   Compiling ../../../../HW/conv_engine.cpp in debug mode
   Generating csim.exe
In file included from ../../../../HW/conv_engine_tb.cpp:29:
In file included from ../../../../HW/conv_engine.h:42:
In file included from C:/Xilinx/Vitis/2024.2/include/ap_int.h:10:
In file included from C:/Xilinx/Vitis/2024.2/include/etc/ap_common.h:658:
In file included from C:/Xilinx/Vitis/2024.2/include/etc/ap_private.h:68:
In file included from C:/Xilinx/Vitis/2024.2/include/hls_half.h:26:
In file included from C:/Xilinx/Vitis/2024.2/include/etc/hls_half_fpo.h:19:
In file included from C:/Xilinx/Vitis/2024.2/include/hls_fpo.h:140:
In file included from C:/Xilinx/Vitis/2024.2/include/floating_point_v7_1_bitacc_cmodel.h:150:
C:/Xilinx/Vitis/2024.2/include/gmp.h:58:9: warning: '__GMP_LIBGMP_DLL' macro redefined [-Wmacro-redefined]
#define __GMP_LIBGMP_DLL  0
        ^
C:/Xilinx/Vitis/2024.2/include/floating_point_v7_1_bitacc_cmodel.h:142:9: note: previous definition is here
#define __GMP_LIBGMP_DLL 1
        ^
1 warning generated.
In file included from ../../../../HW/conv_engine.cpp:1:
In file included from ../../../../HW/conv_engine.h:42:
In file included from C:/Xilinx/Vitis/2024.2/include/ap_int.h:10:
In file included from C:/Xilinx/Vitis/2024.2/include/etc/ap_common.h:658:
In file included from C:/Xilinx/Vitis/2024.2/include/etc/ap_private.h:68:
In file included from C:/Xilinx/Vitis/2024.2/include/hls_half.h:26:
In file included from C:/Xilinx/Vitis/2024.2/include/etc/hls_half_fpo.h:19:
In file included from C:/Xilinx/Vitis/2024.2/include/hls_fpo.h:140:
In file included from C:/Xilinx/Vitis/2024.2/include/floating_point_v7_1_bitacc_cmodel.h:150:
C:/Xilinx/Vitis/2024.2/include/gmp.h:58:9: warning: '__GMP_LIBGMP_DLL' macro redefined [-Wmacro-redefined]
#define __GMP_LIBGMP_DLL  0
        ^
C:/Xilinx/Vitis/2024.2/include/floating_point_v7_1_bitacc_cmodel.h:142:9: note: previous definition is here
#define __GMP_LIBGMP_DLL 1
        ^
1 warning generated.
pack_unpack_selftest_fast: 16,777,216 combinations (plain-int model) PASS
pack_unpack_selftest_ap_int_sample: 216 corner + 20,000 random combinations (real ap_int types) PASS
[conv0 (3->16 @96x96)] PASS: 147456 output values matched the reference bit-exactly (img 96x96x3 -> 96x96x16, k=3, pad=1) [포화 0.0%]
[conv1 (16->32 @48x48)] PASS: 73728 output values matched the reference bit-exactly (img 48x48x16 -> 48x48x32, k=3, pad=1) [포화 0.0%]
[conv2 (32->64 @24x24)] PASS: 36864 output values matched the reference bit-exactly (img 24x24x32 -> 24x24x64, k=3, pad=1) [포화 0.0%]
[D1 conv1 half-oc (16->16 @48x48)] PASS: 36864 output values matched the reference bit-exactly (img 48x48x16 -> 48x48x16, k=3, pad=1) [포화 0.0%]
[extra: k=1 bottleneck 64->32 @16x16] PASS: 8192 output values matched the reference bit-exactly (img 16x16x64 -> 16x16x32, k=1, pad=0) [포화 0.0%]
[extra: leaky off 32->64 @32x32] PASS: 65536 output values matched the reference bit-exactly (img 32x32x32 -> 32x32x64, k=3, pad=1) [포화 0.0%]
[extra: saturation sweep 16->32 @32x32 (low shift)] PASS: 32768 output values matched the reference bit-exactly (img 32x32x16 -> 32x32x32, k=3, pad=1) [포화 20.9%]
CLASSIFIER CONV SUITE PASS (7 shapes)
INFO: [SIM 211-1] CSim done with 0 errors.
INFO: [SIM 211-3] *************** CSIM finish ***************
INFO: [HLS 200-2161] Finished Command csim_design Elapsed time: 00:00:29; Allocated memory: 0.910 MB.

==> C Synthesis - report lands in conv_engine_prj/solution1/syn/report/conv_engine_csynth.rpt. 
 THIS IS THE AREA GATE. The classifier build has only TWO engines (this one and maxpool), not the YOLO build's four, and MAX_IMG_W/MAX_IN_CH/MAX_OUT_CH are cut from 512/128/1024 to 64/64/64. Both should show up as BRAM relief. 
 READ THE LUT NUMBER CAREFULLY. On KV260 this design's csynth LUT overestimated real impl by 1.4-1.5x. That ratio is a KV260 measurement and has NOT been re-established for 7-series - do not divide by 1.45 and call the result a fit. Percentages are against XC7Z020 and are directly meaningful. 
 If area comes back with real headroom, the experiment to run next is PE_OC 16 -> 32 (conv_engine.h line 251): the classifier's out_ch tops out at 64, so PE_OC=32 halves the oc_tile passes. It is a MEASUREMENT, not a given - PE_OC 16->24 blew the LUT budget once already on KV260.
INFO: [HLS 200-1510] Running: csynth_design 
INFO: [HLS 200-111] Finished File checks and directory preparation: CPU user time: 0 seconds. CPU system time: 0 seconds. Elapsed time: 0.086 seconds; current allocated memory: 609.703 MB.
INFO: [HLS 200-10] Analyzing design file 'HW/conv_engine.cpp' ... 
INFO: [HLS 200-111] Finished Source Code Analysis and Preprocessing: CPU user time: 0 seconds. CPU system time: 0 seconds. Elapsed time: 3.869 seconds; current allocated memory: 613.309 MB.
INFO: [HLS 200-777] Using interface defaults for 'Vivado' flow target.
INFO: [HLS 200-1995] There were 6,476 instructions in the design after the 'Compile/Link' phase of compilation. See the Design Size Report for more details: C:/Users/kccistc/Documents/final_project/hls/arty_96_classifier/conv_engine_tr8/conv_engine_prj/solution1/syn/report/csynth_design_size.rpt
INFO: [HLS 200-1995] There were 7,066 instructions in the design after the 'Unroll/Inline (step 1)' phase of compilation. See the Design Size Report for more details: C:/Users/kccistc/Documents/final_project/hls/arty_96_classifier/conv_engine_tr8/conv_engine_prj/solution1/syn/report/csynth_design_size.rpt
INFO: [HLS 200-1995] There were 5,418 instructions in the design after the 'Unroll/Inline (step 2)' phase of compilation. See the Design Size Report for more details: C:/Users/kccistc/Documents/final_project/hls/arty_96_classifier/conv_engine_tr8/conv_engine_prj/solution1/syn/report/csynth_design_size.rpt
INFO: [HLS 200-1995] There were 5,220 instructions in the design after the 'Unroll/Inline (step 3)' phase of compilation. See the Design Size Report for more details: C:/Users/kccistc/Documents/final_project/hls/arty_96_classifier/conv_engine_tr8/conv_engine_prj/solution1/syn/report/csynth_design_size.rpt
INFO: [HLS 200-1995] There were 5,172 instructions in the design after the 'Unroll/Inline (step 4)' phase of compilation. See the Design Size Report for more details: C:/Users/kccistc/Documents/final_project/hls/arty_96_classifier/conv_engine_tr8/conv_engine_prj/solution1/syn/report/csynth_design_size.rpt
INFO: [HLS 200-1995] There were 17,083 instructions in the design after the 'Array/Struct (step 1)' phase of compilation. See the Design Size Report for more details: C:/Users/kccistc/Documents/final_project/hls/arty_96_classifier/conv_engine_tr8/conv_engine_prj/solution1/syn/report/csynth_design_size.rpt
INFO: [HLS 200-1995] There were 6,125 instructions in the design after the 'Array/Struct (step 2)' phase of compilation. See the Design Size Report for more details: C:/Users/kccistc/Documents/final_project/hls/arty_96_classifier/conv_engine_tr8/conv_engine_prj/solution1/syn/report/csynth_design_size.rpt
INFO: [HLS 200-1995] There were 6,125 instructions in the design after the 'Array/Struct (step 3)' phase of compilation. See the Design Size Report for more details: C:/Users/kccistc/Documents/final_project/hls/arty_96_classifier/conv_engine_tr8/conv_engine_prj/solution1/syn/report/csynth_design_size.rpt
INFO: [HLS 200-1995] There were 6,125 instructions in the design after the 'Array/Struct (step 4)' phase of compilation. See the Design Size Report for more details: C:/Users/kccistc/Documents/final_project/hls/arty_96_classifier/conv_engine_tr8/conv_engine_prj/solution1/syn/report/csynth_design_size.rpt
INFO: [HLS 200-1995] There were 6,372 instructions in the design after the 'Array/Struct (step 5)' phase of compilation. See the Design Size Report for more details: C:/Users/kccistc/Documents/final_project/hls/arty_96_classifier/conv_engine_tr8/conv_engine_prj/solution1/syn/report/csynth_design_size.rpt
INFO: [HLS 200-1995] There were 6,365 instructions in the design after the 'Performance (step 1)' phase of compilation. See the Design Size Report for more details: C:/Users/kccistc/Documents/final_project/hls/arty_96_classifier/conv_engine_tr8/conv_engine_prj/solution1/syn/report/csynth_design_size.rpt
INFO: [HLS 200-1995] There were 6,205 instructions in the design after the 'Performance (step 2)' phase of compilation. See the Design Size Report for more details: C:/Users/kccistc/Documents/final_project/hls/arty_96_classifier/conv_engine_tr8/conv_engine_prj/solution1/syn/report/csynth_design_size.rpt
INFO: [HLS 200-1995] There were 8,421 instructions in the design after the 'Performance (step 3)' phase of compilation. See the Design Size Report for more details: C:/Users/kccistc/Documents/final_project/hls/arty_96_classifier/conv_engine_tr8/conv_engine_prj/solution1/syn/report/csynth_design_size.rpt
INFO: [HLS 200-1995] There were 7,975 instructions in the design after the 'Performance (step 4)' phase of compilation. See the Design Size Report for more details: C:/Users/kccistc/Documents/final_project/hls/arty_96_classifier/conv_engine_tr8/conv_engine_prj/solution1/syn/report/csynth_design_size.rpt
INFO: [HLS 200-1995] There were 7,959 instructions in the design after the 'HW Transforms (step 1)' phase of compilation. See the Design Size Report for more details: C:/Users/kccistc/Documents/final_project/hls/arty_96_classifier/conv_engine_tr8/conv_engine_prj/solution1/syn/report/csynth_design_size.rpt
INFO: [HLS 200-1995] There were 7,494 instructions in the design after the 'HW Transforms (step 2)' phase of compilation. See the Design Size Report for more details: C:/Users/kccistc/Documents/final_project/hls/arty_96_classifier/conv_engine_tr8/conv_engine_prj/solution1/syn/report/csynth_design_size.rpt
INFO: [HLS 214-131] Inlining function 'pack4_get(ap_uint<32>, unsigned int)' into 'load_weight_tile(ap_uint<32> const*, ap_uint<32> const*, ap_int<32> const*, unsigned int, unsigned int, unsigned int, unsigned int, unsigned int, unsigned int, ap_int<25> (*) [64][3][3], ap_int<32>*)' (HW/conv_engine.cpp:263:40)
INFO: [HLS 214-131] Inlining function 'round_shift(ap_int<64>, ap_uint<6>)' into 'apply_activation(ap_int<32>, bool, int, unsigned int)' (HW/conv_engine.cpp:85:21)
INFO: [HLS 214-131] Inlining function 'apply_activation(ap_int<32>, bool, int, unsigned int)' into 'scan_and_compute(ap_uint<32> const*, ap_int<8>*, unsigned int, unsigned int, unsigned int, unsigned int, unsigned int, unsigned int, unsigned int, unsigned int, unsigned int, unsigned int, unsigned int, unsigned int, ap_int<25> const (*) [16][64][3][3], ap_int<32> const (*) [32], bool, int, unsigned int)' (HW/conv_engine.cpp:1378:25)
INFO: [HLS 214-131] Inlining function 'pack4_get(ap_uint<32>, unsigned int)' into 'scan_and_compute(ap_uint<32> const*, ap_int<8>*, unsigned int, unsigned int, unsigned int, unsigned int, unsigned int, unsigned int, unsigned int, unsigned int, unsigned int, unsigned int, unsigned int, unsigned int, ap_int<25> const (*) [16][64][3][3], ap_int<32> const (*) [32], bool, int, unsigned int)' (HW/conv_engine.cpp:629:31)
INFO: [HLS 214-131] Inlining function 'load_weight_tile(ap_uint<32> const*, ap_uint<32> const*, ap_int<32> const*, unsigned int, unsigned int, unsigned int, unsigned int, unsigned int, unsigned int, ap_int<25> (*) [64][3][3], ap_int<32>*)' into 'conv_engine(ap_uint<32> const*, ap_uint<32> const*, ap_uint<32> const*, ap_int<32> const*, ap_int<8>*, unsigned short, unsigned short, unsigned short, unsigned short, unsigned char, unsigned char, unsigned char, int, unsigned char, unsigned char)' (HW/conv_engine.cpp:1665:2)
INFO: [HLS 214-131] Inlining function 'scan_and_compute(ap_uint<32> const*, ap_int<8>*, unsigned int, unsigned int, unsigned int, unsigned int, unsigned int, unsigned int, unsigned int, unsigned int, unsigned int, unsigned int, unsigned int, unsigned int, ap_int<25> const (*) [16][64][3][3], ap_int<32> const (*) [32], bool, int, unsigned int)' into 'conv_engine(ap_uint<32> const*, ap_uint<32> const*, ap_uint<32> const*, ap_int<32> const*, ap_int<8>*, unsigned short, unsigned short, unsigned short, unsigned short, unsigned char, unsigned char, unsigned char, int, unsigned char, unsigned char)' (HW/conv_engine.cpp:1670:13)
INFO: [HLS 214-291] Loop 'LOAD_W_LANE' is marked as complete unroll implied by the pipeline pragma (HW/conv_engine.cpp:225:29)
INFO: [HLS 214-291] Loop 'FUSED_SHIFT_LANE' is marked as complete unroll implied by the pipeline pragma (HW/conv_engine.cpp:787:17)
INFO: [HLS 214-291] Loop 'FUSED_LB_SNAPSHOT' is marked as complete unroll implied by the pipeline pragma (HW/conv_engine.cpp:802:25)
INFO: [HLS 214-291] Loop 'FUSED_WIN_SHIFT' is marked as complete unroll implied by the pipeline pragma (HW/conv_engine.cpp:810:25)
INFO: [HLS 214-291] Loop 'VITIS_LOOP_812_1' is marked as complete unroll implied by the pipeline pragma (HW/conv_engine.cpp:812:20)
INFO: [HLS 214-291] Loop 'FUSED_WIN_TAIL' is marked as complete unroll implied by the pipeline pragma (HW/conv_engine.cpp:824:25)
INFO: [HLS 214-291] Loop 'FUSED_LB_SHIFT' is marked as complete unroll implied by the pipeline pragma (HW/conv_engine.cpp:835:29)
INFO: [HLS 214-291] Loop 'PE_PAIR_LOOP' is marked as complete unroll implied by the pipeline pragma (HW/conv_engine.cpp:993:25)
INFO: [HLS 214-291] Loop 'MAC_TR' is marked as complete unroll implied by the pipeline pragma (HW/conv_engine.cpp:1056:29)
INFO: [HLS 214-291] Loop 'TREE_L1' is marked as complete unroll implied by the pipeline pragma (HW/conv_engine.cpp:1201:29)
INFO: [HLS 214-186] Unrolling loop 'LOAD_W_LANE' (HW/conv_engine.cpp:225:29) in function 'conv_engine' completely with a factor of 4 (HW/conv_engine.cpp:1416:0)
INFO: [HLS 214-186] Unrolling loop 'FUSED_SHIFT_LANE' (HW/conv_engine.cpp:787:17) in function 'conv_engine' completely with a factor of 4 (HW/conv_engine.cpp:1416:0)
INFO: [HLS 214-186] Unrolling loop 'FUSED_LB_SHIFT' (HW/conv_engine.cpp:835:29) in function 'conv_engine' completely with a factor of 1 (HW/conv_engine.cpp:1416:0)
INFO: [HLS 214-186] Unrolling loop 'FUSED_WIN_TAIL' (HW/conv_engine.cpp:824:25) in function 'conv_engine' completely with a factor of 3 (HW/conv_engine.cpp:1416:0)
INFO: [HLS 214-186] Unrolling loop 'FUSED_WIN_SHIFT' (HW/conv_engine.cpp:810:25) in function 'conv_engine' completely with a factor of 3 (HW/conv_engine.cpp:1416:0)
INFO: [HLS 214-186] Unrolling loop 'VITIS_LOOP_812_1' (HW/conv_engine.cpp:812:20) in function 'conv_engine' completely with a factor of 2 (HW/conv_engine.cpp:1416:0)
INFO: [HLS 214-186] Unrolling loop 'FUSED_LB_SNAPSHOT' (HW/conv_engine.cpp:802:25) in function 'conv_engine' completely with a factor of 2 (HW/conv_engine.cpp:1416:0)
INFO: [HLS 214-186] Unrolling loop 'PE_PAIR_INIT' (HW/conv_engine.cpp:937:13) in function 'conv_engine' completely with a factor of 16 (HW/conv_engine.cpp:1416:0)
INFO: [HLS 214-186] Unrolling loop 'PE_PAIR_LOOP' (HW/conv_engine.cpp:993:25) in function 'conv_engine' completely with a factor of 16 (HW/conv_engine.cpp:1416:0)
INFO: [HLS 214-186] Unrolling loop 'TREE_L1' (HW/conv_engine.cpp:1201:29) in function 'conv_engine' completely with a factor of 2 (HW/conv_engine.cpp:1416:0)
INFO: [HLS 214-186] Unrolling loop 'MAC_TR' (HW/conv_engine.cpp:1056:29) in function 'conv_engine' completely with a factor of 4 (HW/conv_engine.cpp:1416:0)
INFO: [HLS 214-186] Unrolling loop 'FINISH_GATHER' (HW/conv_engine.cpp:1275:13) in function 'conv_engine' completely with a factor of 32 (HW/conv_engine.cpp:1416:0)
INFO: [HLS 214-186] Unrolling loop 'ACCUM_RD' (HW/conv_engine.cpp:1300:17) in function 'conv_engine' completely with a factor of 32 (HW/conv_engine.cpp:1416:0)
INFO: [HLS 214-186] Unrolling loop 'ACCUM_WR' (HW/conv_engine.cpp:1386:17) in function 'conv_engine' completely with a factor of 32 (HW/conv_engine.cpp:1416:0)
INFO: [HLS 214-178] Inlining function 'saturate(ap_int<64>)' into 'conv_engine(ap_uint<32> const*, ap_uint<32> const*, ap_uint<32> const*, ap_int<32> const*, ap_int<8>*, unsigned short, unsigned short, unsigned short, unsigned short, unsigned char, unsigned char, unsigned char, int, unsigned char, unsigned char)' (HW/conv_engine.cpp:1416:0)
INFO: [HLS 214-248] Applying array_partition to '_ZZL16scan_and_computePK7ap_uintILi32EEP6ap_intILi8EEjjjjjjjjjjjjPA16_A64_A3_A3_KS3_ILi25EEPA32_KS3_ILi32EEbijE6window': Cyclic partitioning with factor 4 on dimension 1. (HW/conv_engine.cpp:399:0)
INFO: [HLS 214-248] Applying array_partition to '_ZZL16scan_and_computePK7ap_uintILi32EEP6ap_intILi8EEjjjjjjjjjjjjPA16_A64_A3_A3_KS3_ILi25EEPA32_KS3_ILi32EEbijE8line_buf': Cyclic partitioning with factor 4 on dimension 1. Complete partitioning on dimension 2. (HW/conv_engine.cpp:398:0)
INFO: [HLS 214-248] Applying array_partition to '_ZL12accum_onchip': Cyclic partitioning with factor 32 on dimension 1. (HW/conv_engine.cpp:306:0)
INFO: [HLS 214-248] Applying array_partition to '_ZZ11conv_enginePK7ap_uintILi32EES2_S2_PK6ap_intILi32EEPS3_ILi8EEtttthhhihhE5btile': Complete partitioning on dimension 2. (HW/conv_engine.cpp:1588:0)
INFO: [HLS 214-248] Applying array_partition to '_ZZ11conv_enginePK7ap_uintILi32EES2_S2_PK6ap_intILi32EEPS3_ILi8EEtttthhhihhE12wtile_packed': Complete partitioning on dimension 2. Cyclic partitioning with factor 4 on dimension 3. (HW/conv_engine.cpp:1587:0)
INFO: [HLS 214-248] Applying array_partition to 'px.i': Cyclic partitioning with factor 4 on dimension 1. (HW/conv_engine.cpp:508:19)
INFO: [HLS 214-248] Applying array_partition to 'acc_lo.i': Complete partitioning on dimension 1. (HW/conv_engine.cpp:926:23)
INFO: [HLS 214-248] Applying array_partition to 'acc_hi.i': Complete partitioning on dimension 1. (HW/conv_engine.cpp:927:23)
INFO: [HLS 214-248] Applying array_partition to 'acc_fin.i': Complete partitioning on dimension 1. (HW/conv_engine.cpp:1271:21)
INFO: [HLS 214-421] Automatically partitioning small array '_ZZ11conv_enginePK7ap_uintILi32EES2_S2_PK6ap_intILi32EEPS3_ILi8EEtttthhhihhE5btile_0' completely based on array size.
INFO: [HLS 214-421] Automatically partitioning small array '_ZZ11conv_enginePK7ap_uintILi32EES2_S2_PK6ap_intILi32EEPS3_ILi8EEtttthhhihhE5btile_1' completely based on array size.
INFO: [HLS 214-421] Automatically partitioning small array '_ZZ11conv_enginePK7ap_uintILi32EES2_S2_PK6ap_intILi32EEPS3_ILi8EEtttthhhihhE5btile_2' completely based on array size.
INFO: [HLS 214-421] Automatically partitioning small array '_ZZ11conv_enginePK7ap_uintILi32EES2_S2_PK6ap_intILi32EEPS3_ILi8EEtttthhhihhE5btile_3' completely based on array size.
INFO: [HLS 214-421] Automatically partitioning small array '_ZZ11conv_enginePK7ap_uintILi32EES2_S2_PK6ap_intILi32EEPS3_ILi8EEtttthhhihhE5btile_4' completely based on array size.
INFO: [HLS 214-421] Automatically partitioning small array '_ZZ11conv_enginePK7ap_uintILi32EES2_S2_PK6ap_intILi32EEPS3_ILi8EEtttthhhihhE5btile_5' completely based on array size.
INFO: [HLS 214-421] Automatically partitioning small array '_ZZ11conv_enginePK7ap_uintILi32EES2_S2_PK6ap_intILi32EEPS3_ILi8EEtttthhhihhE5btile_6' completely based on array size.
INFO: [HLS 214-421] Automatically partitioning small array '_ZZ11conv_enginePK7ap_uintILi32EES2_S2_PK6ap_intILi32EEPS3_ILi8EEtttthhhihhE5btile_7' completely based on array size.
INFO: [HLS 214-421] Automatically partitioning small array '_ZZ11conv_enginePK7ap_uintILi32EES2_S2_PK6ap_intILi32EEPS3_ILi8EEtttthhhihhE5btile_8' completely based on array size.
INFO: [HLS 214-421] Automatically partitioning small array '_ZZ11conv_enginePK7ap_uintILi32EES2_S2_PK6ap_intILi32EEPS3_ILi8EEtttthhhihhE5btile_9' completely based on array size.
INFO: [HLS 214-421] Automatically partitioning small array '_ZZ11conv_enginePK7ap_uintILi32EES2_S2_PK6ap_intILi32EEPS3_ILi8EEtttthhhihhE5btile_10' completely based on array size.
INFO: [HLS 214-421] Automatically partitioning small array '_ZZ11conv_enginePK7ap_uintILi32EES2_S2_PK6ap_intILi32EEPS3_ILi8EEtttthhhihhE5btile_11' completely based on array size.
INFO: [HLS 214-421] Automatically partitioning small array '_ZZ11conv_enginePK7ap_uintILi32EES2_S2_PK6ap_intILi32EEPS3_ILi8EEtttthhhihhE5btile_12' completely based on array size.
INFO: [HLS 214-421] Automatically partitioning small array '_ZZ11conv_enginePK7ap_uintILi32EES2_S2_PK6ap_intILi32EEPS3_ILi8EEtttthhhihhE5btile_13' completely based on array size.
INFO: [HLS 214-421] Automatically partitioning small array '_ZZ11conv_enginePK7ap_uintILi32EES2_S2_PK6ap_intILi32EEPS3_ILi8EEtttthhhihhE5btile_14' completely based on array size.
INFO: [HLS 214-421] Automatically partitioning small array '_ZZ11conv_enginePK7ap_uintILi32EES2_S2_PK6ap_intILi32EEPS3_ILi8EEtttthhhihhE5btile_15' completely based on array size.
INFO: [HLS 214-421] Automatically partitioning small array '_ZZ11conv_enginePK7ap_uintILi32EES2_S2_PK6ap_intILi32EEPS3_ILi8EEtttthhhihhE5btile_16' completely based on array size.
INFO: [HLS 214-421] Automatically partitioning small array '_ZZ11conv_enginePK7ap_uintILi32EES2_S2_PK6ap_intILi32EEPS3_ILi8EEtttthhhihhE5btile_17' completely based on array size.
INFO: [HLS 214-421] Automatically partitioning small array '_ZZ11conv_enginePK7ap_uintILi32EES2_S2_PK6ap_intILi32EEPS3_ILi8EEtttthhhihhE5btile_18' completely based on array size.
INFO: [HLS 214-421] Automatically partitioning small array '_ZZ11conv_enginePK7ap_uintILi32EES2_S2_PK6ap_intILi32EEPS3_ILi8EEtttthhhihhE5btile_19' completely based on array size.
INFO: [HLS 214-421] Automatically partitioning small array '_ZZ11conv_enginePK7ap_uintILi32EES2_S2_PK6ap_intILi32EEPS3_ILi8EEtttthhhihhE5btile_20' completely based on array size.
INFO: [HLS 214-421] Automatically partitioning small array '_ZZ11conv_enginePK7ap_uintILi32EES2_S2_PK6ap_intILi32EEPS3_ILi8EEtttthhhihhE5btile_21' completely based on array size.
INFO: [HLS 214-421] Automatically partitioning small array '_ZZ11conv_enginePK7ap_uintILi32EES2_S2_PK6ap_intILi32EEPS3_ILi8EEtttthhhihhE5btile_22' completely based on array size.
INFO: [HLS 214-421] Automatically partitioning small array '_ZZ11conv_enginePK7ap_uintILi32EES2_S2_PK6ap_intILi32EEPS3_ILi8EEtttthhhihhE5btile_23' completely based on array size.
INFO: [HLS 214-421] Automatically partitioning small array '_ZZ11conv_enginePK7ap_uintILi32EES2_S2_PK6ap_intILi32EEPS3_ILi8EEtttthhhihhE5btile_24' completely based on array size.
INFO: [HLS 214-421] Automatically partitioning small array '_ZZ11conv_enginePK7ap_uintILi32EES2_S2_PK6ap_intILi32EEPS3_ILi8EEtttthhhihhE5btile_25' completely based on array size.
INFO: [HLS 214-421] Automatically partitioning small array '_ZZ11conv_enginePK7ap_uintILi32EES2_S2_PK6ap_intILi32EEPS3_ILi8EEtttthhhihhE5btile_26' completely based on array size.
INFO: [HLS 214-421] Automatically partitioning small array '_ZZ11conv_enginePK7ap_uintILi32EES2_S2_PK6ap_intILi32EEPS3_ILi8EEtttthhhihhE5btile_27' completely based on array size.
INFO: [HLS 214-421] Automatically partitioning small array '_ZZ11conv_enginePK7ap_uintILi32EES2_S2_PK6ap_intILi32EEPS3_ILi8EEtttthhhihhE5btile_28' completely based on array size.
INFO: [HLS 214-421] Automatically partitioning small array '_ZZ11conv_enginePK7ap_uintILi32EES2_S2_PK6ap_intILi32EEPS3_ILi8EEtttthhhihhE5btile_29' completely based on array size.
INFO: [HLS 214-421] Automatically partitioning small array '_ZZ11conv_enginePK7ap_uintILi32EES2_S2_PK6ap_intILi32EEPS3_ILi8EEtttthhhihhE5btile_30' completely based on array size.
INFO: [HLS 214-421] Automatically partitioning small array '_ZZ11conv_enginePK7ap_uintILi32EES2_S2_PK6ap_intILi32EEPS3_ILi8EEtttthhhihhE5btile_31' completely based on array size.
INFO: [HLS 214-270] Inferring pragma 'array_partition type=complete dim=1' for array 'conv_engine(ap_uint<32> const*, ap_uint<32> const*, ap_uint<32> const*, ap_int<32> const*, ap_int<8>*, unsigned short, unsigned short, unsigned short, unsigned short, unsigned char, unsigned char, unsigned char, int, unsigned char, unsigned char)::btile' due to pipeline pragma
INFO: [HLS 214-270] Inferring pragma 'array_partition type=complete dim=1' for array '_ZZ11conv_enginePK7ap_uintILi32EES2_S2_PK6ap_intILi32EEPS3_ILi8EEtttthhhihhE5btile_10' due to pipeline pragma
INFO: [HLS 214-270] Inferring pragma 'array_partition type=complete dim=1' for array '_ZZ11conv_enginePK7ap_uintILi32EES2_S2_PK6ap_intILi32EEPS3_ILi8EEtttthhhihhE5btile_11' due to pipeline pragma
INFO: [HLS 214-270] Inferring pragma 'array_partition type=complete dim=1' for array '_ZZ11conv_enginePK7ap_uintILi32EES2_S2_PK6ap_intILi32EEPS3_ILi8EEtttthhhihhE5btile_12' due to pipeline pragma
INFO: [HLS 214-270] Inferring pragma 'array_partition type=complete dim=1' for array '_ZZ11conv_enginePK7ap_uintILi32EES2_S2_PK6ap_intILi32EEPS3_ILi8EEtttthhhihhE5btile_13' due to pipeline pragma
INFO: [HLS 214-270] Inferring pragma 'array_partition type=complete dim=1' for array '_ZZ11conv_enginePK7ap_uintILi32EES2_S2_PK6ap_intILi32EEPS3_ILi8EEtttthhhihhE5btile_14' due to pipeline pragma
INFO: [HLS 214-270] Inferring pragma 'array_partition type=complete dim=1' for array '_ZZ11conv_enginePK7ap_uintILi32EES2_S2_PK6ap_intILi32EEPS3_ILi8EEtttthhhihhE5btile_15' due to pipeline pragma
INFO: [HLS 214-270] Inferring pragma 'array_partition type=complete dim=1' for array '_ZZ11conv_enginePK7ap_uintILi32EES2_S2_PK6ap_intILi32EEPS3_ILi8EEtttthhhihhE5btile_16' due to pipeline pragma
INFO: [HLS 214-270] Inferring pragma 'array_partition type=complete dim=1' for array '_ZZ11conv_enginePK7ap_uintILi32EES2_S2_PK6ap_intILi32EEPS3_ILi8EEtttthhhihhE5btile_17' due to pipeline pragma
INFO: [HLS 214-270] Inferring pragma 'array_partition type=complete dim=1' for array '_ZZ11conv_enginePK7ap_uintILi32EES2_S2_PK6ap_intILi32EEPS3_ILi8EEtttthhhihhE5btile_18' due to pipeline pragma
INFO: [HLS 214-270] Inferring pragma 'array_partition type=complete dim=1' for array '_ZZ11conv_enginePK7ap_uintILi32EES2_S2_PK6ap_intILi32EEPS3_ILi8EEtttthhhihhE5btile_19' due to pipeline pragma
INFO: [HLS 214-270] Inferring pragma 'array_partition type=complete dim=1' for array '_ZZ11conv_enginePK7ap_uintILi32EES2_S2_PK6ap_intILi32EEPS3_ILi8EEtttthhhihhE5btile_20' due to pipeline pragma
INFO: [HLS 214-270] Inferring pragma 'array_partition type=complete dim=1' for array '_ZZ11conv_enginePK7ap_uintILi32EES2_S2_PK6ap_intILi32EEPS3_ILi8EEtttthhhihhE5btile_21' due to pipeline pragma
INFO: [HLS 214-270] Inferring pragma 'array_partition type=complete dim=1' for array '_ZZ11conv_enginePK7ap_uintILi32EES2_S2_PK6ap_intILi32EEPS3_ILi8EEtttthhhihhE5btile_22' due to pipeline pragma
INFO: [HLS 214-270] Inferring pragma 'array_partition type=complete dim=1' for array '_ZZ11conv_enginePK7ap_uintILi32EES2_S2_PK6ap_intILi32EEPS3_ILi8EEtttthhhihhE5btile_23' due to pipeline pragma
INFO: [HLS 214-270] Inferring pragma 'array_partition type=complete dim=1' for array '_ZZ11conv_enginePK7ap_uintILi32EES2_S2_PK6ap_intILi32EEPS3_ILi8EEtttthhhihhE5btile_24' due to pipeline pragma
INFO: [HLS 214-270] Inferring pragma 'array_partition type=complete dim=1' for array '_ZZ11conv_enginePK7ap_uintILi32EES2_S2_PK6ap_intILi32EEPS3_ILi8EEtttthhhihhE5btile_25' due to pipeline pragma
INFO: [HLS 214-270] Inferring pragma 'array_partition type=complete dim=1' for array '_ZZ11conv_enginePK7ap_uintILi32EES2_S2_PK6ap_intILi32EEPS3_ILi8EEtttthhhihhE5btile_26' due to pipeline pragma
INFO: [HLS 214-270] Inferring pragma 'array_partition type=complete dim=1' for array '_ZZ11conv_enginePK7ap_uintILi32EES2_S2_PK6ap_intILi32EEPS3_ILi8EEtttthhhihhE5btile_27' due to pipeline pragma
INFO: [HLS 214-270] Inferring pragma 'array_partition type=complete dim=1' for array '_ZZ11conv_enginePK7ap_uintILi32EES2_S2_PK6ap_intILi32EEPS3_ILi8EEtttthhhihhE5btile_28' due to pipeline pragma
INFO: [HLS 214-270] Inferring pragma 'array_partition type=complete dim=1' for array '_ZZ11conv_enginePK7ap_uintILi32EES2_S2_PK6ap_intILi32EEPS3_ILi8EEtttthhhihhE5btile_29' due to pipeline pragma
INFO: [HLS 214-270] Inferring pragma 'array_partition type=complete dim=1' for array '_ZZ11conv_enginePK7ap_uintILi32EES2_S2_PK6ap_intILi32EEPS3_ILi8EEtttthhhihhE5btile_30' due to pipeline pragma
INFO: [HLS 214-270] Inferring pragma 'array_partition type=complete dim=1' for array '_ZZ11conv_enginePK7ap_uintILi32EES2_S2_PK6ap_intILi32EEPS3_ILi8EEtttthhhihhE5btile_31' due to pipeline pragma
INFO: [HLS 214-270] Inferring pragma 'array_partition type=complete dim=3' for array 'scan_and_compute(ap_uint<32> const*, ap_int<8>*, unsigned int, unsigned int, unsigned int, unsigned int, unsigned int, unsigned int, unsigned int, unsigned int, unsigned int, unsigned int, unsigned int, unsigned int, ap_int<25> const (*) [16][64][3][3], ap_int<32> const (*) [32], bool, int, unsigned int)::window' due to pipeline pragma (HW/conv_engine.cpp:770:9)
INFO: [HLS 214-270] Inferring pragma 'array_partition type=complete dim=2' for array 'scan_and_compute(ap_uint<32> const*, ap_int<8>*, unsigned int, unsigned int, unsigned int, unsigned int, unsigned int, unsigned int, unsigned int, unsigned int, unsigned int, unsigned int, unsigned int, unsigned int, ap_int<25> const (*) [16][64][3][3], ap_int<32> const (*) [32], bool, int, unsigned int)::window' due to pipeline pragma (HW/conv_engine.cpp:770:9)
INFO: [HLS 214-248] Applying array_partition to '_ZZL16scan_and_computePK7ap_uintILi32EEP6ap_intILi8EEjjjjjjjjjjjjPA16_A64_A3_A3_KS3_ILi25EEPA32_KS3_ILi32EEbijE6window_3': Complete partitioning on dimension 2. Complete partitioning on dimension 3.
INFO: [HLS 214-248] Applying array_partition to '_ZZL16scan_and_computePK7ap_uintILi32EEP6ap_intILi8EEjjjjjjjjjjjjPA16_A64_A3_A3_KS3_ILi25EEPA32_KS3_ILi32EEbijE6window_2': Complete partitioning on dimension 2. Complete partitioning on dimension 3.
INFO: [HLS 214-248] Applying array_partition to '_ZZL16scan_and_computePK7ap_uintILi32EEP6ap_intILi8EEjjjjjjjjjjjjPA16_A64_A3_A3_KS3_ILi25EEPA32_KS3_ILi32EEbijE6window_1': Complete partitioning on dimension 2. Complete partitioning on dimension 3.
INFO: [HLS 214-248] Applying array_partition to '_ZZL16scan_and_computePK7ap_uintILi32EEP6ap_intILi8EEjjjjjjjjjjjjPA16_A64_A3_A3_KS3_ILi25EEPA32_KS3_ILi32EEbijE6window_0': Complete partitioning on dimension 2. Complete partitioning on dimension 3.
INFO: [HLS 214-248] Applying array_partition to '_ZZ11conv_enginePK7ap_uintILi32EES2_S2_PK6ap_intILi32EEPS3_ILi8EEtttthhhihhE5btile_9': Complete partitioning on dimension 1.
INFO: [HLS 214-248] Applying array_partition to '_ZZ11conv_enginePK7ap_uintILi32EES2_S2_PK6ap_intILi32EEPS3_ILi8EEtttthhhihhE5btile_8': Complete partitioning on dimension 1.
INFO: [HLS 214-248] Applying array_partition to '_ZZ11conv_enginePK7ap_uintILi32EES2_S2_PK6ap_intILi32EEPS3_ILi8EEtttthhhihhE5btile_7': Complete partitioning on dimension 1.
INFO: [HLS 214-248] Applying array_partition to '_ZZ11conv_enginePK7ap_uintILi32EES2_S2_PK6ap_intILi32EEPS3_ILi8EEtttthhhihhE5btile_6': Complete partitioning on dimension 1.
INFO: [HLS 214-248] Applying array_partition to '_ZZ11conv_enginePK7ap_uintILi32EES2_S2_PK6ap_intILi32EEPS3_ILi8EEtttthhhihhE5btile_5': Complete partitioning on dimension 1.
INFO: [HLS 214-248] Applying array_partition to '_ZZ11conv_enginePK7ap_uintILi32EES2_S2_PK6ap_intILi32EEPS3_ILi8EEtttthhhihhE5btile_4': Complete partitioning on dimension 1.
INFO: [HLS 214-248] Applying array_partition to '_ZZ11conv_enginePK7ap_uintILi32EES2_S2_PK6ap_intILi32EEPS3_ILi8EEtttthhhihhE5btile_31': Complete partitioning on dimension 1.
INFO: [HLS 214-248] Applying array_partition to '_ZZ11conv_enginePK7ap_uintILi32EES2_S2_PK6ap_intILi32EEPS3_ILi8EEtttthhhihhE5btile_30': Complete partitioning on dimension 1.
INFO: [HLS 214-248] Applying array_partition to '_ZZ11conv_enginePK7ap_uintILi32EES2_S2_PK6ap_intILi32EEPS3_ILi8EEtttthhhihhE5btile_3': Complete partitioning on dimension 1.
INFO: [HLS 214-248] Applying array_partition to '_ZZ11conv_enginePK7ap_uintILi32EES2_S2_PK6ap_intILi32EEPS3_ILi8EEtttthhhihhE5btile_29': Complete partitioning on dimension 1.
INFO: [HLS 214-248] Applying array_partition to '_ZZ11conv_enginePK7ap_uintILi32EES2_S2_PK6ap_intILi32EEPS3_ILi8EEtttthhhihhE5btile_28': Complete partitioning on dimension 1.
INFO: [HLS 214-248] Applying array_partition to '_ZZ11conv_enginePK7ap_uintILi32EES2_S2_PK6ap_intILi32EEPS3_ILi8EEtttthhhihhE5btile_27': Complete partitioning on dimension 1.
INFO: [HLS 214-248] Applying array_partition to '_ZZ11conv_enginePK7ap_uintILi32EES2_S2_PK6ap_intILi32EEPS3_ILi8EEtttthhhihhE5btile_26': Complete partitioning on dimension 1.
INFO: [HLS 214-248] Applying array_partition to '_ZZ11conv_enginePK7ap_uintILi32EES2_S2_PK6ap_intILi32EEPS3_ILi8EEtttthhhihhE5btile_25': Complete partitioning on dimension 1.
INFO: [HLS 214-248] Applying array_partition to '_ZZ11conv_enginePK7ap_uintILi32EES2_S2_PK6ap_intILi32EEPS3_ILi8EEtttthhhihhE5btile_24': Complete partitioning on dimension 1.
INFO: [HLS 214-248] Applying array_partition to '_ZZ11conv_enginePK7ap_uintILi32EES2_S2_PK6ap_intILi32EEPS3_ILi8EEtttthhhihhE5btile_23': Complete partitioning on dimension 1.
INFO: [HLS 214-248] Applying array_partition to '_ZZ11conv_enginePK7ap_uintILi32EES2_S2_PK6ap_intILi32EEPS3_ILi8EEtttthhhihhE5btile_22': Complete partitioning on dimension 1.
INFO: [HLS 214-248] Applying array_partition to '_ZZ11conv_enginePK7ap_uintILi32EES2_S2_PK6ap_intILi32EEPS3_ILi8EEtttthhhihhE5btile_21': Complete partitioning on dimension 1.
INFO: [HLS 214-248] Applying array_partition to '_ZZ11conv_enginePK7ap_uintILi32EES2_S2_PK6ap_intILi32EEPS3_ILi8EEtttthhhihhE5btile_20': Complete partitioning on dimension 1.
INFO: [HLS 214-248] Applying array_partition to '_ZZ11conv_enginePK7ap_uintILi32EES2_S2_PK6ap_intILi32EEPS3_ILi8EEtttthhhihhE5btile_2': Complete partitioning on dimension 1.
INFO: [HLS 214-248] Applying array_partition to '_ZZ11conv_enginePK7ap_uintILi32EES2_S2_PK6ap_intILi32EEPS3_ILi8EEtttthhhihhE5btile_19': Complete partitioning on dimension 1.
INFO: [HLS 214-248] Applying array_partition to '_ZZ11conv_enginePK7ap_uintILi32EES2_S2_PK6ap_intILi32EEPS3_ILi8EEtttthhhihhE5btile_18': Complete partitioning on dimension 1.
INFO: [HLS 214-248] Applying array_partition to '_ZZ11conv_enginePK7ap_uintILi32EES2_S2_PK6ap_intILi32EEPS3_ILi8EEtttthhhihhE5btile_17': Complete partitioning on dimension 1.
INFO: [HLS 214-248] Applying array_partition to '_ZZ11conv_enginePK7ap_uintILi32EES2_S2_PK6ap_intILi32EEPS3_ILi8EEtttthhhihhE5btile_16': Complete partitioning on dimension 1.
INFO: [HLS 214-248] Applying array_partition to '_ZZ11conv_enginePK7ap_uintILi32EES2_S2_PK6ap_intILi32EEPS3_ILi8EEtttthhhihhE5btile_15': Complete partitioning on dimension 1.
INFO: [HLS 214-248] Applying array_partition to '_ZZ11conv_enginePK7ap_uintILi32EES2_S2_PK6ap_intILi32EEPS3_ILi8EEtttthhhihhE5btile_14': Complete partitioning on dimension 1.
INFO: [HLS 214-248] Applying array_partition to '_ZZ11conv_enginePK7ap_uintILi32EES2_S2_PK6ap_intILi32EEPS3_ILi8EEtttthhhihhE5btile_13': Complete partitioning on dimension 1.
INFO: [HLS 214-248] Applying array_partition to '_ZZ11conv_enginePK7ap_uintILi32EES2_S2_PK6ap_intILi32EEPS3_ILi8EEtttthhhihhE5btile_12': Complete partitioning on dimension 1.
INFO: [HLS 214-248] Applying array_partition to '_ZZ11conv_enginePK7ap_uintILi32EES2_S2_PK6ap_intILi32EEPS3_ILi8EEtttthhhihhE5btile_11': Complete partitioning on dimension 1.
INFO: [HLS 214-248] Applying array_partition to '_ZZ11conv_enginePK7ap_uintILi32EES2_S2_PK6ap_intILi32EEPS3_ILi8EEtttthhhihhE5btile_10': Complete partitioning on dimension 1.
INFO: [HLS 214-248] Applying array_partition to '_ZZ11conv_enginePK7ap_uintILi32EES2_S2_PK6ap_intILi32EEPS3_ILi8EEtttthhhihhE5btile_1': Complete partitioning on dimension 1.
INFO: [HLS 214-248] Applying array_partition to '_ZZ11conv_enginePK7ap_uintILi32EES2_S2_PK6ap_intILi32EEPS3_ILi8EEtttthhhihhE5btile_0': Complete partitioning on dimension 1.
INFO: [HLS 214-115] Multiple burst reads of variable length and bit width 32 in loop 'LOAD_W_IC4'(HW/conv_engine.cpp:211:25) has been inferred on bundle 'RD_BUS'. These burst requests might be further partitioned into multiple requests during RTL generation, based on max_read_burst_length or max_write_burst_length settings. (HW/conv_engine.cpp:211:25)
INFO: [HLS 214-115] Multiple burst reads of variable length and bit width 32 in loop 'LOAD_W_IC4'(HW/conv_engine.cpp:211:25) has been inferred on bundle 'RD_BUS2'. These burst requests might be further partitioned into multiple requests during RTL generation, based on max_read_burst_length or max_write_burst_length settings. (HW/conv_engine.cpp:211:25)
INFO: [HLS 214-115] Multiple burst writes of variable length and bit width 8 in loop 'FINISH_WR'(HW/conv_engine.cpp:1374:17) has been inferred on bundle 'WR_BUS'. These burst requests might be further partitioned into multiple requests during RTL generation, based on max_read_burst_length or max_write_burst_length settings. (HW/conv_engine.cpp:1374:17)
INFO: [HLS 200-111] Finished Compiling Optimization and Transform: CPU user time: 1 seconds. CPU system time: 0 seconds. Elapsed time: 30.307 seconds; current allocated memory: 618.492 MB.
INFO: [HLS 200-111] Finished Checking Pragmas: CPU user time: 0 seconds. CPU system time: 0 seconds. Elapsed time: 0.004 seconds; current allocated memory: 618.520 MB.
INFO: [HLS 200-10] Starting code transformations ...
INFO: [HLS 200-111] Finished Standard Transforms: CPU user time: 1 seconds. CPU system time: 0 seconds. Elapsed time: 0.994 seconds; current allocated memory: 642.129 MB.
INFO: [HLS 200-10] Checking synthesizability ...
WARNING: [SYNCHK 200-23] HW/pack4.h:91: variable-indexed range selection may cause suboptimal QoR.
INFO: [SYNCHK 200-10] 0 error(s), 1 warning(s).
INFO: [HLS 200-111] Finished Checking Synthesizability: CPU user time: 1 seconds. CPU system time: 0 seconds. Elapsed time: 0.621 seconds; current allocated memory: 649.078 MB.
INFO: [XFORM 203-401] Performing if-conversion on hyperblock from (HW/conv_engine.cpp:794:29) to (HW/conv_engine.cpp:814:13) in function 'conv_engine'... converting 8 basic blocks.
INFO: [XFORM 203-401] Performing if-conversion on hyperblock from (HW/conv_engine.cpp:794:29) to (HW/conv_engine.cpp:814:13) in function 'conv_engine'... converting 8 basic blocks.
INFO: [XFORM 203-401] Performing if-conversion on hyperblock from (HW/conv_engine.cpp:794:29) to (HW/conv_engine.cpp:814:13) in function 'conv_engine'... converting 8 basic blocks.
INFO: [XFORM 203-401] Performing if-conversion on hyperblock from (HW/conv_engine.cpp:794:29) to (HW/conv_engine.cpp:814:13) in function 'conv_engine'... converting 8 basic blocks.
INFO: [XFORM 203-401] Performing if-conversion on hyperblock from (HW/conv_engine.cpp:990:9) to (HW/conv_engine.cpp:989:21) in function 'conv_engine'... converting 129 basic blocks.
INFO: [XFORM 203-401] Performing if-conversion on hyperblock from (HW/conv_engine.cpp:1375:9) to (HW/conv_engine.cpp:1374:17) in function 'conv_engine'... converting 7 basic blocks.
INFO: [XFORM 203-401] Performing if-conversion on hyperblock from (HW/conv_engine.cpp:871:9) to (HW/conv_engine.cpp:983:13) in function 'conv_engine'... converting 3 basic blocks.
INFO: [XFORM 203-401] Performing if-conversion on hyperblock from (HW/conv_engine.cpp:926:23) to (HW/conv_engine.cpp:1313:17) in function 'conv_engine'... converting 66 basic blocks.
INFO: [XFORM 203-401] Performing if-conversion on hyperblock from (HW/conv_engine.cpp:1400:16) to (HW/conv_engine.cpp:1627:5) in function 'conv_engine'... converting 4 basic blocks.
INFO: [XFORM 203-11] Balancing expressions in function 'conv_engine' (HW/conv_engine.cpp:11:52)...113 expression(s) balanced.
INFO: [HLS 200-111] Finished Loop, function and other optimizations: CPU user time: 4 seconds. CPU system time: 0 seconds. Elapsed time: 4.313 seconds; current allocated memory: 702.973 MB.
INFO: [HLS 200-2061] Successfully converted nested loops 'MAC_KY'(HW/conv_engine.cpp:986:17) and 'MAC_KX'(HW/conv_engine.cpp:989:21) in function 'conv_engine' into perfectly nested loops.
INFO: [HLS 200-2061] Successfully converted nested loops 'MAC_REDUCE'(HW/conv_engine.cpp:983:13) and 'MAC_KY'(HW/conv_engine.cpp:986:17) in function 'conv_engine' into perfectly nested loops.
INFO: [XFORM 203-541] Flattening a loop nest 'MAC_KY' (HW/conv_engine.cpp:986:17) in function 'conv_engine'.
INFO: [XFORM 203-541] Flattening a loop nest 'MAC_REDUCE' (HW/conv_engine.cpp:983:13) in function 'conv_engine'.
INFO: [HLS 200-111] Finished Architecture Synthesis: CPU user time: 2 seconds. CPU system time: 0 seconds. Elapsed time: 2.245 seconds; current allocated memory: 746.352 MB.
INFO: [HLS 200-10] Starting hardware synthesis ...
INFO: [HLS 200-10] Synthesizing 'conv_engine' ...
WARNING: [SYN 201-303] Cannot apply functional unit assignment of 'AddSub_DSP' (HW/conv_engine.cpp:970->HW/conv_engine.cpp:1670): '' does not exist or is optimized away.
WARNING: [SYN 201-303] Cannot apply functional unit assignment of 'AddSub_DSP' (HW/conv_engine.cpp:970->HW/conv_engine.cpp:1670): '' does not exist or is optimized away.
WARNING: [SYN 201-303] Cannot apply functional unit assignment of 'AddSub_DSP' (HW/conv_engine.cpp:970->HW/conv_engine.cpp:1670): '' does not exist or is optimized away.
WARNING: [SYN 201-303] Cannot apply functional unit assignment of 'AddSub_DSP' (HW/conv_engine.cpp:970->HW/conv_engine.cpp:1670): '' does not exist or is optimized away.
WARNING: [SYN 201-303] Cannot apply functional unit assignment of 'AddSub_DSP' (HW/conv_engine.cpp:970->HW/conv_engine.cpp:1670): '' does not exist or is optimized away.
WARNING: [SYN 201-303] Cannot apply functional unit assignment of 'AddSub_DSP' (HW/conv_engine.cpp:970->HW/conv_engine.cpp:1670): '' does not exist or is optimized away.
WARNING: [SYN 201-303] Cannot apply functional unit assignment of 'AddSub_DSP' (HW/conv_engine.cpp:970->HW/conv_engine.cpp:1670): '' does not exist or is optimized away.
WARNING: [SYN 201-303] Cannot apply functional unit assignment of 'AddSub_DSP' (HW/conv_engine.cpp:970->HW/conv_engine.cpp:1670): '' does not exist or is optimized away.
WARNING: [SYN 201-303] Cannot apply functional unit assignment of 'AddSub_DSP' (HW/conv_engine.cpp:970->HW/conv_engine.cpp:1670): '' does not exist or is optimized away.
WARNING: [SYN 201-303] Cannot apply functional unit assignment of 'AddSub_DSP' (HW/conv_engine.cpp:970->HW/conv_engine.cpp:1670): '' does not exist or is optimized away.
WARNING: [SYN 201-303] Cannot apply functional unit assignment of 'AddSub_DSP' (HW/conv_engine.cpp:970->HW/conv_engine.cpp:1670): '' does not exist or is optimized away.
WARNING: [SYN 201-303] Cannot apply functional unit assignment of 'AddSub_DSP' (HW/conv_engine.cpp:970->HW/conv_engine.cpp:1670): '' does not exist or is optimized away.
WARNING: [SYN 201-303] Cannot apply functional unit assignment of 'AddSub_DSP' (HW/conv_engine.cpp:970->HW/conv_engine.cpp:1670): '' does not exist or is optimized away.
WARNING: [SYN 201-303] Cannot apply functional unit assignment of 'AddSub_DSP' (HW/conv_engine.cpp:970->HW/conv_engine.cpp:1670): '' does not exist or is optimized away.
WARNING: [SYN 201-303] Cannot apply functional unit assignment of 'AddSub_DSP' (HW/conv_engine.cpp:970->HW/conv_engine.cpp:1670): '' does not exist or is optimized away.
WARNING: [SYN 201-303] Cannot apply functional unit assignment of 'AddSub_DSP' (HW/conv_engine.cpp:970->HW/conv_engine.cpp:1670): '' does not exist or is optimized away.
INFO: [HLS 200-10] ----------------------------------------------------------------
INFO: [HLS 200-42] -- Implementing module 'conv_engine_Pipeline_LOAD_W_IC_SLOW' 
INFO: [HLS 200-10] ----------------------------------------------------------------
INFO: [SCHED 204-11] Starting scheduling ...
INFO: [SCHED 204-61] Pipelining loop 'LOAD_W_IC_SLOW'.
INFO: [HLS 200-1470] Pipelining result : Target II = 1, Final II = 1, Depth = 12, loop 'LOAD_W_IC_SLOW'
INFO: [SCHED 204-11] Finished scheduling.
INFO: [HLS 200-111] Finished Scheduling: CPU user time: 0 seconds. CPU system time: 0 seconds. Elapsed time: 0.729 seconds; current allocated memory: 749.691 MB.
INFO: [BIND 205-100] Starting micro-architecture generation ...
INFO: [BIND 205-101] Performing variable lifetime analysis.
INFO: [BIND 205-101] Exploring resource sharing.
INFO: [BIND 205-101] Binding ...
INFO: [BIND 205-100] Finished micro-architecture generation.
INFO: [HLS 200-111] Finished Binding: CPU user time: 0 seconds. CPU system time: 0 seconds. Elapsed time: 0.126 seconds; current allocated memory: 750.703 MB.
INFO: [HLS 200-10] ----------------------------------------------------------------
INFO: [HLS 200-42] -- Implementing module 'conv_engine_Pipeline_LOAD_W_IC4' 
INFO: [HLS 200-10] ----------------------------------------------------------------
INFO: [SCHED 204-11] Starting scheduling ...
INFO: [SCHED 204-61] Pipelining loop 'LOAD_W_IC4'.
INFO: [HLS 200-1470] Pipelining result : Target II = 1, Final II = 1, Depth = 3, loop 'LOAD_W_IC4'
INFO: [SCHED 204-11] Finished scheduling.
INFO: [HLS 200-111] Finished Scheduling: CPU user time: 1 seconds. CPU system time: 0 seconds. Elapsed time: 0.27 seconds; current allocated memory: 750.758 MB.
INFO: [BIND 205-100] Starting micro-architecture generation ...
INFO: [BIND 205-101] Performing variable lifetime analysis.
INFO: [BIND 205-101] Exploring resource sharing.
INFO: [BIND 205-101] Binding ...
INFO: [BIND 205-100] Finished micro-architecture generation.
INFO: [HLS 200-111] Finished Binding: CPU user time: 0 seconds. CPU system time: 0 seconds. Elapsed time: 0.124 seconds; current allocated memory: 750.758 MB.
INFO: [HLS 200-10] ----------------------------------------------------------------
INFO: [HLS 200-42] -- Implementing module 'conv_engine_Pipeline_READ_CH_ELEMS' 
INFO: [HLS 200-10] ----------------------------------------------------------------
INFO: [SCHED 204-11] Starting scheduling ...
INFO: [SCHED 204-61] Pipelining loop 'READ_CH_ELEMS'.
INFO: [HLS 200-1470] Pipelining result : Target II = 1, Final II = 1, Depth = 12, loop 'READ_CH_ELEMS'
INFO: [SCHED 204-11] Finished scheduling.
INFO: [HLS 200-111] Finished Scheduling: CPU user time: 0 seconds. CPU system time: 0 seconds. Elapsed time: 0.22 seconds; current allocated memory: 750.758 MB.
INFO: [BIND 205-100] Starting micro-architecture generation ...
INFO: [BIND 205-101] Performing variable lifetime analysis.
INFO: [BIND 205-101] Exploring resource sharing.
INFO: [BIND 205-101] Binding ...
INFO: [BIND 205-100] Finished micro-architecture generation.
INFO: [HLS 200-111] Finished Binding: CPU user time: 0 seconds. CPU system time: 0 seconds. Elapsed time: 0.087 seconds; current allocated memory: 750.758 MB.
INFO: [HLS 200-10] ----------------------------------------------------------------
INFO: [HLS 200-42] -- Implementing module 'conv_engine_Pipeline_FUSED_SHIFT_STEP' 
INFO: [HLS 200-10] ----------------------------------------------------------------
INFO: [SCHED 204-11] Starting scheduling ...
INFO: [SCHED 204-61] Pipelining loop 'FUSED_SHIFT_STEP'.
WARNING: [HLS 200-885] The II Violation in module 'conv_engine_Pipeline_FUSED_SHIFT_STEP' (loop 'FUSED_SHIFT_STEP'): Unable to schedule 'store' operation 0 bit ('p_ZZL16scan_and_computePK7ap_uintILi32EEP6ap_intILi8EEjjjjjjjjjjjjPA16_A64_A3_A3_136_write_ln815', HW/conv_engine.cpp:815->HW/conv_engine.cpp:1670) of variable 'p_ZZL16scan_and_computePK7ap_uintILi32EEP6ap_intILi8EEjjjjjjjjjjjjPA16_A64_A3_A3_137', HW/conv_engine.cpp:815->HW/conv_engine.cpp:1670 on array 'p_ZZL16scan_and_computePK7ap_uintILi32EEP6ap_intILi8EEjjjjjjjjjjjjPA16_A64_A3_A3_42' due to limited memory ports (II = 1). Please consider using a memory core with more ports or partitioning the array 'p_ZZL16scan_and_computePK7ap_uintILi32EEP6ap_intILi8EEjjjjjjjjjjjjPA16_A64_A3_A3_42'.
Resolution: For help on HLS 200-885 see docs.xilinx.com/access/sources/dita/topic?Doc_Version=2024.2%20English&url=ug1448-hls-guidance&resourceid=200-885.html
INFO: [HLS 200-1470] Pipelining result : Target II = 1, Final II = 2, Depth = 13, loop 'FUSED_SHIFT_STEP'
INFO: [SCHED 204-11] Finished scheduling.
INFO: [HLS 200-111] Finished Scheduling: CPU user time: 0 seconds. CPU system time: 0 seconds. Elapsed time: 0.397 seconds; current allocated memory: 751.520 MB.
INFO: [BIND 205-100] Starting micro-architecture generation ...
INFO: [BIND 205-101] Performing variable lifetime analysis.
INFO: [BIND 205-101] Exploring resource sharing.
INFO: [BIND 205-101] Binding ...
INFO: [BIND 205-100] Finished micro-architecture generation.
INFO: [HLS 200-111] Finished Binding: CPU user time: 0 seconds. CPU system time: 0 seconds. Elapsed time: 0.152 seconds; current allocated memory: 751.535 MB.
INFO: [HLS 200-10] ----------------------------------------------------------------
INFO: [HLS 200-42] -- Implementing module 'conv_engine_Pipeline_MAC_REDUCE_MAC_KY_MAC_KX' 
INFO: [HLS 200-10] ----------------------------------------------------------------
INFO: [SCHED 204-11] Starting scheduling ...
INFO: [SCHED 204-61] Pipelining loop 'MAC_REDUCE_MAC_KY_MAC_KX'.
INFO: [HLS 200-1470] Pipelining result : Target II = 1, Final II = 1, Depth = 10, loop 'MAC_REDUCE_MAC_KY_MAC_KX'
WARNING: [HLS 200-871] Estimated clock period (7.659 ns) exceeds the target (target clock period: 10.000 ns, clock uncertainty: 2.700 ns, effective delay budget: 7.300 ns).
Resolution: For help on HLS 200-871 see docs.xilinx.com/access/sources/dita/topic?Doc_Version=2024.2%20English&url=ug1448-hls-guidance&resourceid=200-871.html
WARNING: [HLS 200-1016] The critical path in module 'conv_engine_Pipeline_MAC_REDUCE_MAC_KY_MAC_KX' consists of the following:
	'load' operation 8 bit ('kx_load', HW/conv_engine.cpp:989->HW/conv_engine.cpp:1670) on local variable 'kx', HW/conv_engine.cpp:989->HW/conv_engine.cpp:1670 [513]  (0.000 ns)
	'icmp' operation 1 bit ('icmp_ln989', HW/conv_engine.cpp:989->HW/conv_engine.cpp:1670) [555]  (1.915 ns)
	'select' operation 1 bit ('select_ln983_65', HW/conv_engine.cpp:983->HW/conv_engine.cpp:1670) [556]  (0.993 ns)
	'or' operation 1 bit ('empty_207', HW/conv_engine.cpp:983->HW/conv_engine.cpp:1670) [591]  (0.000 ns)
	'select' operation 8 bit ('kx_1_mid2', HW/conv_engine.cpp:983->HW/conv_engine.cpp:1670) [592]  (1.248 ns)
	'add' operation 8 bit ('add_ln989', HW/conv_engine.cpp:989->HW/conv_engine.cpp:1670) [2194]  (1.915 ns)
	'store' operation 0 bit ('kx_write_ln989', HW/conv_engine.cpp:989->HW/conv_engine.cpp:1670) of variable 'add_ln989', HW/conv_engine.cpp:989->HW/conv_engine.cpp:1670 on local variable 'kx', HW/conv_engine.cpp:989->HW/conv_engine.cpp:1670 [2233]  (1.588 ns)

Resolution: For help on HLS 200-1016 see docs.xilinx.com/access/sources/dita/topic?Doc_Version=2024.2%20English&url=ug1448-hls-guidance&resourceid=200-1016.html
INFO: [SCHED 204-11] Finished scheduling.
INFO: [HLS 200-111] Finished Scheduling: CPU user time: 1 seconds. CPU system time: 0 seconds. Elapsed time: 1.324 seconds; current allocated memory: 774.496 MB.
INFO: [BIND 205-100] Starting micro-architecture generation ...
INFO: [BIND 205-101] Performing variable lifetime analysis.
INFO: [BIND 205-101] Exploring resource sharing.
INFO: [BIND 205-101] Binding ...
INFO: [BIND 205-100] Finished micro-architecture generation.
INFO: [HLS 200-111] Finished Binding: CPU user time: 1 seconds. CPU system time: 0 seconds. Elapsed time: 0.417 seconds; current allocated memory: 774.531 MB.
INFO: [HLS 200-10] ----------------------------------------------------------------
INFO: [HLS 200-42] -- Implementing module 'conv_engine_Pipeline_FINISH_WR' 
INFO: [HLS 200-10] ----------------------------------------------------------------
INFO: [SCHED 204-11] Starting scheduling ...
INFO: [SCHED 204-61] Pipelining loop 'FINISH_WR'.
INFO: [HLS 200-1470] Pipelining result : Target II = 1, Final II = 1, Depth = 11, loop 'FINISH_WR'
INFO: [SCHED 204-11] Finished scheduling.
INFO: [HLS 200-111] Finished Scheduling: CPU user time: 0 seconds. CPU system time: 0 seconds. Elapsed time: 0.461 seconds; current allocated memory: 774.535 MB.
INFO: [BIND 205-100] Starting micro-architecture generation ...
INFO: [BIND 205-101] Performing variable lifetime analysis.
INFO: [BIND 205-101] Exploring resource sharing.
INFO: [BIND 205-101] Binding ...
INFO: [BIND 205-100] Finished micro-architecture generation.
INFO: [HLS 200-111] Finished Binding: CPU user time: 0 seconds. CPU system time: 0 seconds. Elapsed time: 0.105 seconds; current allocated memory: 774.543 MB.
INFO: [HLS 200-10] ----------------------------------------------------------------
INFO: [HLS 200-42] -- Implementing module 'conv_engine' 
INFO: [HLS 200-10] ----------------------------------------------------------------
INFO: [SCHED 204-11] Starting scheduling ...
INFO: [HLS 200-486] Changing DSP latency (root=add_ln1627) to 3 in order to utilize available DSP registers.
INFO: [HLS 200-486] Changing DSP latency (root=in_c) to 3 in order to utilize available DSP registers.
INFO: [HLS 200-486] Changing DSP latency (root=add_ln872) to 3 in order to utilize available DSP registers.
INFO: [SCHED 204-11] Finished scheduling.
INFO: [HLS 200-111] Finished Scheduling: CPU user time: 1 seconds. CPU system time: 0 seconds. Elapsed time: 0.852 seconds; current allocated memory: 782.383 MB.
INFO: [BIND 205-100] Starting micro-architecture generation ...
INFO: [BIND 205-101] Performing variable lifetime analysis.
INFO: [BIND 205-101] Exploring resource sharing.
INFO: [BIND 205-101] Binding ...
INFO: [BIND 205-100] Finished micro-architecture generation.
INFO: [HLS 200-111] Finished Binding: CPU user time: 0 seconds. CPU system time: 0 seconds. Elapsed time: 0.37 seconds; current allocated memory: 782.664 MB.
INFO: [HLS 200-10] ----------------------------------------------------------------
INFO: [HLS 200-10] -- Generating RTL for module 'conv_engine_Pipeline_LOAD_W_IC_SLOW' 
INFO: [HLS 200-10] ----------------------------------------------------------------
INFO: [HLS 200-1030] Apply Unified Pipeline Control on module 'conv_engine_Pipeline_LOAD_W_IC_SLOW' pipeline 'LOAD_W_IC_SLOW' pipeline type 'loop pipeline'
INFO: [RTGEN 206-100] Generating core module 'partselect_8ns_32ns_32ns_8_1_1': 2 instance(s).
INFO: [RTGEN 206-100] Finished creating RTL model for 'conv_engine_Pipeline_LOAD_W_IC_SLOW'.
INFO: [HLS 200-111] Finished Creating RTL model: CPU user time: 0 seconds. CPU system time: 0 seconds. Elapsed time: 0.543 seconds; current allocated memory: 784.715 MB.
INFO: [HLS 200-10] ----------------------------------------------------------------
INFO: [HLS 200-10] -- Generating RTL for module 'conv_engine_Pipeline_LOAD_W_IC4' 
INFO: [HLS 200-10] ----------------------------------------------------------------
INFO: [HLS 200-1030] Apply Unified Pipeline Control on module 'conv_engine_Pipeline_LOAD_W_IC4' pipeline 'LOAD_W_IC4' pipeline type 'loop pipeline'
WARNING: [RTGEN 206-101] Setting dangling out port 'conv_engine_Pipeline_LOAD_W_IC4/m_axi_RD_BUS_0_ARVALID' to 0.
WARNING: [RTGEN 206-101] Setting dangling out port 'conv_engine_Pipeline_LOAD_W_IC4/m_axi_RD_BUS_0_ARADDR' to 0.
WARNING: [RTGEN 206-101] Setting dangling out port 'conv_engine_Pipeline_LOAD_W_IC4/m_axi_RD_BUS_0_ARID' to 0.
WARNING: [RTGEN 206-101] Setting dangling out port 'conv_engine_Pipeline_LOAD_W_IC4/m_axi_RD_BUS_0_ARLEN' to 0.
WARNING: [RTGEN 206-101] Setting dangling out port 'conv_engine_Pipeline_LOAD_W_IC4/m_axi_RD_BUS_0_ARSIZE' to 0.
WARNING: [RTGEN 206-101] Setting dangling out port 'conv_engine_Pipeline_LOAD_W_IC4/m_axi_RD_BUS_0_ARBURST' to 0.
WARNING: [RTGEN 206-101] Setting dangling out port 'conv_engine_Pipeline_LOAD_W_IC4/m_axi_RD_BUS_0_ARLOCK' to 0.
WARNING: [RTGEN 206-101] Setting dangling out port 'conv_engine_Pipeline_LOAD_W_IC4/m_axi_RD_BUS_0_ARCACHE' to 0.
WARNING: [RTGEN 206-101] Setting dangling out port 'conv_engine_Pipeline_LOAD_W_IC4/m_axi_RD_BUS_0_ARPROT' to 0.
WARNING: [RTGEN 206-101] Setting dangling out port 'conv_engine_Pipeline_LOAD_W_IC4/m_axi_RD_BUS_0_ARQOS' to 0.
WARNING: [RTGEN 206-101] Setting dangling out port 'conv_engine_Pipeline_LOAD_W_IC4/m_axi_RD_BUS_0_ARREGION' to 0.
WARNING: [RTGEN 206-101] Setting dangling out port 'conv_engine_Pipeline_LOAD_W_IC4/m_axi_RD_BUS_0_ARUSER' to 0.
WARNING: [RTGEN 206-101] Setting dangling out port 'conv_engine_Pipeline_LOAD_W_IC4/m_axi_RD_BUS2_0_ARVALID' to 0.
WARNING: [RTGEN 206-101] Setting dangling out port 'conv_engine_Pipeline_LOAD_W_IC4/m_axi_RD_BUS2_0_ARADDR' to 0.
WARNING: [RTGEN 206-101] Setting dangling out port 'conv_engine_Pipeline_LOAD_W_IC4/m_axi_RD_BUS2_0_ARID' to 0.
WARNING: [RTGEN 206-101] Setting dangling out port 'conv_engine_Pipeline_LOAD_W_IC4/m_axi_RD_BUS2_0_ARLEN' to 0.
WARNING: [RTGEN 206-101] Setting dangling out port 'conv_engine_Pipeline_LOAD_W_IC4/m_axi_RD_BUS2_0_ARSIZE' to 0.
WARNING: [RTGEN 206-101] Setting dangling out port 'conv_engine_Pipeline_LOAD_W_IC4/m_axi_RD_BUS2_0_ARBURST' to 0.
WARNING: [RTGEN 206-101] Setting dangling out port 'conv_engine_Pipeline_LOAD_W_IC4/m_axi_RD_BUS2_0_ARLOCK' to 0.
WARNING: [RTGEN 206-101] Setting dangling out port 'conv_engine_Pipeline_LOAD_W_IC4/m_axi_RD_BUS2_0_ARCACHE' to 0.
WARNING: [RTGEN 206-101] Setting dangling out port 'conv_engine_Pipeline_LOAD_W_IC4/m_axi_RD_BUS2_0_ARPROT' to 0.
WARNING: [RTGEN 206-101] Setting dangling out port 'conv_engine_Pipeline_LOAD_W_IC4/m_axi_RD_BUS2_0_ARQOS' to 0.
WARNING: [RTGEN 206-101] Setting dangling out port 'conv_engine_Pipeline_LOAD_W_IC4/m_axi_RD_BUS2_0_ARREGION' to 0.
WARNING: [RTGEN 206-101] Setting dangling out port 'conv_engine_Pipeline_LOAD_W_IC4/m_axi_RD_BUS2_0_ARUSER' to 0.
INFO: [RTGEN 206-100] Finished creating RTL model for 'conv_engine_Pipeline_LOAD_W_IC4'.
INFO: [HLS 200-111] Finished Creating RTL model: CPU user time: 1 seconds. CPU system time: 1 seconds. Elapsed time: 1.223 seconds; current allocated memory: 792.199 MB.
INFO: [HLS 200-10] ----------------------------------------------------------------
INFO: [HLS 200-10] -- Generating RTL for module 'conv_engine_Pipeline_READ_CH_ELEMS' 
INFO: [HLS 200-10] ----------------------------------------------------------------
INFO: [HLS 200-1030] Apply Unified Pipeline Control on module 'conv_engine_Pipeline_READ_CH_ELEMS' pipeline 'READ_CH_ELEMS' pipeline type 'loop pipeline'
INFO: [RTGEN 206-100] Generating core module 'partselect_8ns_32ns_32ns_8_1_1': 1 instance(s).
INFO: [RTGEN 206-100] Finished creating RTL model for 'conv_engine_Pipeline_READ_CH_ELEMS'.
INFO: [HLS 200-111] Finished Creating RTL model: CPU user time: 0 seconds. CPU system time: 0 seconds. Elapsed time: 0.745 seconds; current allocated memory: 798.723 MB.
INFO: [HLS 200-10] ----------------------------------------------------------------
INFO: [HLS 200-10] -- Generating RTL for module 'conv_engine_Pipeline_FUSED_SHIFT_STEP' 
INFO: [HLS 200-10] ----------------------------------------------------------------
INFO: [SYN 201-210] Renamed object name 'conv_engine_Pipeline_FUSED_SHIFT_STEP_p_ZZL16scan_and_computePK7ap_uintILi32EEP6ap_intILi8EEjjjjjjjjjjjjPA16_A64_A3_A3_7_RAM_1P_BRAM_1R1W' to 'conv_engine_Pipeline_FUSED_SHIFT_STEP_p_ZZL16scan_and_computePK7ap_uintILi32Ebkb' due to the length limit 80
INFO: [SYN 201-210] Renamed object name 'conv_engine_Pipeline_FUSED_SHIFT_STEP_p_ZZL16scan_and_computePK7ap_uintILi32EEP6ap_intILi8EEjjjjjjjjjjjjPA16_A64_A3_A3_6_RAM_1P_BRAM_1R1W' to 'conv_engine_Pipeline_FUSED_SHIFT_STEP_p_ZZL16scan_and_computePK7ap_uintILi32Ecud' due to the length limit 80
INFO: [SYN 201-210] Renamed object name 'conv_engine_Pipeline_FUSED_SHIFT_STEP_p_ZZL16scan_and_computePK7ap_uintILi32EEP6ap_intILi8EEjjjjjjjjjjjjPA16_A64_A3_A3_5_RAM_1P_BRAM_1R1W' to 'conv_engine_Pipeline_FUSED_SHIFT_STEP_p_ZZL16scan_and_computePK7ap_uintILi32EdEe' due to the length limit 80
INFO: [SYN 201-210] Renamed object name 'conv_engine_Pipeline_FUSED_SHIFT_STEP_p_ZZL16scan_and_computePK7ap_uintILi32EEP6ap_intILi8EEjjjjjjjjjjjjPA16_A64_A3_A3_4_RAM_1P_BRAM_1R1W' to 'conv_engine_Pipeline_FUSED_SHIFT_STEP_p_ZZL16scan_and_computePK7ap_uintILi32EeOg' due to the length limit 80
INFO: [SYN 201-210] Renamed object name 'conv_engine_Pipeline_FUSED_SHIFT_STEP_p_ZZL16scan_and_computePK7ap_uintILi32EEP6ap_intILi8EEjjjjjjjjjjjjPA16_A64_A3_A3_3_RAM_1P_BRAM_1R1W' to 'conv_engine_Pipeline_FUSED_SHIFT_STEP_p_ZZL16scan_and_computePK7ap_uintILi32EfYi' due to the length limit 80
INFO: [SYN 201-210] Renamed object name 'conv_engine_Pipeline_FUSED_SHIFT_STEP_p_ZZL16scan_and_computePK7ap_uintILi32EEP6ap_intILi8EEjjjjjjjjjjjjPA16_A64_A3_A3_2_RAM_1P_BRAM_1R1W' to 'conv_engine_Pipeline_FUSED_SHIFT_STEP_p_ZZL16scan_and_computePK7ap_uintILi32Eg8j' due to the length limit 80
INFO: [SYN 201-210] Renamed object name 'conv_engine_Pipeline_FUSED_SHIFT_STEP_p_ZZL16scan_and_computePK7ap_uintILi32EEP6ap_intILi8EEjjjjjjjjjjjjPA16_A64_A3_A3_1_RAM_1P_BRAM_1R1W' to 'conv_engine_Pipeline_FUSED_SHIFT_STEP_p_ZZL16scan_and_computePK7ap_uintILi32Ehbi' due to the length limit 80
INFO: [SYN 201-210] Renamed object name 'conv_engine_Pipeline_FUSED_SHIFT_STEP_p_ZZL16scan_and_computePK7ap_uintILi32EEP6ap_intILi8EEjjjjjjjjjjjjPA16_A64_A3_A3_s_RAM_1P_BRAM_1R1W' to 'conv_engine_Pipeline_FUSED_SHIFT_STEP_p_ZZL16scan_and_computePK7ap_uintILi32Eibs' due to the length limit 80
INFO: [HLS 200-1030] Apply Unified Pipeline Control on module 'conv_engine_Pipeline_FUSED_SHIFT_STEP' pipeline 'FUSED_SHIFT_STEP' pipeline type 'loop pipeline'
INFO: [RTGEN 206-100] Finished creating RTL model for 'conv_engine_Pipeline_FUSED_SHIFT_STEP'.
INFO: [RTMG 210-278] Implementing memory 'conv_engine_conv_engine_Pipeline_FUSED_SHIFT_STEP_p_ZZL16scan_and_computePK7ap_uintILi32Ebkb' using block RAMs.
INFO: [HLS 200-111] Finished Creating RTL model: CPU user time: 1 seconds. CPU system time: 0 seconds. Elapsed time: 0.568 seconds; current allocated memory: 803.090 MB.
INFO: [HLS 200-10] ----------------------------------------------------------------
INFO: [HLS 200-10] -- Generating RTL for module 'conv_engine_Pipeline_MAC_REDUCE_MAC_KY_MAC_KX' 
INFO: [HLS 200-10] ----------------------------------------------------------------
INFO: [HLS 200-1030] Apply Unified Pipeline Control on module 'conv_engine_Pipeline_MAC_REDUCE_MAC_KY_MAC_KX' pipeline 'MAC_REDUCE_MAC_KY_MAC_KX' pipeline type 'loop pipeline'
INFO: [RTGEN 206-104] Estimated max fanout for 'conv_engine_Pipeline_MAC_REDUCE_MAC_KY_MAC_KX' is 5751 from HDL expression: (1'b0 == ap_block_pp0_stage0_11001)
INFO: [RTGEN 206-100] Generating core module 'mul_24s_8s_32_3_1': 64 instance(s).
INFO: [RTGEN 206-100] Generating core module 'sparsemux_7_2_8_1_1': 16 instance(s).
INFO: [RTGEN 206-100] Finished creating RTL model for 'conv_engine_Pipeline_MAC_REDUCE_MAC_KY_MAC_KX'.
INFO: [HLS 200-111] Finished Creating RTL model: CPU user time: 0 seconds. CPU system time: 1 seconds. Elapsed time: 1.571 seconds; current allocated memory: 827.176 MB.
INFO: [HLS 200-10] ----------------------------------------------------------------
INFO: [HLS 200-10] -- Generating RTL for module 'conv_engine_Pipeline_FINISH_WR' 
INFO: [HLS 200-10] ----------------------------------------------------------------
INFO: [HLS 200-1030] Apply Unified Pipeline Control on module 'conv_engine_Pipeline_FINISH_WR' pipeline 'FINISH_WR' pipeline type 'loop pipeline'
WARNING: [RTGEN 206-101] Setting dangling out port 'conv_engine_Pipeline_FINISH_WR/m_axi_WR_BUS_0_AWVALID' to 0.
WARNING: [RTGEN 206-101] Setting dangling out port 'conv_engine_Pipeline_FINISH_WR/m_axi_WR_BUS_0_AWADDR' to 0.
WARNING: [RTGEN 206-101] Setting dangling out port 'conv_engine_Pipeline_FINISH_WR/m_axi_WR_BUS_0_AWID' to 0.
WARNING: [RTGEN 206-101] Setting dangling out port 'conv_engine_Pipeline_FINISH_WR/m_axi_WR_BUS_0_AWLEN' to 0.
WARNING: [RTGEN 206-101] Setting dangling out port 'conv_engine_Pipeline_FINISH_WR/m_axi_WR_BUS_0_AWSIZE' to 0.
WARNING: [RTGEN 206-101] Setting dangling out port 'conv_engine_Pipeline_FINISH_WR/m_axi_WR_BUS_0_AWBURST' to 0.
WARNING: [RTGEN 206-101] Setting dangling out port 'conv_engine_Pipeline_FINISH_WR/m_axi_WR_BUS_0_AWLOCK' to 0.
WARNING: [RTGEN 206-101] Setting dangling out port 'conv_engine_Pipeline_FINISH_WR/m_axi_WR_BUS_0_AWCACHE' to 0.
WARNING: [RTGEN 206-101] Setting dangling out port 'conv_engine_Pipeline_FINISH_WR/m_axi_WR_BUS_0_AWPROT' to 0.
WARNING: [RTGEN 206-101] Setting dangling out port 'conv_engine_Pipeline_FINISH_WR/m_axi_WR_BUS_0_AWQOS' to 0.
WARNING: [RTGEN 206-101] Setting dangling out port 'conv_engine_Pipeline_FINISH_WR/m_axi_WR_BUS_0_AWREGION' to 0.
WARNING: [RTGEN 206-101] Setting dangling out port 'conv_engine_Pipeline_FINISH_WR/m_axi_WR_BUS_0_AWUSER' to 0.
WARNING: [RTGEN 206-101] Setting dangling out port 'conv_engine_Pipeline_FINISH_WR/m_axi_WR_BUS_0_BREADY' to 0.
INFO: [RTGEN 206-100] Generating core module 'mul_32s_32s_64_2_1': 1 instance(s).
INFO: [RTGEN 206-100] Generating core module 'mul_32s_5s_36_2_1': 1 instance(s).
INFO: [RTGEN 206-100] Generating core module 'sparsemux_65_5_32_1_1': 1 instance(s).
INFO: [RTGEN 206-100] Generating core module 'sparsemux_7_2_64_1_1': 1 instance(s).
INFO: [RTGEN 206-100] Finished creating RTL model for 'conv_engine_Pipeline_FINISH_WR'.
INFO: [HLS 200-111] Finished Creating RTL model: CPU user time: 2 seconds. CPU system time: 2 seconds. Elapsed time: 3.61 seconds; current allocated memory: 861.496 MB.
INFO: [HLS 200-10] ----------------------------------------------------------------
INFO: [HLS 200-10] -- Generating RTL for module 'conv_engine' 
INFO: [HLS 200-10] ----------------------------------------------------------------
WARNING: [RTGEN 206-101] Design contains AXI ports. Reset is fixed to synchronous and active low.
INFO: [RTGEN 206-500] Setting interface mode on port 'conv_engine/RD_BUS' to 'm_axi'.
INFO: [RTGEN 206-500] Setting interface mode on port 'conv_engine/RD_BUS2' to 'm_axi'.
INFO: [RTGEN 206-500] Setting interface mode on port 'conv_engine/WR_BUS' to 'm_axi'.
INFO: [RTGEN 206-500] Setting interface mode on port 'conv_engine/ifmap' to 's_axilite & ap_none'.
INFO: [RTGEN 206-500] Setting interface mode on port 'conv_engine/weights' to 's_axilite & ap_none'.
INFO: [RTGEN 206-500] Setting interface mode on port 'conv_engine/weights_hi' to 's_axilite & ap_none'.
INFO: [RTGEN 206-500] Setting interface mode on port 'conv_engine/bias' to 's_axilite & ap_none'.
INFO: [RTGEN 206-500] Setting interface mode on port 'conv_engine/ofmap' to 's_axilite & ap_none'.
INFO: [RTGEN 206-500] Setting interface mode on port 'conv_engine/img_h' to 's_axilite & ap_none'.
INFO: [RTGEN 206-500] Setting interface mode on port 'conv_engine/img_w' to 's_axilite & ap_none'.
INFO: [RTGEN 206-500] Setting interface mode on port 'conv_engine/in_ch' to 's_axilite & ap_none'.
INFO: [RTGEN 206-500] Setting interface mode on port 'conv_engine/out_ch' to 's_axilite & ap_none'.
INFO: [RTGEN 206-500] Setting interface mode on port 'conv_engine/k' to 's_axilite & ap_none'.
INFO: [RTGEN 206-500] Setting interface mode on port 'conv_engine/stride' to 's_axilite & ap_none'.
INFO: [RTGEN 206-500] Setting interface mode on port 'conv_engine/pad' to 's_axilite & ap_none'.
INFO: [RTGEN 206-500] Setting interface mode on port 'conv_engine/requant_multiplier' to 's_axilite & ap_none'.
INFO: [RTGEN 206-500] Setting interface mode on port 'conv_engine/requant_shift' to 's_axilite & ap_none'.
INFO: [RTGEN 206-500] Setting interface mode on port 'conv_engine/leaky_relu_enable' to 's_axilite & ap_none'.
INFO: [RTGEN 206-500] Setting interface mode on function 'conv_engine' to 's_axilite & ap_ctrl_hs'.
WARNING: [RTGEN 206-101] Register 'conv_engine_ap_uint_32_const_ap_uint_32_const_ap_uint_32_const_ap_int_32_const_ap_int_8_unsigned_short_unsigned_short_unsigned_short_unsigned_short_unsigned_char_unsigned_char_unsigned_char_int_unsigned_char_unsigned_char_bti_5' is power-on initialization.
WARNING: [RTGEN 206-101] Register 'conv_engine_ap_uint_32_const_ap_uint_32_const_ap_uint_32_const_ap_int_32_const_ap_int_8_unsigned_short_unsigned_short_unsigned_short_unsigned_short_unsigned_char_unsigned_char_unsigned_char_int_unsigned_char_unsigned_char_bti_5_0' is power-on initialization.
WARNING: [RTGEN 206-101] Register 'conv_engine_ap_uint_32_const_ap_uint_32_const_ap_uint_32_const_ap_int_32_const_ap_int_8_unsigned_short_unsigned_short_unsigned_short_unsigned_short_unsigned_char_unsigned_char_unsigned_char_int_unsigned_char_unsigned_char_bti_1' is power-on initialization.
WARNING: [RTGEN 206-101] Register 'conv_engine_ap_uint_32_const_ap_uint_32_const_ap_uint_32_const_ap_int_32_const_ap_int_8_unsigned_short_unsigned_short_unsigned_short_unsigned_short_unsigned_char_unsigned_char_unsigned_char_int_unsigned_char_unsigned_char_bti_1_40' is power-on initialization.
WARNING: [RTGEN 206-101] Register 'conv_engine_ap_uint_32_const_ap_uint_32_const_ap_uint_32_const_ap_int_32_const_ap_int_8_unsigned_short_unsigned_short_unsigned_short_unsigned_short_unsigned_char_unsigned_char_unsigned_char_int_unsigned_char_unsigned_char_bti_1_47' is power-on initialization.
WARNING: [RTGEN 206-101] Register 'conv_engine_ap_uint_32_const_ap_uint_32_const_ap_uint_32_const_ap_int_32_const_ap_int_8_unsigned_short_unsigned_short_unsigned_short_unsigned_short_unsigned_char_unsigned_char_unsigned_char_int_unsigned_char_unsigned_char_bti_1_48' is power-on initialization.
WARNING: [RTGEN 206-101] Register 'conv_engine_ap_uint_32_const_ap_uint_32_const_ap_uint_32_const_ap_int_32_const_ap_int_8_unsigned_short_unsigned_short_unsigned_short_unsigned_short_unsigned_char_unsigned_char_unsigned_char_int_unsigned_char_unsigned_char_bti_7' is power-on initialization.
WARNING: [RTGEN 206-101] Register 'conv_engine_ap_uint_32_const_ap_uint_32_const_ap_uint_32_const_ap_int_32_const_ap_int_8_unsigned_short_unsigned_short_unsigned_short_unsigned_short_unsigned_char_unsigned_char_unsigned_char_int_unsigned_char_unsigned_char_bti_6' is power-on initialization.
WARNING: [RTGEN 206-101] Register 'conv_engine_ap_uint_32_const_ap_uint_32_const_ap_uint_32_const_ap_int_32_const_ap_int_8_unsigned_short_unsigned_short_unsigned_short_unsigned_short_unsigned_char_unsigned_char_unsigned_char_int_unsigned_char_unsigned_char_bti_3_29' is power-on initialization.
WARNING: [RTGEN 206-101] Register 'conv_engine_ap_uint_32_const_ap_uint_32_const_ap_uint_32_const_ap_int_32_const_ap_int_8_unsigned_short_unsigned_short_unsigned_short_unsigned_short_unsigned_char_unsigned_char_unsigned_char_int_unsigned_char_unsigned_char_bti_2_39' is power-on initialization.
WARNING: [RTGEN 206-101] Register 'conv_engine_ap_uint_32_const_ap_uint_32_const_ap_uint_32_const_ap_int_32_const_ap_int_8_unsigned_short_unsigned_short_unsigned_short_unsigned_short_unsigned_char_unsigned_char_unsigned_char_int_unsigned_char_unsigned_char_bti_5_1' is power-on initialization.
WARNING: [RTGEN 206-101] Register 'conv_engine_ap_uint_32_const_ap_uint_32_const_ap_uint_32_const_ap_int_32_const_ap_int_8_unsigned_short_unsigned_short_unsigned_short_unsigned_short_unsigned_char_unsigned_char_unsigned_char_int_unsigned_char_unsigned_char_bti_5_2' is power-on initialization.
WARNING: [RTGEN 206-101] Register 'conv_engine_ap_uint_const_ap_uint_const_ap_uint_const_ap_int_const_ap_int_u_7' is power-on initialization.
WARNING: [RTGEN 206-101] Register 'conv_engine_ap_uint_const_ap_uint_const_ap_uint_const_ap_int_const_ap_int_u_6' is power-on initialization.
WARNING: [RTGEN 206-101] Register 'conv_engine_ap_uint_32_const_ap_uint_32_const_ap_uint_32_const_ap_int_32_const_ap_int_8_unsigned_short_unsigned_short_unsigned_short_unsigned_short_unsigned_char_unsigned_char_unsigned_char_int_unsigned_char_unsigned_char_bti_5_7' is power-on initialization.
WARNING: [RTGEN 206-101] Register 'conv_engine_ap_uint_32_const_ap_uint_32_const_ap_uint_32_const_ap_int_32_const_ap_int_8_unsigned_short_unsigned_short_unsigned_short_unsigned_short_unsigned_char_unsigned_char_unsigned_char_int_unsigned_char_unsigned_char_bti_5_8' is power-on initialization.
WARNING: [RTGEN 206-101] Register 'conv_engine_ap_uint_32_const_ap_uint_32_const_ap_uint_32_const_ap_int_32_const_ap_int_8_unsigned_short_unsigned_short_unsigned_short_unsigned_short_unsigned_char_unsigned_char_unsigned_char_int_unsigned_char_unsigned_char_bti_4_11' is power-on initialization.
WARNING: [RTGEN 206-101] Register 'conv_engine_ap_uint_32_const_ap_uint_32_const_ap_uint_32_const_ap_int_32_const_ap_int_8_unsigned_short_unsigned_short_unsigned_short_unsigned_short_unsigned_char_unsigned_char_unsigned_char_int_unsigned_char_unsigned_char_bti_4_12' is power-on initialization.
WARNING: [RTGEN 206-101] Register 'conv_engine_ap_uint_32_const_ap_uint_32_const_ap_uint_32_const_ap_int_32_const_ap_int_8_unsigned_short_unsigned_short_unsigned_short_unsigned_short_unsigned_char_unsigned_char_unsigned_char_int_unsigned_char_unsigned_char_bti_4_15' is power-on initialization.
WARNING: [RTGEN 206-101] Register 'conv_engine_ap_uint_32_const_ap_uint_32_const_ap_uint_32_const_ap_int_32_const_ap_int_8_unsigned_short_unsigned_short_unsigned_short_unsigned_short_unsigned_char_unsigned_char_unsigned_char_int_unsigned_char_unsigned_char_bti_4_16' is power-on initialization.
WARNING: [RTGEN 206-101] Register 'conv_engine_ap_uint_32_const_ap_uint_32_const_ap_uint_32_const_ap_int_32_const_ap_int_8_unsigned_short_unsigned_short_unsigned_short_unsigned_short_unsigned_char_unsigned_char_unsigned_char_int_unsigned_char_unsigned_char_bti_3_21' is power-on initialization.
WARNING: [RTGEN 206-101] Register 'conv_engine_ap_uint_32_const_ap_uint_32_const_ap_uint_32_const_ap_int_32_const_ap_int_8_unsigned_short_unsigned_short_unsigned_short_unsigned_short_unsigned_char_unsigned_char_unsigned_char_int_unsigned_char_unsigned_char_bti_3_22' is power-on initialization.
WARNING: [RTGEN 206-101] Register 'conv_engine_ap_uint_const_ap_uint_const_ap_uint_const_ap_int_const_ap_int_u_5' is power-on initialization.
WARNING: [RTGEN 206-101] Register 'conv_engine_ap_uint_const_ap_uint_const_ap_uint_const_ap_int_const_ap_int_u_4' is power-on initialization.
WARNING: [RTGEN 206-101] Register 'conv_engine_ap_uint_32_const_ap_uint_32_const_ap_uint_32_const_ap_int_32_const_ap_int_8_unsigned_short_unsigned_short_unsigned_short_unsigned_short_unsigned_char_unsigned_char_unsigned_char_int_unsigned_char_unsigned_char_bti_3_27' is power-on initialization.
WARNING: [RTGEN 206-101] Register 'conv_engine_ap_uint_32_const_ap_uint_32_const_ap_uint_32_const_ap_int_32_const_ap_int_8_unsigned_short_unsigned_short_unsigned_short_unsigned_short_unsigned_char_unsigned_char_unsigned_char_int_unsigned_char_unsigned_char_bti_3_28' is power-on initialization.
WARNING: [RTGEN 206-101] Register 'conv_engine_ap_uint_32_const_ap_uint_32_const_ap_uint_32_const_ap_int_32_const_ap_int_8_unsigned_short_unsigned_short_unsigned_short_unsigned_short_unsigned_char_unsigned_char_unsigned_char_int_unsigned_char_unsigned_char_bti_2_31' is power-on initialization.
WARNING: [RTGEN 206-101] Register 'conv_engine_ap_uint_32_const_ap_uint_32_const_ap_uint_32_const_ap_int_32_const_ap_int_8_unsigned_short_unsigned_short_unsigned_short_unsigned_short_unsigned_char_unsigned_char_unsigned_char_int_unsigned_char_unsigned_char_bti_2_32' is power-on initialization.
WARNING: [RTGEN 206-101] Register 'conv_engine_ap_uint_32_const_ap_uint_32_const_ap_uint_32_const_ap_int_32_const_ap_int_8_unsigned_short_unsigned_short_unsigned_short_unsigned_short_unsigned_char_unsigned_char_unsigned_char_int_unsigned_char_unsigned_char_bti_2_35' is power-on initialization.
WARNING: [RTGEN 206-101] Register 'conv_engine_ap_uint_32_const_ap_uint_32_const_ap_uint_32_const_ap_int_32_const_ap_int_8_unsigned_short_unsigned_short_unsigned_short_unsigned_short_unsigned_char_unsigned_char_unsigned_char_int_unsigned_char_unsigned_char_bti_2_36' is power-on initialization.
WARNING: [RTGEN 206-101] Register 'conv_engine_ap_uint_32_const_ap_uint_32_const_ap_uint_32_const_ap_int_32_const_ap_int_8_unsigned_short_unsigned_short_unsigned_short_unsigned_short_unsigned_char_unsigned_char_unsigned_char_int_unsigned_char_unsigned_char_bti_1_41' is power-on initialization.
WARNING: [RTGEN 206-101] Register 'conv_engine_ap_uint_32_const_ap_uint_32_const_ap_uint_32_const_ap_int_32_const_ap_int_8_unsigned_short_unsigned_short_unsigned_short_unsigned_short_unsigned_char_unsigned_char_unsigned_char_int_unsigned_char_unsigned_char_bti_1_42' is power-on initialization.
WARNING: [RTGEN 206-101] Register 'conv_engine_ap_uint_32_const_ap_uint_32_const_ap_uint_32_const_ap_int_32_const_ap_int_8_unsigned_short_unsigned_short_unsigned_short_unsigned_short_unsigned_char_unsigned_char_unsigned_char_int_unsigned_char_unsigned_char_bti_3' is power-on initialization.
WARNING: [RTGEN 206-101] Register 'conv_engine_ap_uint_32_const_ap_uint_32_const_ap_uint_32_const_ap_int_32_const_ap_int_8_unsigned_short_unsigned_short_unsigned_short_unsigned_short_unsigned_char_unsigned_char_unsigned_char_int_unsigned_char_unsigned_char_bti_3_20' is power-on initialization.
WARNING: [RTGEN 206-101] Register 'conv_engine_ap_uint_32_const_ap_uint_32_const_ap_uint_32_const_ap_int_32_const_ap_int_8_unsigned_short_unsigned_short_unsigned_short_unsigned_short_unsigned_char_unsigned_char_unsigned_char_int_unsigned_char_unsigned_char_bti_1_45' is power-on initialization.
WARNING: [RTGEN 206-101] Register 'conv_engine_ap_uint_32_const_ap_uint_32_const_ap_uint_32_const_ap_int_32_const_ap_int_8_unsigned_short_unsigned_short_unsigned_short_unsigned_short_unsigned_char_unsigned_char_unsigned_char_int_unsigned_char_unsigned_char_bti_1_46' is power-on initialization.
WARNING: [RTGEN 206-101] Register 'conv_engine_ap_uint_32_const_ap_uint_32_const_ap_uint_32_const_ap_int_32_const_ap_int_8_unsigned_short_unsigned_short_unsigned_short_unsigned_short_unsigned_char_unsigned_char_unsigned_char_int_unsigned_char_unsigned_char_bti_9' is power-on initialization.
WARNING: [RTGEN 206-101] Register 'conv_engine_ap_uint_32_const_ap_uint_32_const_ap_uint_32_const_ap_int_32_const_ap_int_8_unsigned_short_unsigned_short_unsigned_short_unsigned_short_unsigned_char_unsigned_char_unsigned_char_int_unsigned_char_unsigned_char_bti_8' is power-on initialization.
WARNING: [RTGEN 206-101] Register 'conv_engine_ap_uint_32_const_ap_uint_32_const_ap_uint_32_const_ap_int_32_const_ap_int_8_unsigned_short_unsigned_short_unsigned_short_unsigned_short_unsigned_char_unsigned_char_unsigned_char_int_unsigned_char_unsigned_char_bti_5_9' is power-on initialization.
WARNING: [RTGEN 206-101] Register 'conv_engine_ap_uint_32_const_ap_uint_32_const_ap_uint_32_const_ap_int_32_const_ap_int_8_unsigned_short_unsigned_short_unsigned_short_unsigned_short_unsigned_char_unsigned_char_unsigned_char_int_unsigned_char_unsigned_char_bti_4_19' is power-on initialization.
WARNING: [RTGEN 206-101] Register 'conv_engine_ap_uint_32_const_ap_uint_32_const_ap_uint_32_const_ap_int_32_const_ap_int_8_unsigned_short_unsigned_short_unsigned_short_unsigned_short_unsigned_char_unsigned_char_unsigned_char_int_unsigned_char_unsigned_char_bti_1_49' is power-on initialization.
WARNING: [RTGEN 206-101] Register 'p_ZZ11conv_enginePK7ap_uintILi32EES2_S2_PK6ap_intILi32EEPS3_ILi8EEtttthhhihhE5bti' is power-on initialization.
WARNING: [RTGEN 206-101] Register 'conv_engine_ap_uint_32_const_ap_uint_32_const_ap_uint_32_const_ap_int_32_const_ap_int_8_unsigned_short_unsigned_short_unsigned_short_unsigned_short_unsigned_char_unsigned_char_unsigned_char_int_unsigned_char_unsigned_char_bti_5_3' is power-on initialization.
WARNING: [RTGEN 206-101] Register 'conv_engine_ap_uint_32_const_ap_uint_32_const_ap_uint_32_const_ap_int_32_const_ap_int_8_unsigned_short_unsigned_short_unsigned_short_unsigned_short_unsigned_char_unsigned_char_unsigned_char_int_unsigned_char_unsigned_char_bti_5_4' is power-on initialization.
WARNING: [RTGEN 206-101] Register 'conv_engine_ap_uint_32_const_ap_uint_32_const_ap_uint_32_const_ap_int_32_const_ap_int_8_unsigned_short_unsigned_short_unsigned_short_unsigned_short_unsigned_char_unsigned_char_unsigned_char_int_unsigned_char_unsigned_char_bti_5_5' is power-on initialization.
WARNING: [RTGEN 206-101] Register 'conv_engine_ap_uint_32_const_ap_uint_32_const_ap_uint_32_const_ap_int_32_const_ap_int_8_unsigned_short_unsigned_short_unsigned_short_unsigned_short_unsigned_char_unsigned_char_unsigned_char_int_unsigned_char_unsigned_char_bti_5_6' is power-on initialization.
WARNING: [RTGEN 206-101] Register 'conv_engine_ap_uint_32_const_ap_uint_32_const_ap_uint_32_const_ap_int_32_const_ap_int_8_unsigned_short_unsigned_short_unsigned_short_unsigned_short_unsigned_char_unsigned_char_unsigned_char_int_unsigned_char_unsigned_char_bti_4' is power-on initialization.
WARNING: [RTGEN 206-101] Register 'conv_engine_ap_uint_32_const_ap_uint_32_const_ap_uint_32_const_ap_int_32_const_ap_int_8_unsigned_short_unsigned_short_unsigned_short_unsigned_short_unsigned_char_unsigned_char_unsigned_char_int_unsigned_char_unsigned_char_bti_4_10' is power-on initialization.
WARNING: [RTGEN 206-101] Register 'conv_engine_ap_uint_32_const_ap_uint_32_const_ap_uint_32_const_ap_int_32_const_ap_int_8_unsigned_short_unsigned_short_unsigned_short_unsigned_short_unsigned_char_unsigned_char_unsigned_char_int_unsigned_char_unsigned_char_bti_4_13' is power-on initialization.
WARNING: [RTGEN 206-101] Register 'conv_engine_ap_uint_32_const_ap_uint_32_const_ap_uint_32_const_ap_int_32_const_ap_int_8_unsigned_short_unsigned_short_unsigned_short_unsigned_short_unsigned_char_unsigned_char_unsigned_char_int_unsigned_char_unsigned_char_bti_4_14' is power-on initialization.
WARNING: [RTGEN 206-101] Register 'conv_engine_ap_uint_32_const_ap_uint_32_const_ap_uint_32_const_ap_int_32_const_ap_int_8_unsigned_short_unsigned_short_unsigned_short_unsigned_short_unsigned_char_unsigned_char_unsigned_char_int_unsigned_char_unsigned_char_bti_4_17' is power-on initialization.
WARNING: [RTGEN 206-101] Register 'conv_engine_ap_uint_32_const_ap_uint_32_const_ap_uint_32_const_ap_int_32_const_ap_int_8_unsigned_short_unsigned_short_unsigned_short_unsigned_short_unsigned_char_unsigned_char_unsigned_char_int_unsigned_char_unsigned_char_bti_4_18' is power-on initialization.
WARNING: [RTGEN 206-101] Register 'conv_engine_ap_uint_32_const_ap_uint_32_const_ap_uint_32_const_ap_int_32_const_ap_int_8_unsigned_short_unsigned_short_unsigned_short_unsigned_short_unsigned_char_unsigned_char_unsigned_char_int_unsigned_char_unsigned_char_bti_3_23' is power-on initialization.
WARNING: [RTGEN 206-101] Register 'conv_engine_ap_uint_32_const_ap_uint_32_const_ap_uint_32_const_ap_int_32_const_ap_int_8_unsigned_short_unsigned_short_unsigned_short_unsigned_short_unsigned_char_unsigned_char_unsigned_char_int_unsigned_char_unsigned_char_bti_3_24' is power-on initialization.
WARNING: [RTGEN 206-101] Register 'conv_engine_ap_uint_32_const_ap_uint_32_const_ap_uint_32_const_ap_int_32_const_ap_int_8_unsigned_short_unsigned_short_unsigned_short_unsigned_short_unsigned_char_unsigned_char_unsigned_char_int_unsigned_char_unsigned_char_bti_3_25' is power-on initialization.
WARNING: [RTGEN 206-101] Register 'conv_engine_ap_uint_32_const_ap_uint_32_const_ap_uint_32_const_ap_int_32_const_ap_int_8_unsigned_short_unsigned_short_unsigned_short_unsigned_short_unsigned_char_unsigned_char_unsigned_char_int_unsigned_char_unsigned_char_bti_3_26' is power-on initialization.
WARNING: [RTGEN 206-101] Register 'conv_engine_ap_uint_32_const_ap_uint_32_const_ap_uint_32_const_ap_int_32_const_ap_int_8_unsigned_short_unsigned_short_unsigned_short_unsigned_short_unsigned_char_unsigned_char_unsigned_char_int_unsigned_char_unsigned_char_bti_2' is power-on initialization.
WARNING: [RTGEN 206-101] Register 'conv_engine_ap_uint_32_const_ap_uint_32_const_ap_uint_32_const_ap_int_32_const_ap_int_8_unsigned_short_unsigned_short_unsigned_short_unsigned_short_unsigned_char_unsigned_char_unsigned_char_int_unsigned_char_unsigned_char_bti_2_30' is power-on initialization.
WARNING: [RTGEN 206-101] Register 'conv_engine_ap_uint_32_const_ap_uint_32_const_ap_uint_32_const_ap_int_32_const_ap_int_8_unsigned_short_unsigned_short_unsigned_short_unsigned_short_unsigned_char_unsigned_char_unsigned_char_int_unsigned_char_unsigned_char_bti_2_33' is power-on initialization.
WARNING: [RTGEN 206-101] Register 'conv_engine_ap_uint_32_const_ap_uint_32_const_ap_uint_32_const_ap_int_32_const_ap_int_8_unsigned_short_unsigned_short_unsigned_short_unsigned_short_unsigned_char_unsigned_char_unsigned_char_int_unsigned_char_unsigned_char_bti_2_34' is power-on initialization.
WARNING: [RTGEN 206-101] Register 'conv_engine_ap_uint_32_const_ap_uint_32_const_ap_uint_32_const_ap_int_32_const_ap_int_8_unsigned_short_unsigned_short_unsigned_short_unsigned_short_unsigned_char_unsigned_char_unsigned_char_int_unsigned_char_unsigned_char_bti_2_37' is power-on initialization.
WARNING: [RTGEN 206-101] Register 'conv_engine_ap_uint_32_const_ap_uint_32_const_ap_uint_32_const_ap_int_32_const_ap_int_8_unsigned_short_unsigned_short_unsigned_short_unsigned_short_unsigned_char_unsigned_char_unsigned_char_int_unsigned_char_unsigned_char_bti_2_38' is power-on initialization.
WARNING: [RTGEN 206-101] Register 'conv_engine_ap_uint_32_const_ap_uint_32_const_ap_uint_32_const_ap_int_32_const_ap_int_8_unsigned_short_unsigned_short_unsigned_short_unsigned_short_unsigned_char_unsigned_char_unsigned_char_int_unsigned_char_unsigned_char_bti_1_43' is power-on initialization.
WARNING: [RTGEN 206-101] Register 'conv_engine_ap_uint_32_const_ap_uint_32_const_ap_uint_32_const_ap_int_32_const_ap_int_8_unsigned_short_unsigned_short_unsigned_short_unsigned_short_unsigned_char_unsigned_char_unsigned_char_int_unsigned_char_unsigned_char_bti_1_44' is power-on initialization.
INFO: [SYN 201-210] Renamed object name 'p_ZZ11conv_enginePK7ap_uintILi32EES2_S2_PK6ap_intILi32EEPS3_ILi8EEtttthhhihhE12wt_59_RAM_1P_LUTRAM_1R1W' to 'p_ZZ11conv_enginePK7ap_uintILi32EES2_S2_PK6ap_intILi32EEPS3_ILi8EEtttthhhihhEjbC' due to the length limit 80
INFO: [SYN 201-210] Renamed object name 'p_ZZ11conv_enginePK7ap_uintILi32EES2_S2_PK6ap_intILi32EEPS3_ILi8EEtttthhhihhE12wt_58_RAM_1P_LUTRAM_1R1W' to 'p_ZZ11conv_enginePK7ap_uintILi32EES2_S2_PK6ap_intILi32EEPS3_ILi8EEtttthhhihhEkbM' due to the length limit 80
INFO: [SYN 201-210] Renamed object name 'p_ZZ11conv_enginePK7ap_uintILi32EES2_S2_PK6ap_intILi32EEPS3_ILi8EEtttthhhihhE12wt_57_RAM_1P_LUTRAM_1R1W' to 'p_ZZ11conv_enginePK7ap_uintILi32EES2_S2_PK6ap_intILi32EEPS3_ILi8EEtttthhhihhElbW' due to the length limit 80
INFO: [SYN 201-210] Renamed object name 'p_ZZ11conv_enginePK7ap_uintILi32EES2_S2_PK6ap_intILi32EEPS3_ILi8EEtttthhhihhE12wt_56_RAM_1P_LUTRAM_1R1W' to 'p_ZZ11conv_enginePK7ap_uintILi32EES2_S2_PK6ap_intILi32EEPS3_ILi8EEtttthhhihhEmb6' due to the length limit 80
INFO: [SYN 201-210] Renamed object name 'p_ZZ11conv_enginePK7ap_uintILi32EES2_S2_PK6ap_intILi32EEPS3_ILi8EEtttthhhihhE12wt_35_RAM_1P_LUTRAM_1R1W' to 'p_ZZ11conv_enginePK7ap_uintILi32EES2_S2_PK6ap_intILi32EEPS3_ILi8EEtttthhhihhEncg' due to the length limit 80
INFO: [SYN 201-210] Renamed object name 'p_ZZ11conv_enginePK7ap_uintILi32EES2_S2_PK6ap_intILi32EEPS3_ILi8EEtttthhhihhE12wt_34_RAM_1P_LUTRAM_1R1W' to 'p_ZZ11conv_enginePK7ap_uintILi32EES2_S2_PK6ap_intILi32EEPS3_ILi8EEtttthhhihhEocq' due to the length limit 80
INFO: [SYN 201-210] Renamed object name 'p_ZZ11conv_enginePK7ap_uintILi32EES2_S2_PK6ap_intILi32EEPS3_ILi8EEtttthhhihhE12wt_33_RAM_1P_LUTRAM_1R1W' to 'p_ZZ11conv_enginePK7ap_uintILi32EES2_S2_PK6ap_intILi32EEPS3_ILi8EEtttthhhihhEpcA' due to the length limit 80
INFO: [SYN 201-210] Renamed object name 'p_ZZ11conv_enginePK7ap_uintILi32EES2_S2_PK6ap_intILi32EEPS3_ILi8EEtttthhhihhE12wt_32_RAM_1P_LUTRAM_1R1W' to 'p_ZZ11conv_enginePK7ap_uintILi32EES2_S2_PK6ap_intILi32EEPS3_ILi8EEtttthhhihhEqcK' due to the length limit 80
INFO: [SYN 201-210] Renamed object name 'p_ZZ11conv_enginePK7ap_uintILi32EES2_S2_PK6ap_intILi32EEPS3_ILi8EEtttthhhihhE12wt_31_RAM_1P_LUTRAM_1R1W' to 'p_ZZ11conv_enginePK7ap_uintILi32EES2_S2_PK6ap_intILi32EEPS3_ILi8EEtttthhhihhErcU' due to the length limit 80
INFO: [SYN 201-210] Renamed object name 'p_ZZ11conv_enginePK7ap_uintILi32EES2_S2_PK6ap_intILi32EEPS3_ILi8EEtttthhhihhE12wt_30_RAM_1P_LUTRAM_1R1W' to 'p_ZZ11conv_enginePK7ap_uintILi32EES2_S2_PK6ap_intILi32EEPS3_ILi8EEtttthhhihhEsc4' due to the length limit 80
INFO: [SYN 201-210] Renamed object name 'p_ZZ11conv_enginePK7ap_uintILi32EES2_S2_PK6ap_intILi32EEPS3_ILi8EEtttthhhihhE12wt_29_RAM_1P_LUTRAM_1R1W' to 'p_ZZ11conv_enginePK7ap_uintILi32EES2_S2_PK6ap_intILi32EEPS3_ILi8EEtttthhhihhEtde' due to the length limit 80
INFO: [SYN 201-210] Renamed object name 'p_ZZ11conv_enginePK7ap_uintILi32EES2_S2_PK6ap_intILi32EEPS3_ILi8EEtttthhhihhE12wt_28_RAM_1P_LUTRAM_1R1W' to 'p_ZZ11conv_enginePK7ap_uintILi32EES2_S2_PK6ap_intILi32EEPS3_ILi8EEtttthhhihhEudo' due to the length limit 80
INFO: [SYN 201-210] Renamed object name 'p_ZZ11conv_enginePK7ap_uintILi32EES2_S2_PK6ap_intILi32EEPS3_ILi8EEtttthhhihhE12wt_27_RAM_1P_LUTRAM_1R1W' to 'p_ZZ11conv_enginePK7ap_uintILi32EES2_S2_PK6ap_intILi32EEPS3_ILi8EEtttthhhihhEvdy' due to the length limit 80
INFO: [SYN 201-210] Renamed object name 'p_ZZ11conv_enginePK7ap_uintILi32EES2_S2_PK6ap_intILi32EEPS3_ILi8EEtttthhhihhE12wt_26_RAM_1P_LUTRAM_1R1W' to 'p_ZZ11conv_enginePK7ap_uintILi32EES2_S2_PK6ap_intILi32EEPS3_ILi8EEtttthhhihhEwdI' due to the length limit 80
INFO: [SYN 201-210] Renamed object name 'p_ZZ11conv_enginePK7ap_uintILi32EES2_S2_PK6ap_intILi32EEPS3_ILi8EEtttthhhihhE12wt_25_RAM_1P_LUTRAM_1R1W' to 'p_ZZ11conv_enginePK7ap_uintILi32EES2_S2_PK6ap_intILi32EEPS3_ILi8EEtttthhhihhExdS' due to the length limit 80
INFO: [SYN 201-210] Renamed object name 'p_ZZ11conv_enginePK7ap_uintILi32EES2_S2_PK6ap_intILi32EEPS3_ILi8EEtttthhhihhE12wt_24_RAM_1P_LUTRAM_1R1W' to 'p_ZZ11conv_enginePK7ap_uintILi32EES2_S2_PK6ap_intILi32EEPS3_ILi8EEtttthhhihhEyd2' due to the length limit 80
INFO: [SYN 201-210] Renamed object name 'p_ZZ11conv_enginePK7ap_uintILi32EES2_S2_PK6ap_intILi32EEPS3_ILi8EEtttthhhihhE12wt_23_RAM_1P_LUTRAM_1R1W' to 'p_ZZ11conv_enginePK7ap_uintILi32EES2_S2_PK6ap_intILi32EEPS3_ILi8EEtttthhhihhEzec' due to the length limit 80
INFO: [SYN 201-210] Renamed object name 'p_ZZ11conv_enginePK7ap_uintILi32EES2_S2_PK6ap_intILi32EEPS3_ILi8EEtttthhhihhE12wt_22_RAM_1P_LUTRAM_1R1W' to 'p_ZZ11conv_enginePK7ap_uintILi32EES2_S2_PK6ap_intILi32EEPS3_ILi8EEtttthhhihhEAem' due to the length limit 80
INFO: [SYN 201-210] Renamed object name 'p_ZZ11conv_enginePK7ap_uintILi32EES2_S2_PK6ap_intILi32EEPS3_ILi8EEtttthhhihhE12wt_21_RAM_1P_LUTRAM_1R1W' to 'p_ZZ11conv_enginePK7ap_uintILi32EES2_S2_PK6ap_intILi32EEPS3_ILi8EEtttthhhihhEBew' due to the length limit 80
INFO: [SYN 201-210] Renamed object name 'p_ZZ11conv_enginePK7ap_uintILi32EES2_S2_PK6ap_intILi32EEPS3_ILi8EEtttthhhihhE12wt_20_RAM_1P_LUTRAM_1R1W' to 'p_ZZ11conv_enginePK7ap_uintILi32EES2_S2_PK6ap_intILi32EEPS3_ILi8EEtttthhhihhECeG' due to the length limit 80
INFO: [SYN 201-210] Renamed object name 'p_ZZ11conv_enginePK7ap_uintILi32EES2_S2_PK6ap_intILi32EEPS3_ILi8EEtttthhhihhE12wt_19_RAM_1P_LUTRAM_1R1W' to 'p_ZZ11conv_enginePK7ap_uintILi32EES2_S2_PK6ap_intILi32EEPS3_ILi8EEtttthhhihhEDeQ' due to the length limit 80
INFO: [SYN 201-210] Renamed object name 'p_ZZ11conv_enginePK7ap_uintILi32EES2_S2_PK6ap_intILi32EEPS3_ILi8EEtttthhhihhE12wt_18_RAM_1P_LUTRAM_1R1W' to 'p_ZZ11conv_enginePK7ap_uintILi32EES2_S2_PK6ap_intILi32EEPS3_ILi8EEtttthhhihhEEe0' due to the length limit 80
INFO: [SYN 201-210] Renamed object name 'p_ZZ11conv_enginePK7ap_uintILi32EES2_S2_PK6ap_intILi32EEPS3_ILi8EEtttthhhihhE12wt_17_RAM_1P_LUTRAM_1R1W' to 'p_ZZ11conv_enginePK7ap_uintILi32EES2_S2_PK6ap_intILi32EEPS3_ILi8EEtttthhhihhEFfa' due to the length limit 80
INFO: [SYN 201-210] Renamed object name 'p_ZZ11conv_enginePK7ap_uintILi32EES2_S2_PK6ap_intILi32EEPS3_ILi8EEtttthhhihhE12wt_16_RAM_1P_LUTRAM_1R1W' to 'p_ZZ11conv_enginePK7ap_uintILi32EES2_S2_PK6ap_intILi32EEPS3_ILi8EEtttthhhihhEGfk' due to the length limit 80
INFO: [SYN 201-210] Renamed object name 'p_ZZ11conv_enginePK7ap_uintILi32EES2_S2_PK6ap_intILi32EEPS3_ILi8EEtttthhhihhE12wt_15_RAM_1P_LUTRAM_1R1W' to 'p_ZZ11conv_enginePK7ap_uintILi32EES2_S2_PK6ap_intILi32EEPS3_ILi8EEtttthhhihhEHfu' due to the length limit 80
INFO: [SYN 201-210] Renamed object name 'p_ZZ11conv_enginePK7ap_uintILi32EES2_S2_PK6ap_intILi32EEPS3_ILi8EEtttthhhihhE12wt_14_RAM_1P_LUTRAM_1R1W' to 'p_ZZ11conv_enginePK7ap_uintILi32EES2_S2_PK6ap_intILi32EEPS3_ILi8EEtttthhhihhEIfE' due to the length limit 80
INFO: [SYN 201-210] Renamed object name 'p_ZZ11conv_enginePK7ap_uintILi32EES2_S2_PK6ap_intILi32EEPS3_ILi8EEtttthhhihhE12wt_13_RAM_1P_LUTRAM_1R1W' to 'p_ZZ11conv_enginePK7ap_uintILi32EES2_S2_PK6ap_intILi32EEPS3_ILi8EEtttthhhihhEJfO' due to the length limit 80
INFO: [SYN 201-210] Renamed object name 'p_ZZ11conv_enginePK7ap_uintILi32EES2_S2_PK6ap_intILi32EEPS3_ILi8EEtttthhhihhE12wt_12_RAM_1P_LUTRAM_1R1W' to 'p_ZZ11conv_enginePK7ap_uintILi32EES2_S2_PK6ap_intILi32EEPS3_ILi8EEtttthhhihhEKfY' due to the length limit 80
INFO: [SYN 201-210] Renamed object name 'p_ZZ11conv_enginePK7ap_uintILi32EES2_S2_PK6ap_intILi32EEPS3_ILi8EEtttthhhihhE12wt_11_RAM_1P_LUTRAM_1R1W' to 'p_ZZ11conv_enginePK7ap_uintILi32EES2_S2_PK6ap_intILi32EEPS3_ILi8EEtttthhhihhELf8' due to the length limit 80
INFO: [SYN 201-210] Renamed object name 'p_ZZ11conv_enginePK7ap_uintILi32EES2_S2_PK6ap_intILi32EEPS3_ILi8EEtttthhhihhE12wt_10_RAM_1P_LUTRAM_1R1W' to 'p_ZZ11conv_enginePK7ap_uintILi32EES2_S2_PK6ap_intILi32EEPS3_ILi8EEtttthhhihhEMgi' due to the length limit 80
INFO: [SYN 201-210] Renamed object name 'p_ZZ11conv_enginePK7ap_uintILi32EES2_S2_PK6ap_intILi32EEPS3_ILi8EEtttthhhihhE12wt_9_RAM_1P_LUTRAM_1R1W' to 'p_ZZ11conv_enginePK7ap_uintILi32EES2_S2_PK6ap_intILi32EEPS3_ILi8EEtttthhhihhENgs' due to the length limit 80
INFO: [SYN 201-210] Renamed object name 'p_ZZ11conv_enginePK7ap_uintILi32EES2_S2_PK6ap_intILi32EEPS3_ILi8EEtttthhhihhE12wt_8_RAM_1P_LUTRAM_1R1W' to 'p_ZZ11conv_enginePK7ap_uintILi32EES2_S2_PK6ap_intILi32EEPS3_ILi8EEtttthhhihhEOgC' due to the length limit 80
INFO: [SYN 201-210] Renamed object name 'p_ZZ11conv_enginePK7ap_uintILi32EES2_S2_PK6ap_intILi32EEPS3_ILi8EEtttthhhihhE12wt_7_RAM_1P_LUTRAM_1R1W' to 'p_ZZ11conv_enginePK7ap_uintILi32EES2_S2_PK6ap_intILi32EEPS3_ILi8EEtttthhhihhEPgM' due to the length limit 80
INFO: [SYN 201-210] Renamed object name 'p_ZZ11conv_enginePK7ap_uintILi32EES2_S2_PK6ap_intILi32EEPS3_ILi8EEtttthhhihhE12wt_6_RAM_1P_LUTRAM_1R1W' to 'p_ZZ11conv_enginePK7ap_uintILi32EES2_S2_PK6ap_intILi32EEPS3_ILi8EEtttthhhihhEQgW' due to the length limit 80
INFO: [SYN 201-210] Renamed object name 'p_ZZ11conv_enginePK7ap_uintILi32EES2_S2_PK6ap_intILi32EEPS3_ILi8EEtttthhhihhE12wt_5_RAM_1P_LUTRAM_1R1W' to 'p_ZZ11conv_enginePK7ap_uintILi32EES2_S2_PK6ap_intILi32EEPS3_ILi8EEtttthhhihhERg6' due to the length limit 80
INFO: [SYN 201-210] Renamed object name 'p_ZZ11conv_enginePK7ap_uintILi32EES2_S2_PK6ap_intILi32EEPS3_ILi8EEtttthhhihhE12wt_4_RAM_1P_LUTRAM_1R1W' to 'p_ZZ11conv_enginePK7ap_uintILi32EES2_S2_PK6ap_intILi32EEPS3_ILi8EEtttthhhihhEShg' due to the length limit 80
INFO: [SYN 201-210] Renamed object name 'p_ZZ11conv_enginePK7ap_uintILi32EES2_S2_PK6ap_intILi32EEPS3_ILi8EEtttthhhihhE12wt_3_RAM_1P_LUTRAM_1R1W' to 'p_ZZ11conv_enginePK7ap_uintILi32EES2_S2_PK6ap_intILi32EEPS3_ILi8EEtttthhhihhEThq' due to the length limit 80
INFO: [SYN 201-210] Renamed object name 'p_ZZ11conv_enginePK7ap_uintILi32EES2_S2_PK6ap_intILi32EEPS3_ILi8EEtttthhhihhE12wt_2_RAM_1P_LUTRAM_1R1W' to 'p_ZZ11conv_enginePK7ap_uintILi32EES2_S2_PK6ap_intILi32EEPS3_ILi8EEtttthhhihhEUhA' due to the length limit 80
INFO: [SYN 201-210] Renamed object name 'p_ZZ11conv_enginePK7ap_uintILi32EES2_S2_PK6ap_intILi32EEPS3_ILi8EEtttthhhihhE12wt_1_RAM_1P_LUTRAM_1R1W' to 'p_ZZ11conv_enginePK7ap_uintILi32EES2_S2_PK6ap_intILi32EEPS3_ILi8EEtttthhhihhEVhK' due to the length limit 80
INFO: [SYN 201-210] Renamed object name 'p_ZZ11conv_enginePK7ap_uintILi32EES2_S2_PK6ap_intILi32EEPS3_ILi8EEtttthhhihhE12wt_RAM_1P_LUTRAM_1R1W' to 'p_ZZ11conv_enginePK7ap_uintILi32EES2_S2_PK6ap_intILi32EEPS3_ILi8EEtttthhhihhEWhU' due to the length limit 80
INFO: [SYN 201-210] Renamed object name 'p_ZZ11conv_enginePK7ap_uintILi32EES2_S2_PK6ap_intILi32EEPS3_ILi8EEtttthhhihhE12wt_55_RAM_1P_LUTRAM_1R1W' to 'p_ZZ11conv_enginePK7ap_uintILi32EES2_S2_PK6ap_intILi32EEPS3_ILi8EEtttthhhihhEXh4' due to the length limit 80
INFO: [SYN 201-210] Renamed object name 'p_ZZ11conv_enginePK7ap_uintILi32EES2_S2_PK6ap_intILi32EEPS3_ILi8EEtttthhhihhE12wt_54_RAM_1P_LUTRAM_1R1W' to 'p_ZZ11conv_enginePK7ap_uintILi32EES2_S2_PK6ap_intILi32EEPS3_ILi8EEtttthhhihhEYie' due to the length limit 80
INFO: [SYN 201-210] Renamed object name 'p_ZZ11conv_enginePK7ap_uintILi32EES2_S2_PK6ap_intILi32EEPS3_ILi8EEtttthhhihhE12wt_53_RAM_1P_LUTRAM_1R1W' to 'p_ZZ11conv_enginePK7ap_uintILi32EES2_S2_PK6ap_intILi32EEPS3_ILi8EEtttthhhihhEZio' due to the length limit 80
INFO: [SYN 201-210] Renamed object name 'p_ZZ11conv_enginePK7ap_uintILi32EES2_S2_PK6ap_intILi32EEPS3_ILi8EEtttthhhihhE12wt_52_RAM_1P_LUTRAM_1R1W' to 'p_ZZ11conv_enginePK7ap_uintILi32EES2_S2_PK6ap_intILi32EEPS3_ILi8EEtttthhhihhE0iy' due to the length limit 80
INFO: [SYN 201-210] Renamed object name 'p_ZZ11conv_enginePK7ap_uintILi32EES2_S2_PK6ap_intILi32EEPS3_ILi8EEtttthhhihhE12wt_51_RAM_1P_LUTRAM_1R1W' to 'p_ZZ11conv_enginePK7ap_uintILi32EES2_S2_PK6ap_intILi32EEPS3_ILi8EEtttthhhihhE1iI' due to the length limit 80
INFO: [SYN 201-210] Renamed object name 'p_ZZ11conv_enginePK7ap_uintILi32EES2_S2_PK6ap_intILi32EEPS3_ILi8EEtttthhhihhE12wt_50_RAM_1P_LUTRAM_1R1W' to 'p_ZZ11conv_enginePK7ap_uintILi32EES2_S2_PK6ap_intILi32EEPS3_ILi8EEtttthhhihhE2iS' due to the length limit 80
INFO: [SYN 201-210] Renamed object name 'p_ZZ11conv_enginePK7ap_uintILi32EES2_S2_PK6ap_intILi32EEPS3_ILi8EEtttthhhihhE12wt_49_RAM_1P_LUTRAM_1R1W' to 'p_ZZ11conv_enginePK7ap_uintILi32EES2_S2_PK6ap_intILi32EEPS3_ILi8EEtttthhhihhE3i2' due to the length limit 80
INFO: [SYN 201-210] Renamed object name 'p_ZZ11conv_enginePK7ap_uintILi32EES2_S2_PK6ap_intILi32EEPS3_ILi8EEtttthhhihhE12wt_48_RAM_1P_LUTRAM_1R1W' to 'p_ZZ11conv_enginePK7ap_uintILi32EES2_S2_PK6ap_intILi32EEPS3_ILi8EEtttthhhihhE4jc' due to the length limit 80
INFO: [SYN 201-210] Renamed object name 'conv_engine_ap_uint_const_ap_uint_const_ap_uint_const_ap_int_const_ap_int_u_3_RAM_1P_LUTRAM_1R1W' to 'conv_engine_ap_uint_const_ap_uint_const_ap_uint_const_ap_int_const_ap_int_u_35jm' due to the length limit 80
INFO: [SYN 201-210] Renamed object name 'conv_engine_ap_uint_const_ap_uint_const_ap_uint_const_ap_int_const_ap_int_u_2_RAM_1P_LUTRAM_1R1W' to 'conv_engine_ap_uint_const_ap_uint_const_ap_uint_const_ap_int_const_ap_int_u_26jw' due to the length limit 80
INFO: [SYN 201-210] Renamed object name 'conv_engine_ap_uint_const_ap_uint_const_ap_uint_const_ap_int_const_ap_int_u_1_RAM_1P_LUTRAM_1R1W' to 'conv_engine_ap_uint_const_ap_uint_const_ap_uint_const_ap_int_const_ap_int_u_17jG' due to the length limit 80
INFO: [SYN 201-210] Renamed object name 'conv_engine_ap_uint_const_ap_uint_const_ap_uint_const_ap_int_const_ap_int_u_RAM_1P_LUTRAM_1R1W' to 'conv_engine_ap_uint_const_ap_uint_const_ap_uint_const_ap_int_const_ap_int_u_R8jQ' due to the length limit 80
INFO: [SYN 201-210] Renamed object name 'p_ZZ11conv_enginePK7ap_uintILi32EES2_S2_PK6ap_intILi32EEPS3_ILi8EEtttthhhihhE12wt_47_RAM_1P_LUTRAM_1R1W' to 'p_ZZ11conv_enginePK7ap_uintILi32EES2_S2_PK6ap_intILi32EEPS3_ILi8EEtttthhhihhE9j0' due to the length limit 80
INFO: [SYN 201-210] Renamed object name 'p_ZZ11conv_enginePK7ap_uintILi32EES2_S2_PK6ap_intILi32EEPS3_ILi8EEtttthhhihhE12wt_46_RAM_1P_LUTRAM_1R1W' to 'p_ZZ11conv_enginePK7ap_uintILi32EES2_S2_PK6ap_intILi32EEPS3_ILi8EEtttthhhihhEbak' due to the length limit 80
INFO: [SYN 201-210] Renamed object name 'p_ZZ11conv_enginePK7ap_uintILi32EES2_S2_PK6ap_intILi32EEPS3_ILi8EEtttthhhihhE12wt_45_RAM_1P_LUTRAM_1R1W' to 'p_ZZ11conv_enginePK7ap_uintILi32EES2_S2_PK6ap_intILi32EEPS3_ILi8EEtttthhhihhEbbk' due to the length limit 80
INFO: [SYN 201-210] Renamed object name 'p_ZZ11conv_enginePK7ap_uintILi32EES2_S2_PK6ap_intILi32EEPS3_ILi8EEtttthhhihhE12wt_44_RAM_1P_LUTRAM_1R1W' to 'p_ZZ11conv_enginePK7ap_uintILi32EES2_S2_PK6ap_intILi32EEPS3_ILi8EEtttthhhihhEbck' due to the length limit 80
INFO: [SYN 201-210] Renamed object name 'p_ZZ11conv_enginePK7ap_uintILi32EES2_S2_PK6ap_intILi32EEPS3_ILi8EEtttthhhihhE12wt_43_RAM_1P_LUTRAM_1R1W' to 'p_ZZ11conv_enginePK7ap_uintILi32EES2_S2_PK6ap_intILi32EEPS3_ILi8EEtttthhhihhEbdk' due to the length limit 80
INFO: [SYN 201-210] Renamed object name 'p_ZZ11conv_enginePK7ap_uintILi32EES2_S2_PK6ap_intILi32EEPS3_ILi8EEtttthhhihhE12wt_42_RAM_1P_LUTRAM_1R1W' to 'p_ZZ11conv_enginePK7ap_uintILi32EES2_S2_PK6ap_intILi32EEPS3_ILi8EEtttthhhihhEbek' due to the length limit 80
INFO: [SYN 201-210] Renamed object name 'p_ZZ11conv_enginePK7ap_uintILi32EES2_S2_PK6ap_intILi32EEPS3_ILi8EEtttthhhihhE12wt_41_RAM_1P_LUTRAM_1R1W' to 'p_ZZ11conv_enginePK7ap_uintILi32EES2_S2_PK6ap_intILi32EEPS3_ILi8EEtttthhhihhEbfk' due to the length limit 80
INFO: [SYN 201-210] Renamed object name 'p_ZZ11conv_enginePK7ap_uintILi32EES2_S2_PK6ap_intILi32EEPS3_ILi8EEtttthhhihhE12wt_40_RAM_1P_LUTRAM_1R1W' to 'p_ZZ11conv_enginePK7ap_uintILi32EES2_S2_PK6ap_intILi32EEPS3_ILi8EEtttthhhihhEbgk' due to the length limit 80
INFO: [SYN 201-210] Renamed object name 'p_ZZ11conv_enginePK7ap_uintILi32EES2_S2_PK6ap_intILi32EEPS3_ILi8EEtttthhhihhE12wt_39_RAM_1P_LUTRAM_1R1W' to 'p_ZZ11conv_enginePK7ap_uintILi32EES2_S2_PK6ap_intILi32EEPS3_ILi8EEtttthhhihhEbhl' due to the length limit 80
INFO: [SYN 201-210] Renamed object name 'p_ZZ11conv_enginePK7ap_uintILi32EES2_S2_PK6ap_intILi32EEPS3_ILi8EEtttthhhihhE12wt_38_RAM_1P_LUTRAM_1R1W' to 'p_ZZ11conv_enginePK7ap_uintILi32EES2_S2_PK6ap_intILi32EEPS3_ILi8EEtttthhhihhEbil' due to the length limit 80
INFO: [SYN 201-210] Renamed object name 'p_ZZ11conv_enginePK7ap_uintILi32EES2_S2_PK6ap_intILi32EEPS3_ILi8EEtttthhhihhE12wt_37_RAM_1P_LUTRAM_1R1W' to 'p_ZZ11conv_enginePK7ap_uintILi32EES2_S2_PK6ap_intILi32EEPS3_ILi8EEtttthhhihhEbjl' due to the length limit 80
INFO: [SYN 201-210] Renamed object name 'p_ZZ11conv_enginePK7ap_uintILi32EES2_S2_PK6ap_intILi32EEPS3_ILi8EEtttthhhihhE12wt_36_RAM_1P_LUTRAM_1R1W' to 'p_ZZ11conv_enginePK7ap_uintILi32EES2_S2_PK6ap_intILi32EEPS3_ILi8EEtttthhhihhEbkl' due to the length limit 80
INFO: [SYN 201-210] Renamed object name 'p_ZZL16scan_and_computePK7ap_uintILi32EEP6ap_intILi8EEjjjjjjjjjjjjPA16_A64_A3_A3_43_RAM_AUTO_1R1W' to 'p_ZZL16scan_and_computePK7ap_uintILi32EEP6ap_intILi8EEjjjjjjjjjjjjPA16_A64_A3bll' due to the length limit 80
INFO: [SYN 201-210] Renamed object name 'p_ZZL16scan_and_computePK7ap_uintILi32EEP6ap_intILi8EEjjjjjjjjjjjjPA16_A64_A3_A3_39_RAM_AUTO_1R1W' to 'p_ZZL16scan_and_computePK7ap_uintILi32EEP6ap_intILi8EEjjjjjjjjjjjjPA16_A64_A3bml' due to the length limit 80
INFO: [SYN 201-210] Renamed object name 'p_ZZL16scan_and_computePK7ap_uintILi32EEP6ap_intILi8EEjjjjjjjjjjjjPA16_A64_A3_A3_40_RAM_AUTO_1R1W' to 'p_ZZL16scan_and_computePK7ap_uintILi32EEP6ap_intILi8EEjjjjjjjjjjjjPA16_A64_A3bnm' due to the length limit 80
INFO: [SYN 201-210] Renamed object name 'p_ZZL16scan_and_computePK7ap_uintILi32EEP6ap_intILi8EEjjjjjjjjjjjjPA16_A64_A3_A3_42_RAM_AUTO_1R1W' to 'p_ZZL16scan_and_computePK7ap_uintILi32EEP6ap_intILi8EEjjjjjjjjjjjjPA16_A64_A3bom' due to the length limit 80
INFO: [SYN 201-210] Renamed object name 'p_ZZL16scan_and_computePK7ap_uintILi32EEP6ap_intILi8EEjjjjjjjjjjjjPA16_A64_A3_A3_41_RAM_AUTO_1R1W' to 'p_ZZL16scan_and_computePK7ap_uintILi32EEP6ap_intILi8EEjjjjjjjjjjjjPA16_A64_A3bpm' due to the length limit 80
INFO: [SYN 201-210] Renamed object name 'p_ZZL16scan_and_computePK7ap_uintILi32EEP6ap_intILi8EEjjjjjjjjjjjjPA16_A64_A3_A3_36_RAM_AUTO_1R1W' to 'p_ZZL16scan_and_computePK7ap_uintILi32EEP6ap_intILi8EEjjjjjjjjjjjjPA16_A64_A3bqm' due to the length limit 80
INFO: [SYN 201-210] Renamed object name 'p_ZZL16scan_and_computePK7ap_uintILi32EEP6ap_intILi8EEjjjjjjjjjjjjPA16_A64_A3_A3_37_RAM_AUTO_1R1W' to 'p_ZZL16scan_and_computePK7ap_uintILi32EEP6ap_intILi8EEjjjjjjjjjjjjPA16_A64_A3brm' due to the length limit 80
INFO: [SYN 201-210] Renamed object name 'p_ZZL16scan_and_computePK7ap_uintILi32EEP6ap_intILi8EEjjjjjjjjjjjjPA16_A64_A3_A3_38_RAM_AUTO_1R1W' to 'p_ZZL16scan_and_computePK7ap_uintILi32EEP6ap_intILi8EEjjjjjjjjjjjjPA16_A64_A3bsm' due to the length limit 80
INFO: [SYN 201-210] Renamed object name 'p_ZZL16scan_and_computePK7ap_uintILi32EEP6ap_intILi8EEjjjjjjjjjjjjPA16_A64_A3_A3_35_RAM_AUTO_1R1W' to 'p_ZZL16scan_and_computePK7ap_uintILi32EEP6ap_intILi8EEjjjjjjjjjjjjPA16_A64_A3btn' due to the length limit 80
INFO: [SYN 201-210] Renamed object name 'p_ZZL16scan_and_computePK7ap_uintILi32EEP6ap_intILi8EEjjjjjjjjjjjjPA16_A64_A3_A3_34_RAM_AUTO_1R1W' to 'p_ZZL16scan_and_computePK7ap_uintILi32EEP6ap_intILi8EEjjjjjjjjjjjjPA16_A64_A3bun' due to the length limit 80
INFO: [SYN 201-210] Renamed object name 'p_ZZL16scan_and_computePK7ap_uintILi32EEP6ap_intILi8EEjjjjjjjjjjjjPA16_A64_A3_A3_30_RAM_AUTO_1R1W' to 'p_ZZL16scan_and_computePK7ap_uintILi32EEP6ap_intILi8EEjjjjjjjjjjjjPA16_A64_A3bvn' due to the length limit 80
INFO: [SYN 201-210] Renamed object name 'p_ZZL16scan_and_computePK7ap_uintILi32EEP6ap_intILi8EEjjjjjjjjjjjjPA16_A64_A3_A3_31_RAM_AUTO_1R1W' to 'p_ZZL16scan_and_computePK7ap_uintILi32EEP6ap_intILi8EEjjjjjjjjjjjjPA16_A64_A3bwn' due to the length limit 80
INFO: [SYN 201-210] Renamed object name 'p_ZZL16scan_and_computePK7ap_uintILi32EEP6ap_intILi8EEjjjjjjjjjjjjPA16_A64_A3_A3_33_RAM_AUTO_1R1W' to 'p_ZZL16scan_and_computePK7ap_uintILi32EEP6ap_intILi8EEjjjjjjjjjjjjPA16_A64_A3bxn' due to the length limit 80
INFO: [SYN 201-210] Renamed object name 'p_ZZL16scan_and_computePK7ap_uintILi32EEP6ap_intILi8EEjjjjjjjjjjjjPA16_A64_A3_A3_32_RAM_AUTO_1R1W' to 'p_ZZL16scan_and_computePK7ap_uintILi32EEP6ap_intILi8EEjjjjjjjjjjjjPA16_A64_A3byn' due to the length limit 80
INFO: [SYN 201-210] Renamed object name 'p_ZZL16scan_and_computePK7ap_uintILi32EEP6ap_intILi8EEjjjjjjjjjjjjPA16_A64_A3_A3_27_RAM_AUTO_1R1W' to 'p_ZZL16scan_and_computePK7ap_uintILi32EEP6ap_intILi8EEjjjjjjjjjjjjPA16_A64_A3bzo' due to the length limit 80
INFO: [SYN 201-210] Renamed object name 'p_ZZL16scan_and_computePK7ap_uintILi32EEP6ap_intILi8EEjjjjjjjjjjjjPA16_A64_A3_A3_28_RAM_AUTO_1R1W' to 'p_ZZL16scan_and_computePK7ap_uintILi32EEP6ap_intILi8EEjjjjjjjjjjjjPA16_A64_A3bAo' due to the length limit 80
INFO: [SYN 201-210] Renamed object name 'p_ZZL16scan_and_computePK7ap_uintILi32EEP6ap_intILi8EEjjjjjjjjjjjjPA16_A64_A3_A3_29_RAM_AUTO_1R1W' to 'p_ZZL16scan_and_computePK7ap_uintILi32EEP6ap_intILi8EEjjjjjjjjjjjjPA16_A64_A3bBo' due to the length limit 80
INFO: [SYN 201-210] Renamed object name 'p_ZZL16scan_and_computePK7ap_uintILi32EEP6ap_intILi8EEjjjjjjjjjjjjPA16_A64_A3_A3_26_RAM_AUTO_1R1W' to 'p_ZZL16scan_and_computePK7ap_uintILi32EEP6ap_intILi8EEjjjjjjjjjjjjPA16_A64_A3bCo' due to the length limit 80
INFO: [SYN 201-210] Renamed object name 'p_ZZL16scan_and_computePK7ap_uintILi32EEP6ap_intILi8EEjjjjjjjjjjjjPA16_A64_A3_A3_25_RAM_AUTO_1R1W' to 'p_ZZL16scan_and_computePK7ap_uintILi32EEP6ap_intILi8EEjjjjjjjjjjjjPA16_A64_A3bDo' due to the length limit 80
INFO: [SYN 201-210] Renamed object name 'p_ZZL16scan_and_computePK7ap_uintILi32EEP6ap_intILi8EEjjjjjjjjjjjjPA16_A64_A3_A3_21_RAM_AUTO_1R1W' to 'p_ZZL16scan_and_computePK7ap_uintILi32EEP6ap_intILi8EEjjjjjjjjjjjjPA16_A64_A3bEo' due to the length limit 80
INFO: [SYN 201-210] Renamed object name 'p_ZZL16scan_and_computePK7ap_uintILi32EEP6ap_intILi8EEjjjjjjjjjjjjPA16_A64_A3_A3_22_RAM_AUTO_1R1W' to 'p_ZZL16scan_and_computePK7ap_uintILi32EEP6ap_intILi8EEjjjjjjjjjjjjPA16_A64_A3bFp' due to the length limit 80
INFO: [SYN 201-210] Renamed object name 'p_ZZL16scan_and_computePK7ap_uintILi32EEP6ap_intILi8EEjjjjjjjjjjjjPA16_A64_A3_A3_24_RAM_AUTO_1R1W' to 'p_ZZL16scan_and_computePK7ap_uintILi32EEP6ap_intILi8EEjjjjjjjjjjjjPA16_A64_A3bGp' due to the length limit 80
INFO: [SYN 201-210] Renamed object name 'p_ZZL16scan_and_computePK7ap_uintILi32EEP6ap_intILi8EEjjjjjjjjjjjjPA16_A64_A3_A3_23_RAM_AUTO_1R1W' to 'p_ZZL16scan_and_computePK7ap_uintILi32EEP6ap_intILi8EEjjjjjjjjjjjjPA16_A64_A3bHp' due to the length limit 80
INFO: [SYN 201-210] Renamed object name 'p_ZZL16scan_and_computePK7ap_uintILi32EEP6ap_intILi8EEjjjjjjjjjjjjPA16_A64_A3_A3_18_RAM_AUTO_1R1W' to 'p_ZZL16scan_and_computePK7ap_uintILi32EEP6ap_intILi8EEjjjjjjjjjjjjPA16_A64_A3bIp' due to the length limit 80
INFO: [SYN 201-210] Renamed object name 'p_ZZL16scan_and_computePK7ap_uintILi32EEP6ap_intILi8EEjjjjjjjjjjjjPA16_A64_A3_A3_19_RAM_AUTO_1R1W' to 'p_ZZL16scan_and_computePK7ap_uintILi32EEP6ap_intILi8EEjjjjjjjjjjjjPA16_A64_A3bJp' due to the length limit 80
INFO: [SYN 201-210] Renamed object name 'p_ZZL16scan_and_computePK7ap_uintILi32EEP6ap_intILi8EEjjjjjjjjjjjjPA16_A64_A3_A3_20_RAM_AUTO_1R1W' to 'p_ZZL16scan_and_computePK7ap_uintILi32EEP6ap_intILi8EEjjjjjjjjjjjjPA16_A64_A3bKp' due to the length limit 80
INFO: [SYN 201-210] Renamed object name 'p_ZZL16scan_and_computePK7ap_uintILi32EEP6ap_intILi8EEjjjjjjjjjjjjPA16_A64_A3_A3_17_RAM_AUTO_1R1W' to 'p_ZZL16scan_and_computePK7ap_uintILi32EEP6ap_intILi8EEjjjjjjjjjjjjPA16_A64_A3bLp' due to the length limit 80
INFO: [SYN 201-210] Renamed object name 'p_ZZL16scan_and_computePK7ap_uintILi32EEP6ap_intILi8EEjjjjjjjjjjjjPA16_A64_A3_A3_16_RAM_AUTO_1R1W' to 'p_ZZL16scan_and_computePK7ap_uintILi32EEP6ap_intILi8EEjjjjjjjjjjjjPA16_A64_A3bMq' due to the length limit 80
INFO: [SYN 201-210] Renamed object name 'p_ZZL16scan_and_computePK7ap_uintILi32EEP6ap_intILi8EEjjjjjjjjjjjjPA16_A64_A3_A3_12_RAM_AUTO_1R1W' to 'p_ZZL16scan_and_computePK7ap_uintILi32EEP6ap_intILi8EEjjjjjjjjjjjjPA16_A64_A3bNq' due to the length limit 80
INFO: [SYN 201-210] Renamed object name 'p_ZZL16scan_and_computePK7ap_uintILi32EEP6ap_intILi8EEjjjjjjjjjjjjPA16_A64_A3_A3_13_RAM_AUTO_1R1W' to 'p_ZZL16scan_and_computePK7ap_uintILi32EEP6ap_intILi8EEjjjjjjjjjjjjPA16_A64_A3bOq' due to the length limit 80
INFO: [SYN 201-210] Renamed object name 'p_ZZL16scan_and_computePK7ap_uintILi32EEP6ap_intILi8EEjjjjjjjjjjjjPA16_A64_A3_A3_15_RAM_AUTO_1R1W' to 'p_ZZL16scan_and_computePK7ap_uintILi32EEP6ap_intILi8EEjjjjjjjjjjjjPA16_A64_A3bPq' due to the length limit 80
INFO: [SYN 201-210] Renamed object name 'p_ZZL16scan_and_computePK7ap_uintILi32EEP6ap_intILi8EEjjjjjjjjjjjjPA16_A64_A3_A3_14_RAM_AUTO_1R1W' to 'p_ZZL16scan_and_computePK7ap_uintILi32EEP6ap_intILi8EEjjjjjjjjjjjjPA16_A64_A3bQq' due to the length limit 80
INFO: [SYN 201-210] Renamed object name 'p_ZZL16scan_and_computePK7ap_uintILi32EEP6ap_intILi8EEjjjjjjjjjjjjPA16_A64_A3_A3_9_RAM_AUTO_1R1W' to 'p_ZZL16scan_and_computePK7ap_uintILi32EEP6ap_intILi8EEjjjjjjjjjjjjPA16_A64_A3bRq' due to the length limit 80
INFO: [SYN 201-210] Renamed object name 'p_ZZL16scan_and_computePK7ap_uintILi32EEP6ap_intILi8EEjjjjjjjjjjjjPA16_A64_A3_A3_10_RAM_AUTO_1R1W' to 'p_ZZL16scan_and_computePK7ap_uintILi32EEP6ap_intILi8EEjjjjjjjjjjjjPA16_A64_A3bSr' due to the length limit 80
INFO: [SYN 201-210] Renamed object name 'p_ZZL16scan_and_computePK7ap_uintILi32EEP6ap_intILi8EEjjjjjjjjjjjjPA16_A64_A3_A3_11_RAM_AUTO_1R1W' to 'p_ZZL16scan_and_computePK7ap_uintILi32EEP6ap_intILi8EEjjjjjjjjjjjjPA16_A64_A3bTr' due to the length limit 80
INFO: [SYN 201-210] Renamed object name 'p_ZZL16scan_and_computePK7ap_uintILi32EEP6ap_intILi8EEjjjjjjjjjjjjPA16_A64_A3_A3_8_RAM_AUTO_1R1W' to 'p_ZZL16scan_and_computePK7ap_uintILi32EEP6ap_intILi8EEjjjjjjjjjjjjPA16_A64_A3bUr' due to the length limit 80
INFO: [RTGEN 206-100] Bundling port 'ifmap', 'weights', 'weights_hi', 'bias', 'ofmap', 'img_h', 'img_w', 'in_ch', 'out_ch', 'k', 'stride', 'pad', 'requant_multiplier', 'requant_shift', 'leaky_relu_enable' to AXI-Lite port CTRL.
INFO: [RTGEN 206-100] Generating core module 'mac_mul_sub_18s_16ns_8ns_32_4_1': 1 instance(s).
INFO: [RTGEN 206-100] Generating core module 'mac_muladd_18s_9s_9s_25_4_1': 1 instance(s).
INFO: [RTGEN 206-100] Generating core module 'mac_muladd_25s_16ns_32ns_32_4_1': 1 instance(s).
INFO: [RTGEN 206-100] Generating core module 'mul_16ns_16ns_32_1_1': 1 instance(s).
INFO: [RTGEN 206-100] Generating core module 'mul_16ns_8ns_24_1_1': 1 instance(s).
INFO: [RTGEN 206-100] Generating core module 'mul_17ns_32s_32_2_1': 1 instance(s).
INFO: [RTGEN 206-100] Generating core module 'mul_18s_16ns_32_1_1': 1 instance(s).
INFO: [RTGEN 206-100] Generating core module 'mul_26s_11ns_26_1_1': 1 instance(s).
INFO: [RTGEN 206-100] Generating core module 'mul_31s_5ns_31_2_1': 1 instance(s).
INFO: [RTGEN 206-100] Generating core module 'mul_32s_16ns_32_2_1': 2 instance(s).
INFO: [RTGEN 206-100] Generating core module 'mul_32s_8ns_32_2_1': 2 instance(s).
INFO: [RTGEN 206-100] Generating core module 'mul_5ns_16ns_20_1_1': 1 instance(s).
INFO: [RTGEN 206-100] Generating core module 'mul_8ns_8ns_16_1_1': 1 instance(s).
INFO: [RTGEN 206-100] Finished creating RTL model for 'conv_engine'.
INFO: [RTMG 210-278] Implementing memory 'conv_engine_p_ZZ11conv_enginePK7ap_uintILi32EES2_S2_PK6ap_intILi32EEPS3_ILi8EEtttthhhihhEjbC' using distributed RAMs.
INFO: [RTMG 210-278] Implementing memory 'conv_engine_p_ZZL16scan_and_computePK7ap_uintILi32EEP6ap_intILi8EEjjjjjjjjjjjjPA16_A64_A3bll' using auto RAMs.
INFO: [RTMG 210-278] Implementing memory 'conv_engine_p_ZZL16scan_and_computePK7ap_uintILi32EEP6ap_intILi8EEjjjjjjjjjjjjPA16_A64_A3bnm' using auto RAMs.
INFO: [RTMG 210-278] Implementing memory 'conv_engine_p_ZL12accum_onchip_0_RAM_2P_BRAM_1R1W' using block RAMs.
INFO: [RTMG 210-278] Implementing memory 'conv_engine_px_RAM_AUTO_1R1W' using auto RAMs.
INFO: [HLS 200-111] Finished Creating RTL model: CPU user time: 1 seconds. CPU system time: 0 seconds. Elapsed time: 4.804 seconds; current allocated memory: 878.223 MB.
INFO: [HLS 200-111] Finished Generating all RTL models: CPU user time: 1 seconds. CPU system time: 1 seconds. Elapsed time: 3.015 seconds; current allocated memory: 908.320 MB.
INFO: [HLS 200-1603] Design has inferred MAXI bursts and missed bursts, see Vitis HLS GUI synthesis summary report for detailed information.
INFO: [HLS 200-111] Finished Updating report files: CPU user time: 2 seconds. CPU system time: 1 seconds. Elapsed time: 2.431 seconds; current allocated memory: 932.453 MB.
INFO: [VHDL 208-304] Generating VHDL RTL for conv_engine.
INFO: [VLOG 209-307] Generating Verilog RTL for conv_engine.
INFO: [HLS 200-790] **** Loop Constraint Status: All loop constraints were NOT satisfied.
INFO: [HLS 200-789] **** Estimated Fmax: 130.57 MHz
INFO: [HLS 200-2161] Finished Command csynth_design Elapsed time: 00:01:06; Allocated memory: 323.070 MB.

==> C/RTL Co-simulation - classifier conv op 2, trace_level none. THIS is what replaces the cycle PREDICTION in python/cycle_model.py with a measurement. Expect "COSIM CONFIG PASS".
INFO: [HLS 200-1510] Running: cosim_design -trace_level none -argv --cosim-only 2 
INFO: [COSIM 212-47] Using XSIM for RTL simulation.
INFO: [COSIM 212-14] Instrumenting C test bench ...
   Build using "C:/Xilinx/Vitis/2024.2/vcxx/libexec/clang++"
   Compiling conv_engine_tb.cpp_pre.cpp.tb.cpp
   Compiling conv_engine.cpp_pre.cpp.tb.cpp
   Compiling apatb_conv_engine.cpp
   Compiling apatb_conv_engine_ir.ll
   Generating cosim.tv.exe
INFO: [COSIM 212-302] Starting C TB testing ... 
pack_unpack_selftest_fast: 16,777,216 combinations (plain-int model) PASS
pack_unpack_selftest_ap_int_sample: 216 corner + 20,000 random combinations (real ap_int types) PASS
=== COSIM op 2: conv2 (32->64 @24x24) ===
[conv2 (32->64 @24x24)] PASS: 36864 output values matched the reference bit-exactly (img 24x24x32 -> 24x24x64, k=3, pad=1) [포화 0.0%]
COSIM CONFIG PASS
INFO: [COSIM 212-333] Generating C post check test bench ...
INFO: [COSIM 212-12] Generating RTL test bench ...
INFO: [COSIM 212-1] *** C/RTL co-simulation file generation completed. ***
INFO: [COSIM 212-323] Starting verilog simulation. 
INFO: [COSIM 212-15] Starting XSIM ...

C:\Users\kccistc\Documents\final_project\hls\arty_96_classifier\conv_engine_tr8\conv_engine_prj\solution1\sim\verilog>set PATH= 

C:\Users\kccistc\Documents\final_project\hls\arty_96_classifier\conv_engine_tr8\conv_engine_prj\solution1\sim\verilog>call C:/Xilinx/Vivado/2024.2/bin/xelab xil_defaultlib.apatb_conv_engine_top glbl -Oenable_linking_all_libraries  -prj conv_engine.prj -L smartconnect_v1_0 -L axi_protocol_checker_v1_1_12 -L axi_protocol_checker_v1_1_13 -L axis_protocol_checker_v1_1_11 -L axis_protocol_checker_v1_1_12 -L xil_defaultlib -L unisims_ver -L xpm  -L floating_point_v7_0_24 -L floating_point_v7_1_19 --lib "ieee_proposed=./ieee_proposed" -s conv_engine  
Vivado Simulator v2024.2.0
Copyright 1986-2022 Xilinx, Inc. All Rights Reserved.
Copyright 2022-2024 Advanced Micro Devices, Inc. All Rights Reserved.
Running: C:/Xilinx/Vivado/2024.2/bin/unwrapped/win64.o/xelab.exe xil_defaultlib.apatb_conv_engine_top glbl -Oenable_linking_all_libraries -prj conv_engine.prj -L smartconnect_v1_0 -L axi_protocol_checker_v1_1_12 -L axi_protocol_checker_v1_1_13 -L axis_protocol_checker_v1_1_11 -L axis_protocol_checker_v1_1_12 -L xil_defaultlib -L unisims_ver -L xpm -L floating_point_v7_0_24 -L floating_point_v7_1_19 --lib ieee_proposed=./ieee_proposed -s conv_engine 
Multi-threading is on. Using 14 slave threads.
INFO: [VRFC 10-2263] Analyzing SystemVerilog file "C:/Users/kccistc/Documents/final_project/hls/arty_96_classifier/conv_engine_tr8/conv_engine_prj/solution1/sim/verilog/glbl.v" into library work
INFO: [VRFC 10-311] analyzing module glbl
INFO: [VRFC 10-2263] Analyzing SystemVerilog file "C:/Users/kccistc/Documents/final_project/hls/arty_96_classifier/conv_engine_tr8/conv_engine_prj/solution1/sim/verilog/AESL_axi_master_RD_BUS.v" into library xil_defaultlib
INFO: [VRFC 10-311] analyzing module AESL_axi_master_RD_BUS
INFO: [VRFC 10-2263] Analyzing SystemVerilog file "C:/Users/kccistc/Documents/final_project/hls/arty_96_classifier/conv_engine_tr8/conv_engine_prj/solution1/sim/verilog/AESL_axi_master_RD_BUS2.v" into library xil_defaultlib
INFO: [VRFC 10-311] analyzing module AESL_axi_master_RD_BUS2
INFO: [VRFC 10-2263] Analyzing SystemVerilog file "C:/Users/kccistc/Documents/final_project/hls/arty_96_classifier/conv_engine_tr8/conv_engine_prj/solution1/sim/verilog/AESL_axi_master_WR_BUS.v" into library xil_defaultlib
INFO: [VRFC 10-311] analyzing module AESL_axi_master_WR_BUS
INFO: [VRFC 10-2263] Analyzing SystemVerilog file "C:/Users/kccistc/Documents/final_project/hls/arty_96_classifier/conv_engine_tr8/conv_engine_prj/solution1/sim/verilog/AESL_axi_slave_CTRL.v" into library xil_defaultlib
INFO: [VRFC 10-311] analyzing module AESL_axi_slave_CTRL
INFO: [VRFC 10-2263] Analyzing SystemVerilog file "C:/Users/kccistc/Documents/final_project/hls/arty_96_classifier/conv_engine_tr8/conv_engine_prj/solution1/sim/verilog/conv_engine.autotb.v" into library xil_defaultlib
INFO: [VRFC 10-311] analyzing module apatb_conv_engine_top
INFO: [VRFC 10-2263] Analyzing SystemVerilog file "C:/Users/kccistc/Documents/final_project/hls/arty_96_classifier/conv_engine_tr8/conv_engine_prj/solution1/sim/verilog/conv_engine.v" into library xil_defaultlib
INFO: [VRFC 10-311] analyzing module conv_engine
INFO: [VRFC 10-2263] Analyzing SystemVerilog file "C:/Users/kccistc/Documents/final_project/hls/arty_96_classifier/conv_engine_tr8/conv_engine_prj/solution1/sim/verilog/conv_engine_conv_engine_Pipeline_FINISH_WR.v" into library xil_defaultlib
INFO: [VRFC 10-311] analyzing module conv_engine_conv_engine_Pipeline_FINISH_WR
INFO: [VRFC 10-2263] Analyzing SystemVerilog file "C:/Users/kccistc/Documents/final_project/hls/arty_96_classifier/conv_engine_tr8/conv_engine_prj/solution1/sim/verilog/conv_engine_conv_engine_Pipeline_FUSED_SHIFT_STEP.v" into library xil_defaultlib
INFO: [VRFC 10-311] analyzing module conv_engine_conv_engine_Pipeline_FUSED_SHIFT_STEP
INFO: [VRFC 10-2263] Analyzing SystemVerilog file "C:/Users/kccistc/Documents/final_project/hls/arty_96_classifier/conv_engine_tr8/conv_engine_prj/solution1/sim/verilog/conv_engine_conv_engine_Pipeline_FUSED_SHIFT_STEP_p_ZZL16scan_and_computePK7ap_uintILi32Ebkb.v" into library xil_defaultlib
INFO: [VRFC 10-311] analyzing module conv_engine_conv_engine_Pipeline_FUSED_SHIFT_STEP_p_ZZL16scan_and_computePK7ap_uintILi32Ebkb
INFO: [VRFC 10-2263] Analyzing SystemVerilog file "C:/Users/kccistc/Documents/final_project/hls/arty_96_classifier/conv_engine_tr8/conv_engine_prj/solution1/sim/verilog/conv_engine_conv_engine_Pipeline_LOAD_W_IC4.v" into library xil_defaultlib
INFO: [VRFC 10-311] analyzing module conv_engine_conv_engine_Pipeline_LOAD_W_IC4
INFO: [VRFC 10-2263] Analyzing SystemVerilog file "C:/Users/kccistc/Documents/final_project/hls/arty_96_classifier/conv_engine_tr8/conv_engine_prj/solution1/sim/verilog/conv_engine_conv_engine_Pipeline_LOAD_W_IC_SLOW.v" into library xil_defaultlib
INFO: [VRFC 10-311] analyzing module conv_engine_conv_engine_Pipeline_LOAD_W_IC_SLOW
INFO: [VRFC 10-2263] Analyzing SystemVerilog file "C:/Users/kccistc/Documents/final_project/hls/arty_96_classifier/conv_engine_tr8/conv_engine_prj/solution1/sim/verilog/conv_engine_conv_engine_Pipeline_MAC_REDUCE_MAC_KY_MAC_KX.v" into library xil_defaultlib
INFO: [VRFC 10-311] analyzing module conv_engine_conv_engine_Pipeline_MAC_REDUCE_MAC_KY_MAC_KX
INFO: [VRFC 10-2263] Analyzing SystemVerilog file "C:/Users/kccistc/Documents/final_project/hls/arty_96_classifier/conv_engine_tr8/conv_engine_prj/solution1/sim/verilog/conv_engine_conv_engine_Pipeline_READ_CH_ELEMS.v" into library xil_defaultlib
INFO: [VRFC 10-311] analyzing module conv_engine_conv_engine_Pipeline_READ_CH_ELEMS
INFO: [VRFC 10-2263] Analyzing SystemVerilog file "C:/Users/kccistc/Documents/final_project/hls/arty_96_classifier/conv_engine_tr8/conv_engine_prj/solution1/sim/verilog/conv_engine_CTRL_s_axi.v" into library xil_defaultlib
INFO: [VRFC 10-311] analyzing module conv_engine_CTRL_s_axi
INFO: [VRFC 10-2263] Analyzing SystemVerilog file "C:/Users/kccistc/Documents/final_project/hls/arty_96_classifier/conv_engine_tr8/conv_engine_prj/solution1/sim/verilog/conv_engine_flow_control_loop_pipe_sequential_init.v" into library xil_defaultlib
INFO: [VRFC 10-311] analyzing module conv_engine_flow_control_loop_pipe_sequential_init
INFO: [VRFC 10-2263] Analyzing SystemVerilog file "C:/Users/kccistc/Documents/final_project/hls/arty_96_classifier/conv_engine_tr8/conv_engine_prj/solution1/sim/verilog/conv_engine_mac_muladd_18s_9s_9s_25_4_1.v" into library xil_defaultlib
INFO: [VRFC 10-311] analyzing module conv_engine_mac_muladd_18s_9s_9s_25_4_1_DSP48_0
INFO: [VRFC 10-311] analyzing module conv_engine_mac_muladd_18s_9s_9s_25_4_1
INFO: [VRFC 10-2263] Analyzing SystemVerilog file "C:/Users/kccistc/Documents/final_project/hls/arty_96_classifier/conv_engine_tr8/conv_engine_prj/solution1/sim/verilog/conv_engine_mac_muladd_25s_16ns_32ns_32_4_1.v" into library xil_defaultlib
INFO: [VRFC 10-311] analyzing module conv_engine_mac_muladd_25s_16ns_32ns_32_4_1_DSP48_0
INFO: [VRFC 10-311] analyzing module conv_engine_mac_muladd_25s_16ns_32ns_32_4_1
INFO: [VRFC 10-2263] Analyzing SystemVerilog file "C:/Users/kccistc/Documents/final_project/hls/arty_96_classifier/conv_engine_tr8/conv_engine_prj/solution1/sim/verilog/conv_engine_mac_mul_sub_18s_16ns_8ns_32_4_1.v" into library xil_defaultlib
INFO: [VRFC 10-311] analyzing module conv_engine_mac_mul_sub_18s_16ns_8ns_32_4_1_DSP48_0
INFO: [VRFC 10-311] analyzing module conv_engine_mac_mul_sub_18s_16ns_8ns_32_4_1
INFO: [VRFC 10-2263] Analyzing SystemVerilog file "C:/Users/kccistc/Documents/final_project/hls/arty_96_classifier/conv_engine_tr8/conv_engine_prj/solution1/sim/verilog/conv_engine_mul_16ns_16ns_32_1_1.v" into library xil_defaultlib
INFO: [VRFC 10-311] analyzing module conv_engine_mul_16ns_16ns_32_1_1
INFO: [VRFC 10-2263] Analyzing SystemVerilog file "C:/Users/kccistc/Documents/final_project/hls/arty_96_classifier/conv_engine_tr8/conv_engine_prj/solution1/sim/verilog/conv_engine_mul_16ns_8ns_24_1_1.v" into library xil_defaultlib
INFO: [VRFC 10-311] analyzing module conv_engine_mul_16ns_8ns_24_1_1
INFO: [VRFC 10-2263] Analyzing SystemVerilog file "C:/Users/kccistc/Documents/final_project/hls/arty_96_classifier/conv_engine_tr8/conv_engine_prj/solution1/sim/verilog/conv_engine_mul_17ns_32s_32_2_1.v" into library xil_defaultlib
INFO: [VRFC 10-311] analyzing module conv_engine_mul_17ns_32s_32_2_1
INFO: [VRFC 10-2263] Analyzing SystemVerilog file "C:/Users/kccistc/Documents/final_project/hls/arty_96_classifier/conv_engine_tr8/conv_engine_prj/solution1/sim/verilog/conv_engine_mul_18s_16ns_32_1_1.v" into library xil_defaultlib
INFO: [VRFC 10-311] analyzing module conv_engine_mul_18s_16ns_32_1_1
INFO: [VRFC 10-2263] Analyzing SystemVerilog file "C:/Users/kccistc/Documents/final_project/hls/arty_96_classifier/conv_engine_tr8/conv_engine_prj/solution1/sim/verilog/conv_engine_mul_24s_8s_32_3_1.v" into library xil_defaultlib
INFO: [VRFC 10-311] analyzing module conv_engine_mul_24s_8s_32_3_1
INFO: [VRFC 10-2263] Analyzing SystemVerilog file "C:/Users/kccistc/Documents/final_project/hls/arty_96_classifier/conv_engine_tr8/conv_engine_prj/solution1/sim/verilog/conv_engine_mul_26s_11ns_26_1_1.v" into library xil_defaultlib
INFO: [VRFC 10-311] analyzing module conv_engine_mul_26s_11ns_26_1_1
INFO: [VRFC 10-2263] Analyzing SystemVerilog file "C:/Users/kccistc/Documents/final_project/hls/arty_96_classifier/conv_engine_tr8/conv_engine_prj/solution1/sim/verilog/conv_engine_mul_31s_5ns_31_2_1.v" into library xil_defaultlib
INFO: [VRFC 10-311] analyzing module conv_engine_mul_31s_5ns_31_2_1
INFO: [VRFC 10-2263] Analyzing SystemVerilog file "C:/Users/kccistc/Documents/final_project/hls/arty_96_classifier/conv_engine_tr8/conv_engine_prj/solution1/sim/verilog/conv_engine_mul_32s_16ns_32_2_1.v" into library xil_defaultlib
INFO: [VRFC 10-311] analyzing module conv_engine_mul_32s_16ns_32_2_1
INFO: [VRFC 10-2263] Analyzing SystemVerilog file "C:/Users/kccistc/Documents/final_project/hls/arty_96_classifier/conv_engine_tr8/conv_engine_prj/solution1/sim/verilog/conv_engine_mul_32s_32s_64_2_1.v" into library xil_defaultlib
INFO: [VRFC 10-311] analyzing module conv_engine_mul_32s_32s_64_2_1
INFO: [VRFC 10-2263] Analyzing SystemVerilog file "C:/Users/kccistc/Documents/final_project/hls/arty_96_classifier/conv_engine_tr8/conv_engine_prj/solution1/sim/verilog/conv_engine_mul_32s_5s_36_2_1.v" into library xil_defaultlib
INFO: [VRFC 10-311] analyzing module conv_engine_mul_32s_5s_36_2_1
INFO: [VRFC 10-2263] Analyzing SystemVerilog file "C:/Users/kccistc/Documents/final_project/hls/arty_96_classifier/conv_engine_tr8/conv_engine_prj/solution1/sim/verilog/conv_engine_mul_32s_8ns_32_2_1.v" into library xil_defaultlib
INFO: [VRFC 10-311] analyzing module conv_engine_mul_32s_8ns_32_2_1
INFO: [VRFC 10-2263] Analyzing SystemVerilog file "C:/Users/kccistc/Documents/final_project/hls/arty_96_classifier/conv_engine_tr8/conv_engine_prj/solution1/sim/verilog/conv_engine_mul_5ns_16ns_20_1_1.v" into library xil_defaultlib
INFO: [VRFC 10-311] analyzing module conv_engine_mul_5ns_16ns_20_1_1
INFO: [VRFC 10-2263] Analyzing SystemVerilog file "C:/Users/kccistc/Documents/final_project/hls/arty_96_classifier/conv_engine_tr8/conv_engine_prj/solution1/sim/verilog/conv_engine_mul_8ns_8ns_16_1_1.v" into library xil_defaultlib
INFO: [VRFC 10-311] analyzing module conv_engine_mul_8ns_8ns_16_1_1
INFO: [VRFC 10-2263] Analyzing SystemVerilog file "C:/Users/kccistc/Documents/final_project/hls/arty_96_classifier/conv_engine_tr8/conv_engine_prj/solution1/sim/verilog/conv_engine_partselect_8ns_32ns_32ns_8_1_1.v" into library xil_defaultlib
INFO: [VRFC 10-311] analyzing module conv_engine_partselect_8ns_32ns_32ns_8_1_1
INFO: [VRFC 10-2263] Analyzing SystemVerilog file "C:/Users/kccistc/Documents/final_project/hls/arty_96_classifier/conv_engine_tr8/conv_engine_prj/solution1/sim/verilog/conv_engine_px_RAM_AUTO_1R1W.v" into library xil_defaultlib
INFO: [VRFC 10-311] analyzing module conv_engine_px_RAM_AUTO_1R1W
INFO: [VRFC 10-2263] Analyzing SystemVerilog file "C:/Users/kccistc/Documents/final_project/hls/arty_96_classifier/conv_engine_tr8/conv_engine_prj/solution1/sim/verilog/conv_engine_p_ZL12accum_onchip_0_RAM_2P_BRAM_1R1W.v" into library xil_defaultlib
INFO: [VRFC 10-311] analyzing module conv_engine_p_ZL12accum_onchip_0_RAM_2P_BRAM_1R1W
INFO: [VRFC 10-2263] Analyzing SystemVerilog file "C:/Users/kccistc/Documents/final_project/hls/arty_96_classifier/conv_engine_tr8/conv_engine_prj/solution1/sim/verilog/conv_engine_p_ZZ11conv_enginePK7ap_uintILi32EES2_S2_PK6ap_intILi32EEPS3_ILi8EEtttthhhihhEjbC.v" into library xil_defaultlib
INFO: [VRFC 10-311] analyzing module conv_engine_p_ZZ11conv_enginePK7ap_uintILi32EES2_S2_PK6ap_intILi32EEPS3_ILi8EEtttthhhihhEjbC
INFO: [VRFC 10-2263] Analyzing SystemVerilog file "C:/Users/kccistc/Documents/final_project/hls/arty_96_classifier/conv_engine_tr8/conv_engine_prj/solution1/sim/verilog/conv_engine_p_ZZL16scan_and_computePK7ap_uintILi32EEP6ap_intILi8EEjjjjjjjjjjjjPA16_A64_A3bll.v" into library xil_defaultlib
INFO: [VRFC 10-311] analyzing module conv_engine_p_ZZL16scan_and_computePK7ap_uintILi32EEP6ap_intILi8EEjjjjjjjjjjjjPA16_A64_A3bll
INFO: [VRFC 10-2263] Analyzing SystemVerilog file "C:/Users/kccistc/Documents/final_project/hls/arty_96_classifier/conv_engine_tr8/conv_engine_prj/solution1/sim/verilog/conv_engine_p_ZZL16scan_and_computePK7ap_uintILi32EEP6ap_intILi8EEjjjjjjjjjjjjPA16_A64_A3bnm.v" into library xil_defaultlib
INFO: [VRFC 10-311] analyzing module conv_engine_p_ZZL16scan_and_computePK7ap_uintILi32EEP6ap_intILi8EEjjjjjjjjjjjjPA16_A64_A3bnm
INFO: [VRFC 10-2263] Analyzing SystemVerilog file "C:/Users/kccistc/Documents/final_project/hls/arty_96_classifier/conv_engine_tr8/conv_engine_prj/solution1/sim/verilog/conv_engine_RD_BUS2_m_axi.v" into library xil_defaultlib
INFO: [VRFC 10-311] analyzing module conv_engine_RD_BUS2_m_axi
INFO: [VRFC 10-311] analyzing module conv_engine_RD_BUS2_m_axi_load
INFO: [VRFC 10-311] analyzing module conv_engine_RD_BUS2_m_axi_store
INFO: [VRFC 10-311] analyzing module conv_engine_RD_BUS2_m_axi_read
INFO: [VRFC 10-311] analyzing module conv_engine_RD_BUS2_m_axi_write
INFO: [VRFC 10-311] analyzing module conv_engine_RD_BUS2_m_axi_burst_converter
INFO: [VRFC 10-311] analyzing module conv_engine_RD_BUS2_m_axi_throttle
INFO: [VRFC 10-311] analyzing module conv_engine_RD_BUS2_m_axi_reg_slice
INFO: [VRFC 10-311] analyzing module conv_engine_RD_BUS2_m_axi_fifo
INFO: [VRFC 10-311] analyzing module conv_engine_RD_BUS2_m_axi_srl
INFO: [VRFC 10-311] analyzing module conv_engine_RD_BUS2_m_axi_mem
INFO: [VRFC 10-2263] Analyzing SystemVerilog file "C:/Users/kccistc/Documents/final_project/hls/arty_96_classifier/conv_engine_tr8/conv_engine_prj/solution1/sim/verilog/conv_engine_RD_BUS_m_axi.v" into library xil_defaultlib
INFO: [VRFC 10-311] analyzing module conv_engine_RD_BUS_m_axi
INFO: [VRFC 10-311] analyzing module conv_engine_RD_BUS_m_axi_load
INFO: [VRFC 10-311] analyzing module conv_engine_RD_BUS_m_axi_store
INFO: [VRFC 10-311] analyzing module conv_engine_RD_BUS_m_axi_read
INFO: [VRFC 10-311] analyzing module conv_engine_RD_BUS_m_axi_write
INFO: [VRFC 10-311] analyzing module conv_engine_RD_BUS_m_axi_burst_converter
INFO: [VRFC 10-311] analyzing module conv_engine_RD_BUS_m_axi_throttle
INFO: [VRFC 10-311] analyzing module conv_engine_RD_BUS_m_axi_reg_slice
INFO: [VRFC 10-311] analyzing module conv_engine_RD_BUS_m_axi_fifo
INFO: [VRFC 10-311] analyzing module conv_engine_RD_BUS_m_axi_srl
INFO: [VRFC 10-311] analyzing module conv_engine_RD_BUS_m_axi_mem
INFO: [VRFC 10-2263] Analyzing SystemVerilog file "C:/Users/kccistc/Documents/final_project/hls/arty_96_classifier/conv_engine_tr8/conv_engine_prj/solution1/sim/verilog/conv_engine_sparsemux_65_5_32_1_1.v" into library xil_defaultlib
INFO: [VRFC 10-311] analyzing module conv_engine_sparsemux_65_5_32_1_1
INFO: [VRFC 10-2263] Analyzing SystemVerilog file "C:/Users/kccistc/Documents/final_project/hls/arty_96_classifier/conv_engine_tr8/conv_engine_prj/solution1/sim/verilog/conv_engine_sparsemux_7_2_64_1_1.v" into library xil_defaultlib
INFO: [VRFC 10-311] analyzing module conv_engine_sparsemux_7_2_64_1_1
INFO: [VRFC 10-2263] Analyzing SystemVerilog file "C:/Users/kccistc/Documents/final_project/hls/arty_96_classifier/conv_engine_tr8/conv_engine_prj/solution1/sim/verilog/conv_engine_sparsemux_7_2_8_1_1.v" into library xil_defaultlib
INFO: [VRFC 10-311] analyzing module conv_engine_sparsemux_7_2_8_1_1
INFO: [VRFC 10-2263] Analyzing SystemVerilog file "C:/Users/kccistc/Documents/final_project/hls/arty_96_classifier/conv_engine_tr8/conv_engine_prj/solution1/sim/verilog/conv_engine_WR_BUS_m_axi.v" into library xil_defaultlib
INFO: [VRFC 10-311] analyzing module conv_engine_WR_BUS_m_axi
INFO: [VRFC 10-311] analyzing module conv_engine_WR_BUS_m_axi_load
INFO: [VRFC 10-311] analyzing module conv_engine_WR_BUS_m_axi_store
INFO: [VRFC 10-311] analyzing module conv_engine_WR_BUS_m_axi_read
INFO: [VRFC 10-311] analyzing module conv_engine_WR_BUS_m_axi_write
INFO: [VRFC 10-311] analyzing module conv_engine_WR_BUS_m_axi_burst_converter
INFO: [VRFC 10-311] analyzing module conv_engine_WR_BUS_m_axi_throttle
INFO: [VRFC 10-311] analyzing module conv_engine_WR_BUS_m_axi_reg_slice
INFO: [VRFC 10-311] analyzing module conv_engine_WR_BUS_m_axi_fifo
INFO: [VRFC 10-311] analyzing module conv_engine_WR_BUS_m_axi_srl
INFO: [VRFC 10-311] analyzing module conv_engine_WR_BUS_m_axi_mem
INFO: [VRFC 10-2263] Analyzing SystemVerilog file "C:/Users/kccistc/Documents/final_project/hls/arty_96_classifier/conv_engine_tr8/conv_engine_prj/solution1/sim/verilog/dataflow_monitor.sv" into library xil_defaultlib
INFO: [VRFC 10-311] analyzing module dataflow_monitor
Starting static elaboration
Pass Through NonSizing Optimizer
Completed static elaboration
Starting simulation data flow analysis
Completed simulation data flow analysis
Time Resolution for simulation is 1ps
Compiling package xil_defaultlib.$unit_dataflow_monitor_sv
Compiling module xil_defaultlib.conv_engine_p_ZZ11conv_enginePK7...
Compiling module xil_defaultlib.conv_engine_p_ZZL16scan_and_comp...
Compiling module xil_defaultlib.conv_engine_p_ZZL16scan_and_comp...
Compiling module xil_defaultlib.conv_engine_p_ZL12accum_onchip_0...
Compiling module xil_defaultlib.conv_engine_px_RAM_AUTO_1R1W
Compiling module xil_defaultlib.conv_engine_partselect_8ns_32ns_...
Compiling module xil_defaultlib.conv_engine_flow_control_loop_pi...
Compiling module xil_defaultlib.conv_engine_conv_engine_Pipeline...
Compiling module xil_defaultlib.conv_engine_conv_engine_Pipeline...
Compiling module xil_defaultlib.conv_engine_conv_engine_Pipeline...
Compiling module xil_defaultlib.conv_engine_conv_engine_Pipeline...
Compiling module xil_defaultlib.conv_engine_conv_engine_Pipeline...
Compiling module xil_defaultlib.conv_engine_sparsemux_7_2_8_1_1(...
Compiling module xil_defaultlib.conv_engine_mul_24s_8s_32_3_1(NU...
Compiling module xil_defaultlib.conv_engine_conv_engine_Pipeline...
Compiling module xil_defaultlib.conv_engine_mul_32s_32s_64_2_1(N...
Compiling module xil_defaultlib.conv_engine_sparsemux_65_5_32_1_...
Compiling module xil_defaultlib.conv_engine_mul_32s_5s_36_2_1(NU...
Compiling module xil_defaultlib.conv_engine_sparsemux_7_2_64_1_1...
Compiling module xil_defaultlib.conv_engine_conv_engine_Pipeline...
Compiling module xil_defaultlib.conv_engine_CTRL_s_axi
Compiling module xil_defaultlib.conv_engine_RD_BUS_m_axi_srl(DAT...
Compiling module xil_defaultlib.conv_engine_RD_BUS_m_axi_fifo(DA...
Compiling module xil_defaultlib.conv_engine_RD_BUS_m_axi_mem(MEM...
Compiling module xil_defaultlib.conv_engine_RD_BUS_m_axi_fifo(ME...
Compiling module xil_defaultlib.conv_engine_RD_BUS_m_axi_load(NU...
Compiling module xil_defaultlib.conv_engine_RD_BUS_m_axi_reg_sli...
Compiling module xil_defaultlib.conv_engine_RD_BUS_m_axi_burst_c...
Compiling module xil_defaultlib.conv_engine_RD_BUS_m_axi_reg_sli...
Compiling module xil_defaultlib.conv_engine_RD_BUS_m_axi_srl(DAT...
Compiling module xil_defaultlib.conv_engine_RD_BUS_m_axi_fifo(DA...
Compiling module xil_defaultlib.conv_engine_RD_BUS_m_axi_read(C_...
Compiling module xil_defaultlib.conv_engine_RD_BUS_m_axi(CONSERV...
Compiling module xil_defaultlib.conv_engine_RD_BUS2_m_axi_srl(DA...
Compiling module xil_defaultlib.conv_engine_RD_BUS2_m_axi_fifo(D...
Compiling module xil_defaultlib.conv_engine_RD_BUS2_m_axi_mem(ME...
Compiling module xil_defaultlib.conv_engine_RD_BUS2_m_axi_fifo(M...
Compiling module xil_defaultlib.conv_engine_RD_BUS2_m_axi_load(N...
Compiling module xil_defaultlib.conv_engine_RD_BUS2_m_axi_reg_sl...
Compiling module xil_defaultlib.conv_engine_RD_BUS2_m_axi_burst_...
Compiling module xil_defaultlib.conv_engine_RD_BUS2_m_axi_reg_sl...
Compiling module xil_defaultlib.conv_engine_RD_BUS2_m_axi_srl(DA...
Compiling module xil_defaultlib.conv_engine_RD_BUS2_m_axi_fifo(D...
Compiling module xil_defaultlib.conv_engine_RD_BUS2_m_axi_read(C...
Compiling module xil_defaultlib.conv_engine_RD_BUS2_m_axi(CONSER...
Compiling module xil_defaultlib.conv_engine_WR_BUS_m_axi_srl(DAT...
Compiling module xil_defaultlib.conv_engine_WR_BUS_m_axi_fifo(DA...
Compiling module xil_defaultlib.conv_engine_WR_BUS_m_axi_mem(MEM...
Compiling module xil_defaultlib.conv_engine_WR_BUS_m_axi_fifo(ME...
Compiling module xil_defaultlib.conv_engine_WR_BUS_m_axi_srl(DAT...
Compiling module xil_defaultlib.conv_engine_WR_BUS_m_axi_fifo(DA...
Compiling module xil_defaultlib.conv_engine_WR_BUS_m_axi_srl(DAT...
Compiling module xil_defaultlib.conv_engine_WR_BUS_m_axi_fifo(DA...
Compiling module xil_defaultlib.conv_engine_WR_BUS_m_axi_srl(DAT...
Compiling module xil_defaultlib.conv_engine_WR_BUS_m_axi_fifo(DA...
Compiling module xil_defaultlib.conv_engine_WR_BUS_m_axi_store(N...
Compiling module xil_defaultlib.conv_engine_WR_BUS_m_axi_reg_sli...
Compiling module xil_defaultlib.conv_engine_WR_BUS_m_axi_burst_c...
Compiling module xil_defaultlib.conv_engine_WR_BUS_m_axi_srl(DAT...
Compiling module xil_defaultlib.conv_engine_WR_BUS_m_axi_fifo(DA...
Compiling module xil_defaultlib.conv_engine_WR_BUS_m_axi_reg_sli...
Compiling module xil_defaultlib.conv_engine_WR_BUS_m_axi_srl(DAT...
Compiling module xil_defaultlib.conv_engine_WR_BUS_m_axi_fifo(DA...
Compiling module xil_defaultlib.conv_engine_WR_BUS_m_axi_srl(DAT...
Compiling module xil_defaultlib.conv_engine_WR_BUS_m_axi_fifo(DA...
Compiling module xil_defaultlib.conv_engine_WR_BUS_m_axi_throttl...
Compiling module xil_defaultlib.conv_engine_WR_BUS_m_axi_reg_sli...
Compiling module xil_defaultlib.conv_engine_WR_BUS_m_axi_write(C...
Compiling module xil_defaultlib.conv_engine_WR_BUS_m_axi(CONSERV...
Compiling module xil_defaultlib.conv_engine_mul_17ns_32s_32_2_1(...
Compiling module xil_defaultlib.conv_engine_mul_26s_11ns_26_1_1(...
Compiling module xil_defaultlib.conv_engine_mul_32s_8ns_32_2_1(N...
Compiling module xil_defaultlib.conv_engine_mul_32s_16ns_32_2_1(...
Compiling module xil_defaultlib.conv_engine_mul_8ns_8ns_16_1_1(N...
Compiling module xil_defaultlib.conv_engine_mul_16ns_16ns_32_1_1...
Compiling module xil_defaultlib.conv_engine_mul_16ns_8ns_24_1_1(...
Compiling module xil_defaultlib.conv_engine_mul_18s_16ns_32_1_1(...
Compiling module xil_defaultlib.conv_engine_mul_5ns_16ns_20_1_1(...
Compiling module xil_defaultlib.conv_engine_mul_31s_5ns_31_2_1(N...
Compiling module xil_defaultlib.conv_engine_mac_muladd_18s_9s_9s...
Compiling module xil_defaultlib.conv_engine_mac_muladd_18s_9s_9s...
Compiling module xil_defaultlib.conv_engine_mac_mul_sub_18s_16ns...
Compiling module xil_defaultlib.conv_engine_mac_mul_sub_18s_16ns...
Compiling module xil_defaultlib.conv_engine_mac_muladd_25s_16ns_...
Compiling module xil_defaultlib.conv_engine_mac_muladd_25s_16ns_...
Compiling module xil_defaultlib.conv_engine
Compiling module xil_defaultlib.AESL_axi_master_RD_BUS
Compiling module xil_defaultlib.AESL_axi_master_RD_BUS2
Compiling module xil_defaultlib.AESL_axi_master_WR_BUS
Compiling module xil_defaultlib.AESL_axi_slave_CTRL
Compiling module xil_defaultlib.nodf_module_intf_default
Compiling module xil_defaultlib.seq_loop_intf(FSM_WIDTH=69)
Compiling module xil_defaultlib.upc_loop_intf(FSM_WIDTH=1)
Compiling module xil_defaultlib.upc_loop_intf_default
Compiling module xil_defaultlib.dataflow_monitor_1
Compiling module xil_defaultlib.apatb_conv_engine_top
Compiling module work.glbl
Built simulation snapshot conv_engine

****** xsim v2024.2 (64-bit)
  **** SW Build 5239630 on Fri Nov 08 22:35:27 MST 2024
  **** IP Build 5239520 on Sun Nov 10 16:12:51 MST 2024
  **** SharedData Build 5239561 on Fri Nov 08 14:39:27 MST 2024
  **** Start of session at: Wed Aug 19 09:46:02 2026
    ** Copyright 1986-2022 Xilinx, Inc. All Rights Reserved.
    ** Copyright 2022-2024 Advanced Micro Devices, Inc. All Rights Reserved.

source xsim.dir/conv_engine/xsim_script.tcl
# xsim {conv_engine} -autoloadwcfg -tclbatch {conv_engine.tcl}
Time resolution is 1 ps
source conv_engine.tcl
## run all
////////////////////////////////////////////////////////////////////////////////////
// Inter-Transaction Progress: Completed Transaction / Total Transaction
// Intra-Transaction Progress: Measured Latency / Latency Estimation * 100%
//
// RTL Simulation : "Inter-Transaction Progress" ["Intra-Transaction Progress"] @ "Simulation Time"
////////////////////////////////////////////////////////////////////////////////////
// RTL Simulation : 0 / 1 [0.00%] @ "125000"
// RTL Simulation : 1 / 1 [100.00%] @ "2051815000"
////////////////////////////////////////////////////////////////////////////////////
$finish called at time : 2051875 ns : File "C:/Users/kccistc/Documents/final_project/hls/arty_96_classifier/conv_engine_tr8/conv_engine_prj/solution1/sim/verilog/conv_engine.autotb.v" Line 791
run: Time (s): cpu = 00:00:00 ; elapsed = 00:00:31 . Memory (MB): peak = 203.398 ; gain = 0.000
## quit
INFO: xsimkernel Simulation Memory Usage: 56320 KB (Peak: 56320 KB), Simulation CPU Usage: 31468 ms
INFO: [Common 17-206] Exiting xsim at Wed Aug 19 09:46:36 2026...
INFO: [COSIM 212-316] Starting C post checking ...
pack_unpack_selftest_fast: 16,777,216 combinations (plain-int model) PASS
pack_unpack_selftest_ap_int_sample: 216 corner + 20,000 random combinations (real ap_int types) PASS
=== COSIM op 2: conv2 (32->64 @24x24) ===
[conv2 (32->64 @24x24)] PASS: 36864 output values matched the reference bit-exactly (img 24x24x32 -> 24x24x64, k=3, pad=1) [포화 0.0%]
COSIM CONFIG PASS
INFO: [COSIM 212-1000] *** C/RTL co-simulation finished: PASS ***
INFO: [COSIM 212-211] II is measurable only when transaction number is greater than 1 in RTL simulation. Otherwise, they will be marked as all NA. If user wants to calculate them, please make sure there are at least 2 transactions in RTL simulation.
INFO: [HLS 200-2161] Finished Command cosim_design Elapsed time: 00:01:18; Allocated memory: 7.410 MB.

==> DONE. Judge by the PASS markers above and by the exit code, not by the absence of errors in the log.
INFO: [HLS 200-1510] Running: close_project 
INFO: [HLS 200-112] Total CPU user time: 31 seconds. Total CPU system time: 8 seconds. Total elapsed time: 186.167 seconds; peak allocated memory: 939.863 MB.
