
****** Vivado v2024.2 (64-bit)
  **** SW Build 5239630 on Fri Nov 08 22:35:27 MST 2024
  **** IP Build 5239520 on Sun Nov 10 16:12:51 MST 2024
  **** SharedData Build 5239561 on Fri Nov 08 14:39:27 MST 2024
  **** Start of session at: Wed Aug 19 09:52:48 2026
    ** Copyright 1986-2022 Xilinx, Inc. All Rights Reserved.
    ** Copyright 2022-2024 Advanced Micro Devices, Inc. All Rights Reserved.

source build_arty96_classifier.tcl
# set SCRIPT_DIR [file normalize [file dirname [info script]]]
# set HLS_DIR    [file normalize $SCRIPT_DIR/..]
# set PROJ_NAME  s1
# set BD_ONLY [expr {[info exists ::env(BD_ONLY)]
#                    || [file exists $SCRIPT_DIR/BD_ONLY]}]
# if {$BD_ONLY} {
#     puts "== BD_ONLY 모드 (BD 생성 + PS7 프리셋 검증까지만, 합성/구현 없음)"
# }
# set BD_NAME    cls
# set PART       xc7z020clg400-1
# set CLK_MHZ    100
# set IP_REPOS [list \
#     "$HLS_DIR/conv_engine_tr8/conv_engine_prj/solution1/impl/ip" \
#     "$HLS_DIR/conv0_engine/conv0_engine_prj/solution1/impl/ip" \
#     "$HLS_DIR/maxpool_engine/maxpool_engine_prj/solution1/impl/ip" \
# ]
# foreach r $IP_REPOS {
#     if {![file isdirectory $r]} {
#         puts "== FATAL: IP 저장소 없음: $r"
#         puts "==        먼저 패키징할 것: RUN_HLS_PACKAGE=1 vitis_hls -f <engine>/run_hls.tcl"
#         exit 1
#     }
# }
# puts "== IP 저장소 [llength $IP_REPOS]개 확인 OK"
== IP 저장소 3개 확인 OK
# create_project $PROJ_NAME $SCRIPT_DIR/$PROJ_NAME -part $PART -force
create_project: Time (s): cpu = 00:00:05 ; elapsed = 00:00:06 . Memory (MB): peak = 619.473 ; gain = 191.480
# set_property ip_repo_paths $IP_REPOS [current_project]
# update_ip_catalog -rebuild
INFO: [IP_Flow 19-234] Refreshing IP repositories
INFO: [IP_Flow 19-1700] Loaded user IP repository 'c:/Users/kccistc/Documents/final_project/hls/arty_96_classifier/conv_engine_tr8/conv_engine_prj/solution1/impl/ip'.
INFO: [IP_Flow 19-1700] Loaded user IP repository 'c:/Users/kccistc/Documents/final_project/hls/arty_96_classifier/conv0_engine/conv0_engine_prj/solution1/impl/ip'.
INFO: [IP_Flow 19-1700] Loaded user IP repository 'c:/Users/kccistc/Documents/final_project/hls/arty_96_classifier/maxpool_engine/maxpool_engine_prj/solution1/impl/ip'.
INFO: [IP_Flow 19-2313] Loaded Vivado IP repository 'C:/Xilinx/Vivado/2024.2/data/ip'.
# create_bd_design cls
Wrote  : <C:\Users\kccistc\Documents\final_project\hls\arty_96_classifier\system\s1\s1.srcs\sources_1\bd\cls\cls.bd> 
# current_bd_design $BD_NAME
# set ps [create_bd_cell -type ip -vlnv [get_ipdefs -filter {NAME == "processing_system7"}] ps7_0]
# apply_bd_automation -rule xilinx.com:bd_rule:processing_system7 \
#     -config {make_external "FIXED_IO, DDR" apply_board_preset "0" Master "Disable" Slave "Disable"} \
#     [get_bd_cells ps7_0]
WARNING: [Boardtcl 53-1] No current board_part set.
# source $SCRIPT_DIR/arty_ps7_preset_z7_20.tcl
## if {[llength [get_bd_cells -quiet ps7_0]] == 0} {
##     puts "== FATAL: ps7_0 not found."
##     exit 1
## }
## puts "== Applying Digilent Arty Z7-20 PS7 preset (884 parameters)"
== Applying Digilent Arty Z7-20 PS7 preset (884 parameters)
## set_property -dict [list \
##     CONFIG.PCW_DDR_RAM_BASEADDR                    {0x00100000} \
##     CONFIG.PCW_DDR_RAM_HIGHADDR                    {0x1FFFFFFF} \
##     CONFIG.PCW_UART0_BASEADDR                      {0xE0000000} \
##     CONFIG.PCW_UART0_HIGHADDR                      {0xE0000FFF} \
##     CONFIG.PCW_UART1_BASEADDR                      {0xE0001000} \
##     CONFIG.PCW_UART1_HIGHADDR                      {0xE0001FFF} \
##     CONFIG.PCW_I2C0_BASEADDR                       {0xE0004000} \
##     CONFIG.PCW_I2C0_HIGHADDR                       {0xE0004FFF} \
##     CONFIG.PCW_I2C1_BASEADDR                       {0xE0005000} \
##     CONFIG.PCW_I2C1_HIGHADDR                       {0xE0005FFF} \
##     CONFIG.PCW_SPI0_BASEADDR                       {0xE0006000} \
##     CONFIG.PCW_SPI0_HIGHADDR                       {0xE0006FFF} \
##     CONFIG.PCW_SPI1_BASEADDR                       {0xE0007000} \
##     CONFIG.PCW_SPI1_HIGHADDR                       {0xE0007FFF} \
##     CONFIG.PCW_CAN0_BASEADDR                       {0xE0008000} \
##     CONFIG.PCW_CAN0_HIGHADDR                       {0xE0008FFF} \
##     CONFIG.PCW_CAN1_BASEADDR                       {0xE0009000} \
##     CONFIG.PCW_CAN1_HIGHADDR                       {0xE0009FFF} \
##     CONFIG.PCW_GPIO_BASEADDR                       {0xE000A000} \
##     CONFIG.PCW_GPIO_HIGHADDR                       {0xE000AFFF} \
##     CONFIG.PCW_ENET0_BASEADDR                      {0xE000B000} \
##     CONFIG.PCW_ENET0_HIGHADDR                      {0xE000BFFF} \
##     CONFIG.PCW_ENET1_BASEADDR                      {0xE000C000} \
##     CONFIG.PCW_ENET1_HIGHADDR                      {0xE000CFFF} \
##     CONFIG.PCW_SDIO0_BASEADDR                      {0xE0100000} \
##     CONFIG.PCW_SDIO0_HIGHADDR                      {0xE0100FFF} \
##     CONFIG.PCW_SDIO1_BASEADDR                      {0xE0101000} \
##     CONFIG.PCW_SDIO1_HIGHADDR                      {0xE0101FFF} \
##     CONFIG.PCW_USB0_BASEADDR                       {0xE0102000} \
##     CONFIG.PCW_USB0_HIGHADDR                       {0xE0102fff} \
##     CONFIG.PCW_USB1_BASEADDR                       {0xE0103000} \
##     CONFIG.PCW_USB1_HIGHADDR                       {0xE0103fff} \
##     CONFIG.PCW_TTC0_BASEADDR                       {0xE0104000} \
##     CONFIG.PCW_TTC0_HIGHADDR                       {0xE0104fff} \
##     CONFIG.PCW_TTC1_BASEADDR                       {0xE0105000} \
##     CONFIG.PCW_TTC1_HIGHADDR                       {0xE0105fff} \
##     CONFIG.PCW_FCLK_CLK0_BUF                       {true} \
##     CONFIG.PCW_FCLK_CLK1_BUF                       {false} \
##     CONFIG.PCW_FCLK_CLK2_BUF                       {false} \
##     CONFIG.PCW_FCLK_CLK3_BUF                       {false} \
##     CONFIG.PCW_UIPARAM_DDR_FREQ_MHZ                {525} \
##     CONFIG.PCW_UIPARAM_DDR_BANK_ADDR_COUNT         {3} \
##     CONFIG.PCW_UIPARAM_DDR_ROW_ADDR_COUNT          {15} \
##     CONFIG.PCW_UIPARAM_DDR_COL_ADDR_COUNT          {10} \
##     CONFIG.PCW_UIPARAM_DDR_CL                      {7} \
##     CONFIG.PCW_UIPARAM_DDR_CWL                     {6} \
##     CONFIG.PCW_UIPARAM_DDR_T_RCD                   {7} \
##     CONFIG.PCW_UIPARAM_DDR_T_RP                    {7} \
##     CONFIG.PCW_UIPARAM_DDR_T_RC                    {48.91} \
##     CONFIG.PCW_UIPARAM_DDR_T_RAS_MIN               {35.0} \
##     CONFIG.PCW_UIPARAM_DDR_T_FAW                   {40.0} \
##     CONFIG.PCW_UIPARAM_DDR_AL                      {0} \
##     CONFIG.PCW_UIPARAM_DDR_DQS_TO_CLK_DELAY_0      {0.040} \
##     CONFIG.PCW_UIPARAM_DDR_DQS_TO_CLK_DELAY_1      {0.058} \
##     CONFIG.PCW_UIPARAM_DDR_DQS_TO_CLK_DELAY_2      {-0.009} \
##     CONFIG.PCW_UIPARAM_DDR_DQS_TO_CLK_DELAY_3      {-0.033} \
##     CONFIG.PCW_UIPARAM_DDR_BOARD_DELAY0            {0.223} \
##     CONFIG.PCW_UIPARAM_DDR_BOARD_DELAY1            {0.212} \
##     CONFIG.PCW_UIPARAM_DDR_BOARD_DELAY2            {0.085} \
##     CONFIG.PCW_UIPARAM_DDR_BOARD_DELAY3            {0.092} \
##     CONFIG.PCW_UIPARAM_DDR_DQS_0_LENGTH_MM         {15.6} \
##     CONFIG.PCW_UIPARAM_DDR_DQS_1_LENGTH_MM         {18.8} \
##     CONFIG.PCW_UIPARAM_DDR_DQS_2_LENGTH_MM         {0} \
##     CONFIG.PCW_UIPARAM_DDR_DQS_3_LENGTH_MM         {0} \
##     CONFIG.PCW_UIPARAM_DDR_DQ_0_LENGTH_MM          {16.5} \
##     CONFIG.PCW_UIPARAM_DDR_DQ_1_LENGTH_MM          {18} \
##     CONFIG.PCW_UIPARAM_DDR_DQ_2_LENGTH_MM          {0} \
##     CONFIG.PCW_UIPARAM_DDR_DQ_3_LENGTH_MM          {0} \
##     CONFIG.PCW_UIPARAM_DDR_CLOCK_0_LENGTH_MM       {25.8} \
##     CONFIG.PCW_UIPARAM_DDR_CLOCK_1_LENGTH_MM       {25.8} \
##     CONFIG.PCW_UIPARAM_DDR_CLOCK_2_LENGTH_MM       {0} \
##     CONFIG.PCW_UIPARAM_DDR_CLOCK_3_LENGTH_MM       {0} \
##     CONFIG.PCW_UIPARAM_DDR_DQS_0_PACKAGE_LENGTH    {105.056} \
##     CONFIG.PCW_UIPARAM_DDR_DQS_1_PACKAGE_LENGTH    {66.904} \
##     CONFIG.PCW_UIPARAM_DDR_DQS_2_PACKAGE_LENGTH    {89.1715} \
##     CONFIG.PCW_UIPARAM_DDR_DQS_3_PACKAGE_LENGTH    {113.63} \
##     CONFIG.PCW_UIPARAM_DDR_DQ_0_PACKAGE_LENGTH     {98.503} \
##     CONFIG.PCW_UIPARAM_DDR_DQ_1_PACKAGE_LENGTH     {68.5855} \
##     CONFIG.PCW_UIPARAM_DDR_DQ_2_PACKAGE_LENGTH     {90.295} \
##     CONFIG.PCW_UIPARAM_DDR_DQ_3_PACKAGE_LENGTH     {103.977} \
##     CONFIG.PCW_UIPARAM_DDR_CLOCK_0_PACKAGE_LENGTH  {80.4535} \
##     CONFIG.PCW_UIPARAM_DDR_CLOCK_1_PACKAGE_LENGTH  {80.4535} \
##     CONFIG.PCW_UIPARAM_DDR_CLOCK_2_PACKAGE_LENGTH  {80.4535} \
##     CONFIG.PCW_UIPARAM_DDR_CLOCK_3_PACKAGE_LENGTH  {80.4535} \
##     CONFIG.PCW_UIPARAM_DDR_DQS_0_PROPOGATION_DELAY {160} \
##     CONFIG.PCW_UIPARAM_DDR_DQS_1_PROPOGATION_DELAY {160} \
##     CONFIG.PCW_UIPARAM_DDR_DQS_2_PROPOGATION_DELAY {160} \
##     CONFIG.PCW_UIPARAM_DDR_DQS_3_PROPOGATION_DELAY {160} \
##     CONFIG.PCW_UIPARAM_DDR_DQ_0_PROPOGATION_DELAY  {160} \
##     CONFIG.PCW_UIPARAM_DDR_DQ_1_PROPOGATION_DELAY  {160} \
##     CONFIG.PCW_UIPARAM_DDR_DQ_2_PROPOGATION_DELAY  {160} \
##     CONFIG.PCW_UIPARAM_DDR_DQ_3_PROPOGATION_DELAY  {160} \
##     CONFIG.PCW_UIPARAM_DDR_CLOCK_0_PROPOGATION_DELAY {160} \
##     CONFIG.PCW_UIPARAM_DDR_CLOCK_1_PROPOGATION_DELAY {160} \
##     CONFIG.PCW_UIPARAM_DDR_CLOCK_2_PROPOGATION_DELAY {160} \
##     CONFIG.PCW_UIPARAM_DDR_CLOCK_3_PROPOGATION_DELAY {160} \
##     CONFIG.PCW_PACKAGE_DDR_DQS_TO_CLK_DELAY_0      {0.040} \
##     CONFIG.PCW_PACKAGE_DDR_DQS_TO_CLK_DELAY_1      {0.058} \
##     CONFIG.PCW_PACKAGE_DDR_DQS_TO_CLK_DELAY_2      {-0.009} \
##     CONFIG.PCW_PACKAGE_DDR_DQS_TO_CLK_DELAY_3      {-0.033} \
##     CONFIG.PCW_PACKAGE_DDR_BOARD_DELAY0            {0.223} \
##     CONFIG.PCW_PACKAGE_DDR_BOARD_DELAY1            {0.212} \
##     CONFIG.PCW_PACKAGE_DDR_BOARD_DELAY2            {0.085} \
##     CONFIG.PCW_PACKAGE_DDR_BOARD_DELAY3            {0.092} \
##     CONFIG.PCW_CPU_CPU_6X4X_MAX_RANGE              {667} \
##     CONFIG.PCW_CRYSTAL_PERIPHERAL_FREQMHZ          {50} \
##     CONFIG.PCW_APU_PERIPHERAL_FREQMHZ              {650} \
##     CONFIG.PCW_DCI_PERIPHERAL_FREQMHZ              {10.159} \
##     CONFIG.PCW_QSPI_PERIPHERAL_FREQMHZ             {200} \
##     CONFIG.PCW_SMC_PERIPHERAL_FREQMHZ              {100} \
##     CONFIG.PCW_USB0_PERIPHERAL_FREQMHZ             {60} \
##     CONFIG.PCW_USB1_PERIPHERAL_FREQMHZ             {60} \
##     CONFIG.PCW_SDIO_PERIPHERAL_FREQMHZ             {50} \
##     CONFIG.PCW_UART_PERIPHERAL_FREQMHZ             {100} \
##     CONFIG.PCW_SPI_PERIPHERAL_FREQMHZ              {166.666666} \
##     CONFIG.PCW_CAN_PERIPHERAL_FREQMHZ              {100} \
##     CONFIG.PCW_CAN0_PERIPHERAL_FREQMHZ             {-1} \
##     CONFIG.PCW_CAN1_PERIPHERAL_FREQMHZ             {-1} \
##     CONFIG.PCW_I2C_PERIPHERAL_FREQMHZ              {25} \
##     CONFIG.PCW_WDT_PERIPHERAL_FREQMHZ              {133.333333} \
##     CONFIG.PCW_TTC_PERIPHERAL_FREQMHZ              {50} \
##     CONFIG.PCW_TTC0_CLK0_PERIPHERAL_FREQMHZ        {133.333333} \
##     CONFIG.PCW_TTC0_CLK1_PERIPHERAL_FREQMHZ        {133.333333} \
##     CONFIG.PCW_TTC0_CLK2_PERIPHERAL_FREQMHZ        {133.333333} \
##     CONFIG.PCW_TTC1_CLK0_PERIPHERAL_FREQMHZ        {133.333333} \
##     CONFIG.PCW_TTC1_CLK1_PERIPHERAL_FREQMHZ        {133.333333} \
##     CONFIG.PCW_TTC1_CLK2_PERIPHERAL_FREQMHZ        {133.333333} \
##     CONFIG.PCW_PCAP_PERIPHERAL_FREQMHZ             {200} \
##     CONFIG.PCW_TPIU_PERIPHERAL_FREQMHZ             {200} \
##     CONFIG.PCW_FPGA0_PERIPHERAL_FREQMHZ            {100} \
##     CONFIG.PCW_FPGA1_PERIPHERAL_FREQMHZ            {50} \
##     CONFIG.PCW_FPGA2_PERIPHERAL_FREQMHZ            {50} \
##     CONFIG.PCW_FPGA3_PERIPHERAL_FREQMHZ            {50} \
##     CONFIG.PCW_ACT_APU_PERIPHERAL_FREQMHZ          {650.000000} \
##     CONFIG.PCW_UIPARAM_ACT_DDR_FREQ_MHZ            {525.000000} \
##     CONFIG.PCW_ACT_DCI_PERIPHERAL_FREQMHZ          {10.096154} \
##     CONFIG.PCW_ACT_QSPI_PERIPHERAL_FREQMHZ         {200.000000} \
##     CONFIG.PCW_ACT_SMC_PERIPHERAL_FREQMHZ          {10.000000} \
##     CONFIG.PCW_ACT_ENET0_PERIPHERAL_FREQMHZ        {125.000000} \
##     CONFIG.PCW_ACT_ENET1_PERIPHERAL_FREQMHZ        {10.000000} \
##     CONFIG.PCW_ACT_USB0_PERIPHERAL_FREQMHZ         {60} \
##     CONFIG.PCW_ACT_USB1_PERIPHERAL_FREQMHZ         {60} \
##     CONFIG.PCW_ACT_SDIO_PERIPHERAL_FREQMHZ         {50.000000} \
##     CONFIG.PCW_ACT_UART_PERIPHERAL_FREQMHZ         {100.000000} \
##     CONFIG.PCW_ACT_SPI_PERIPHERAL_FREQMHZ          {10.000000} \
##     CONFIG.PCW_ACT_CAN_PERIPHERAL_FREQMHZ          {10.000000} \
##     CONFIG.PCW_ACT_CAN0_PERIPHERAL_FREQMHZ         {23.8095} \
##     CONFIG.PCW_ACT_CAN1_PERIPHERAL_FREQMHZ         {23.8095} \
##     CONFIG.PCW_ACT_I2C_PERIPHERAL_FREQMHZ          {50} \
##     CONFIG.PCW_ACT_WDT_PERIPHERAL_FREQMHZ          {108.333336} \
##     CONFIG.PCW_ACT_TTC_PERIPHERAL_FREQMHZ          {50} \
##     CONFIG.PCW_ACT_PCAP_PERIPHERAL_FREQMHZ         {200.000000} \
##     CONFIG.PCW_ACT_TPIU_PERIPHERAL_FREQMHZ         {200.000000} \
##     CONFIG.PCW_ACT_FPGA0_PERIPHERAL_FREQMHZ        {100.000000} \
##     CONFIG.PCW_ACT_FPGA1_PERIPHERAL_FREQMHZ        {50.000000} \
##     CONFIG.PCW_ACT_FPGA2_PERIPHERAL_FREQMHZ        {50.000000} \
##     CONFIG.PCW_ACT_FPGA3_PERIPHERAL_FREQMHZ        {50.000000} \
##     CONFIG.PCW_ACT_TTC0_CLK0_PERIPHERAL_FREQMHZ    {108.333336} \
##     CONFIG.PCW_ACT_TTC0_CLK1_PERIPHERAL_FREQMHZ    {108.333336} \
##     CONFIG.PCW_ACT_TTC0_CLK2_PERIPHERAL_FREQMHZ    {108.333336} \
##     CONFIG.PCW_ACT_TTC1_CLK0_PERIPHERAL_FREQMHZ    {108.333336} \
##     CONFIG.PCW_ACT_TTC1_CLK1_PERIPHERAL_FREQMHZ    {108.333336} \
##     CONFIG.PCW_ACT_TTC1_CLK2_PERIPHERAL_FREQMHZ    {108.333336} \
##     CONFIG.PCW_CLK0_FREQ                           {100000000} \
##     CONFIG.PCW_CLK1_FREQ                           {50000000} \
##     CONFIG.PCW_CLK2_FREQ                           {50000000} \
##     CONFIG.PCW_CLK3_FREQ                           {50000000} \
##     CONFIG.PCW_OVERRIDE_BASIC_CLOCK                {0} \
##     CONFIG.PCW_CPU_PERIPHERAL_DIVISOR0             {2} \
##     CONFIG.PCW_DDR_PERIPHERAL_DIVISOR0             {2} \
##     CONFIG.PCW_SMC_PERIPHERAL_DIVISOR0             {1} \
##     CONFIG.PCW_QSPI_PERIPHERAL_DIVISOR0            {5} \
##     CONFIG.PCW_SDIO_PERIPHERAL_DIVISOR0            {20} \
##     CONFIG.PCW_UART_PERIPHERAL_DIVISOR0            {10} \
##     CONFIG.PCW_SPI_PERIPHERAL_DIVISOR0             {1} \
##     CONFIG.PCW_CAN_PERIPHERAL_DIVISOR0             {1} \
##     CONFIG.PCW_CAN_PERIPHERAL_DIVISOR1             {1} \
##     CONFIG.PCW_FCLK0_PERIPHERAL_DIVISOR0           {10} \
##     CONFIG.PCW_FCLK1_PERIPHERAL_DIVISOR0           {20} \
##     CONFIG.PCW_FCLK2_PERIPHERAL_DIVISOR0           {20} \
##     CONFIG.PCW_FCLK3_PERIPHERAL_DIVISOR0           {20} \
##     CONFIG.PCW_FCLK0_PERIPHERAL_DIVISOR1           {1} \
##     CONFIG.PCW_FCLK1_PERIPHERAL_DIVISOR1           {1} \
##     CONFIG.PCW_FCLK2_PERIPHERAL_DIVISOR1           {1} \
##     CONFIG.PCW_FCLK3_PERIPHERAL_DIVISOR1           {1} \
##     CONFIG.PCW_ENET0_PERIPHERAL_DIVISOR0           {8} \
##     CONFIG.PCW_ENET1_PERIPHERAL_DIVISOR0           {1} \
##     CONFIG.PCW_ENET0_PERIPHERAL_DIVISOR1           {1} \
##     CONFIG.PCW_ENET1_PERIPHERAL_DIVISOR1           {1} \
##     CONFIG.PCW_TPIU_PERIPHERAL_DIVISOR0            {1} \
##     CONFIG.PCW_DCI_PERIPHERAL_DIVISOR0             {52} \
##     CONFIG.PCW_DCI_PERIPHERAL_DIVISOR1             {2} \
##     CONFIG.PCW_PCAP_PERIPHERAL_DIVISOR0            {5} \
##     CONFIG.PCW_TTC0_CLK0_PERIPHERAL_DIVISOR0       {1} \
##     CONFIG.PCW_TTC0_CLK1_PERIPHERAL_DIVISOR0       {1} \
##     CONFIG.PCW_TTC0_CLK2_PERIPHERAL_DIVISOR0       {1} \
##     CONFIG.PCW_TTC1_CLK0_PERIPHERAL_DIVISOR0       {1} \
##     CONFIG.PCW_TTC1_CLK1_PERIPHERAL_DIVISOR0       {1} \
##     CONFIG.PCW_TTC1_CLK2_PERIPHERAL_DIVISOR0       {1} \
##     CONFIG.PCW_WDT_PERIPHERAL_DIVISOR0             {1} \
##     CONFIG.PCW_ARMPLL_CTRL_FBDIV                   {26} \
##     CONFIG.PCW_IOPLL_CTRL_FBDIV                    {20} \
##     CONFIG.PCW_DDRPLL_CTRL_FBDIV                   {21} \
##     CONFIG.PCW_CPU_CPU_PLL_FREQMHZ                 {1300.000} \
##     CONFIG.PCW_IO_IO_PLL_FREQMHZ                   {1000.000} \
##     CONFIG.PCW_DDR_DDR_PLL_FREQMHZ                 {1050.000} \
##     CONFIG.PCW_SMC_PERIPHERAL_VALID                {0} \
##     CONFIG.PCW_SDIO_PERIPHERAL_VALID               {1} \
##     CONFIG.PCW_SPI_PERIPHERAL_VALID                {0} \
##     CONFIG.PCW_CAN_PERIPHERAL_VALID                {0} \
##     CONFIG.PCW_UART_PERIPHERAL_VALID               {1} \
##     CONFIG.PCW_EN_EMIO_CAN0                        {0} \
##     CONFIG.PCW_EN_EMIO_CAN1                        {0} \
##     CONFIG.PCW_EN_EMIO_ENET0                       {0} \
##     CONFIG.PCW_EN_EMIO_ENET1                       {0} \
##     CONFIG.PCW_EN_PTP_ENET0                        {0} \
##     CONFIG.PCW_EN_PTP_ENET1                        {0} \
##     CONFIG.PCW_EN_EMIO_GPIO                        {0} \
##     CONFIG.PCW_EN_EMIO_I2C0                        {0} \
##     CONFIG.PCW_EN_EMIO_I2C1                        {0} \
##     CONFIG.PCW_EN_EMIO_PJTAG                       {0} \
##     CONFIG.PCW_EN_EMIO_SDIO0                       {0} \
##     CONFIG.PCW_EN_EMIO_CD_SDIO0                    {0} \
##     CONFIG.PCW_EN_EMIO_WP_SDIO0                    {0} \
##     CONFIG.PCW_EN_EMIO_SDIO1                       {0} \
##     CONFIG.PCW_EN_EMIO_CD_SDIO1                    {0} \
##     CONFIG.PCW_EN_EMIO_WP_SDIO1                    {0} \
##     CONFIG.PCW_EN_EMIO_SPI0                        {0} \
##     CONFIG.PCW_EN_EMIO_SPI1                        {0} \
##     CONFIG.PCW_EN_EMIO_UART0                       {0} \
##     CONFIG.PCW_EN_EMIO_UART1                       {0} \
##     CONFIG.PCW_EN_EMIO_MODEM_UART0                 {0} \
##     CONFIG.PCW_EN_EMIO_MODEM_UART1                 {0} \
##     CONFIG.PCW_EN_EMIO_TTC0                        {0} \
##     CONFIG.PCW_EN_EMIO_TTC1                        {0} \
##     CONFIG.PCW_EN_EMIO_WDT                         {0} \
##     CONFIG.PCW_EN_EMIO_TRACE                       {0} \
##     CONFIG.PCW_USE_AXI_NONSECURE                   {0} \
##     CONFIG.PCW_USE_M_AXI_GP0                       {1} \
##     CONFIG.PCW_USE_M_AXI_GP1                       {0} \
##     CONFIG.PCW_USE_S_AXI_GP0                       {0} \
##     CONFIG.PCW_USE_S_AXI_GP1                       {0} \
##     CONFIG.PCW_USE_S_AXI_ACP                       {0} \
##     CONFIG.PCW_USE_S_AXI_HP0                       {0} \
##     CONFIG.PCW_USE_S_AXI_HP1                       {0} \
##     CONFIG.PCW_USE_S_AXI_HP2                       {0} \
##     CONFIG.PCW_USE_S_AXI_HP3                       {0} \
##     CONFIG.PCW_M_AXI_GP0_FREQMHZ                   {10} \
##     CONFIG.PCW_M_AXI_GP1_FREQMHZ                   {10} \
##     CONFIG.PCW_S_AXI_GP0_FREQMHZ                   {10} \
##     CONFIG.PCW_S_AXI_GP1_FREQMHZ                   {10} \
##     CONFIG.PCW_S_AXI_ACP_FREQMHZ                   {10} \
##     CONFIG.PCW_S_AXI_HP0_FREQMHZ                   {10} \
##     CONFIG.PCW_S_AXI_HP1_FREQMHZ                   {10} \
##     CONFIG.PCW_S_AXI_HP2_FREQMHZ                   {10} \
##     CONFIG.PCW_S_AXI_HP3_FREQMHZ                   {10} \
##     CONFIG.PCW_USE_DMA0                            {0} \
##     CONFIG.PCW_USE_DMA1                            {0} \
##     CONFIG.PCW_USE_DMA2                            {0} \
##     CONFIG.PCW_USE_DMA3                            {0} \
##     CONFIG.PCW_USE_TRACE                           {0} \
##     CONFIG.PCW_TRACE_PIPELINE_WIDTH                {8} \
##     CONFIG.PCW_INCLUDE_TRACE_BUFFER                {0} \
##     CONFIG.PCW_TRACE_BUFFER_FIFO_SIZE              {128} \
##     CONFIG.PCW_USE_TRACE_DATA_EDGE_DETECTOR        {0} \
##     CONFIG.PCW_TRACE_BUFFER_CLOCK_DELAY            {12} \
##     CONFIG.PCW_USE_CROSS_TRIGGER                   {0} \
##     CONFIG.PCW_USE_DEBUG                           {0} \
##     CONFIG.PCW_USE_CR_FABRIC                       {1} \
##     CONFIG.PCW_USE_AXI_FABRIC_IDLE                 {0} \
##     CONFIG.PCW_USE_DDR_BYPASS                      {0} \
##     CONFIG.PCW_USE_FABRIC_INTERRUPT                {0} \
##     CONFIG.PCW_USE_PROC_EVENT_BUS                  {0} \
##     CONFIG.PCW_USE_EXPANDED_IOP                    {0} \
##     CONFIG.PCW_USE_HIGH_OCM                        {0} \
##     CONFIG.PCW_USE_PS_SLCR_REGISTERS               {0} \
##     CONFIG.PCW_USE_EXPANDED_PS_SLCR_REGISTERS      {0} \
##     CONFIG.PCW_USE_CORESIGHT                       {0} \
##     CONFIG.PCW_EN_EMIO_SRAM_INT                    {0} \
##     CONFIG.PCW_GPIO_EMIO_GPIO_WIDTH                {64} \
##     CONFIG.PCW_UART0_BAUD_RATE                     {115200} \
##     CONFIG.PCW_UART1_BAUD_RATE                     {115200} \
##     CONFIG.PCW_EN_4K_TIMER                         {0} \
##     CONFIG.PCW_M_AXI_GP0_ID_WIDTH                  {12} \
##     CONFIG.PCW_M_AXI_GP0_ENABLE_STATIC_REMAP       {0} \
##     CONFIG.PCW_M_AXI_GP0_SUPPORT_NARROW_BURST      {0} \
##     CONFIG.PCW_M_AXI_GP0_THREAD_ID_WIDTH           {12} \
##     CONFIG.PCW_M_AXI_GP1_ID_WIDTH                  {12} \
##     CONFIG.PCW_M_AXI_GP1_ENABLE_STATIC_REMAP       {0} \
##     CONFIG.PCW_M_AXI_GP1_SUPPORT_NARROW_BURST      {0} \
##     CONFIG.PCW_M_AXI_GP1_THREAD_ID_WIDTH           {12} \
##     CONFIG.PCW_S_AXI_GP0_ID_WIDTH                  {6} \
##     CONFIG.PCW_S_AXI_GP1_ID_WIDTH                  {6} \
##     CONFIG.PCW_S_AXI_ACP_ID_WIDTH                  {3} \
##     CONFIG.PCW_INCLUDE_ACP_TRANS_CHECK             {0} \
##     CONFIG.PCW_USE_DEFAULT_ACP_USER_VAL            {0} \
##     CONFIG.PCW_S_AXI_ACP_ARUSER_VAL                {31} \
##     CONFIG.PCW_S_AXI_ACP_AWUSER_VAL                {31} \
##     CONFIG.PCW_S_AXI_HP0_ID_WIDTH                  {6} \
##     CONFIG.PCW_S_AXI_HP0_DATA_WIDTH                {64} \
##     CONFIG.PCW_S_AXI_HP1_ID_WIDTH                  {6} \
##     CONFIG.PCW_S_AXI_HP1_DATA_WIDTH                {64} \
##     CONFIG.PCW_S_AXI_HP2_ID_WIDTH                  {6} \
##     CONFIG.PCW_S_AXI_HP2_DATA_WIDTH                {64} \
##     CONFIG.PCW_S_AXI_HP3_ID_WIDTH                  {6} \
##     CONFIG.PCW_S_AXI_HP3_DATA_WIDTH                {64} \
##     CONFIG.PCW_EN_DDR                              {1} \
##     CONFIG.PCW_EN_SMC                              {0} \
##     CONFIG.PCW_EN_QSPI                             {1} \
##     CONFIG.PCW_EN_CAN0                             {0} \
##     CONFIG.PCW_EN_CAN1                             {0} \
##     CONFIG.PCW_EN_ENET0                            {1} \
##     CONFIG.PCW_EN_ENET1                            {0} \
##     CONFIG.PCW_EN_GPIO                             {1} \
##     CONFIG.PCW_EN_I2C0                             {0} \
##     CONFIG.PCW_EN_I2C1                             {0} \
##     CONFIG.PCW_EN_PJTAG                            {0} \
##     CONFIG.PCW_EN_SDIO0                            {1} \
##     CONFIG.PCW_EN_SDIO1                            {0} \
##     CONFIG.PCW_EN_SPI0                             {0} \
##     CONFIG.PCW_EN_SPI1                             {0} \
##     CONFIG.PCW_EN_UART0                            {1} \
##     CONFIG.PCW_EN_UART1                            {0} \
##     CONFIG.PCW_EN_MODEM_UART0                      {0} \
##     CONFIG.PCW_EN_MODEM_UART1                      {0} \
##     CONFIG.PCW_EN_TTC0                             {0} \
##     CONFIG.PCW_EN_TTC1                             {0} \
##     CONFIG.PCW_EN_WDT                              {0} \
##     CONFIG.PCW_EN_TRACE                            {0} \
##     CONFIG.PCW_EN_USB0                             {1} \
##     CONFIG.PCW_EN_USB1                             {0} \
##     CONFIG.PCW_DQ_WIDTH                            {32} \
##     CONFIG.PCW_DQS_WIDTH                           {4} \
##     CONFIG.PCW_DM_WIDTH                            {4} \
##     CONFIG.PCW_MIO_PRIMITIVE                       {54} \
##     CONFIG.PCW_EN_CLK0_PORT                        {1} \
##     CONFIG.PCW_EN_CLK1_PORT                        {0} \
##     CONFIG.PCW_EN_CLK2_PORT                        {0} \
##     CONFIG.PCW_EN_CLK3_PORT                        {0} \
##     CONFIG.PCW_EN_RST0_PORT                        {1} \
##     CONFIG.PCW_EN_RST1_PORT                        {0} \
##     CONFIG.PCW_EN_RST2_PORT                        {0} \
##     CONFIG.PCW_EN_RST3_PORT                        {0} \
##     CONFIG.PCW_EN_CLKTRIG0_PORT                    {0} \
##     CONFIG.PCW_EN_CLKTRIG1_PORT                    {0} \
##     CONFIG.PCW_EN_CLKTRIG2_PORT                    {0} \
##     CONFIG.PCW_EN_CLKTRIG3_PORT                    {0} \
##     CONFIG.PCW_P2F_DMAC_ABORT_INTR                 {0} \
##     CONFIG.PCW_P2F_DMAC0_INTR                      {0} \
##     CONFIG.PCW_P2F_DMAC1_INTR                      {0} \
##     CONFIG.PCW_P2F_DMAC2_INTR                      {0} \
##     CONFIG.PCW_P2F_DMAC3_INTR                      {0} \
##     CONFIG.PCW_P2F_DMAC4_INTR                      {0} \
##     CONFIG.PCW_P2F_DMAC5_INTR                      {0} \
##     CONFIG.PCW_P2F_DMAC6_INTR                      {0} \
##     CONFIG.PCW_P2F_DMAC7_INTR                      {0} \
##     CONFIG.PCW_P2F_SMC_INTR                        {0} \
##     CONFIG.PCW_P2F_QSPI_INTR                       {0} \
##     CONFIG.PCW_P2F_CTI_INTR                        {0} \
##     CONFIG.PCW_P2F_GPIO_INTR                       {0} \
##     CONFIG.PCW_P2F_USB0_INTR                       {0} \
##     CONFIG.PCW_P2F_ENET0_INTR                      {0} \
##     CONFIG.PCW_P2F_SDIO0_INTR                      {0} \
##     CONFIG.PCW_P2F_I2C0_INTR                       {0} \
##     CONFIG.PCW_P2F_SPI0_INTR                       {0} \
##     CONFIG.PCW_P2F_UART0_INTR                      {0} \
##     CONFIG.PCW_P2F_CAN0_INTR                       {0} \
##     CONFIG.PCW_P2F_USB1_INTR                       {0} \
##     CONFIG.PCW_P2F_ENET1_INTR                      {0} \
##     CONFIG.PCW_P2F_SDIO1_INTR                      {0} \
##     CONFIG.PCW_P2F_I2C1_INTR                       {0} \
##     CONFIG.PCW_P2F_SPI1_INTR                       {0} \
##     CONFIG.PCW_P2F_UART1_INTR                      {0} \
##     CONFIG.PCW_P2F_CAN1_INTR                       {0} \
##     CONFIG.PCW_IRQ_F2P_INTR                        {0} \
##     CONFIG.PCW_IRQ_F2P_MODE                        {DIRECT} \
##     CONFIG.PCW_CORE0_FIQ_INTR                      {0} \
##     CONFIG.PCW_CORE0_IRQ_INTR                      {0} \
##     CONFIG.PCW_CORE1_FIQ_INTR                      {0} \
##     CONFIG.PCW_CORE1_IRQ_INTR                      {0} \
##     CONFIG.PCW_VALUE_SILVERSION                    {3} \
##     CONFIG.PCW_IMPORT_BOARD_PRESET                 {None} \
##     CONFIG.PCW_PERIPHERAL_BOARD_PRESET             {None} \
##     CONFIG.PCW_PRESET_BANK0_VOLTAGE                {LVCMOS 3.3V} \
##     CONFIG.PCW_PRESET_BANK1_VOLTAGE                {LVCMOS 1.8V} \
##     CONFIG.PCW_UIPARAM_DDR_ENABLE                  {1} \
##     CONFIG.PCW_UIPARAM_DDR_ADV_ENABLE              {0} \
##     CONFIG.PCW_UIPARAM_DDR_MEMORY_TYPE             {DDR 3} \
##     CONFIG.PCW_UIPARAM_DDR_ECC                     {Disabled} \
##     CONFIG.PCW_UIPARAM_DDR_BUS_WIDTH               {16 Bit} \
##     CONFIG.PCW_UIPARAM_DDR_BL                      {8} \
##     CONFIG.PCW_UIPARAM_DDR_HIGH_TEMP               {Normal (0-85)} \
##     CONFIG.PCW_UIPARAM_DDR_PARTNO                  {MT41J256M16 RE-125} \
##     CONFIG.PCW_UIPARAM_DDR_DRAM_WIDTH              {16 Bits} \
##     CONFIG.PCW_UIPARAM_DDR_DEVICE_CAPACITY         {4096 MBits} \
##     CONFIG.PCW_UIPARAM_DDR_SPEED_BIN               {DDR3_1066F} \
##     CONFIG.PCW_UIPARAM_DDR_TRAIN_WRITE_LEVEL       {1} \
##     CONFIG.PCW_UIPARAM_DDR_TRAIN_READ_GATE         {1} \
##     CONFIG.PCW_UIPARAM_DDR_TRAIN_DATA_EYE          {1} \
##     CONFIG.PCW_UIPARAM_DDR_CLOCK_STOP_EN           {0} \
##     CONFIG.PCW_UIPARAM_DDR_USE_INTERNAL_VREF       {0} \
##     CONFIG.PCW_DDR_PORT0_HPR_ENABLE                {0} \
##     CONFIG.PCW_DDR_PORT1_HPR_ENABLE                {0} \
##     CONFIG.PCW_DDR_PORT2_HPR_ENABLE                {0} \
##     CONFIG.PCW_DDR_PORT3_HPR_ENABLE                {0} \
##     CONFIG.PCW_DDR_HPRLPR_QUEUE_PARTITION          {HPR(0)/LPR(32)} \
##     CONFIG.PCW_DDR_LPR_TO_CRITICAL_PRIORITY_LEVEL  {2} \
##     CONFIG.PCW_DDR_HPR_TO_CRITICAL_PRIORITY_LEVEL  {15} \
##     CONFIG.PCW_DDR_WRITE_TO_CRITICAL_PRIORITY_LEVEL {2} \
##     CONFIG.PCW_NAND_PERIPHERAL_ENABLE              {0} \
##     CONFIG.PCW_NAND_GRP_D8_ENABLE                  {0} \
##     CONFIG.PCW_NOR_PERIPHERAL_ENABLE               {0} \
##     CONFIG.PCW_NOR_GRP_A25_ENABLE                  {0} \
##     CONFIG.PCW_NOR_GRP_CS0_ENABLE                  {0} \
##     CONFIG.PCW_NOR_GRP_SRAM_CS0_ENABLE             {0} \
##     CONFIG.PCW_NOR_GRP_CS1_ENABLE                  {0} \
##     CONFIG.PCW_NOR_GRP_SRAM_CS1_ENABLE             {0} \
##     CONFIG.PCW_NOR_GRP_SRAM_INT_ENABLE             {0} \
##     CONFIG.PCW_QSPI_PERIPHERAL_ENABLE              {1} \
##     CONFIG.PCW_QSPI_QSPI_IO                        {MIO 1 .. 6} \
##     CONFIG.PCW_QSPI_GRP_SINGLE_SS_ENABLE           {1} \
##     CONFIG.PCW_QSPI_GRP_SINGLE_SS_IO               {MIO 1 .. 6} \
##     CONFIG.PCW_QSPI_GRP_SS1_ENABLE                 {0} \
##     CONFIG.PCW_QSPI_GRP_IO1_ENABLE                 {0} \
##     CONFIG.PCW_QSPI_GRP_FBCLK_ENABLE               {1} \
##     CONFIG.PCW_QSPI_GRP_FBCLK_IO                   {MIO 8} \
##     CONFIG.PCW_QSPI_INTERNAL_HIGHADDRESS           {0xFCFFFFFF} \
##     CONFIG.PCW_ENET0_PERIPHERAL_ENABLE             {1} \
##     CONFIG.PCW_ENET0_ENET0_IO                      {MIO 16 .. 27} \
##     CONFIG.PCW_ENET0_GRP_MDIO_ENABLE               {1} \
##     CONFIG.PCW_ENET0_GRP_MDIO_IO                   {MIO 52 .. 53} \
##     CONFIG.PCW_ENET_RESET_ENABLE                   {1} \
##     CONFIG.PCW_ENET_RESET_SELECT                   {Share reset pin} \
##     CONFIG.PCW_ENET0_RESET_ENABLE                  {1} \
##     CONFIG.PCW_ENET0_RESET_IO                      {MIO 9} \
##     CONFIG.PCW_ENET1_PERIPHERAL_ENABLE             {0} \
##     CONFIG.PCW_ENET1_GRP_MDIO_ENABLE               {0} \
##     CONFIG.PCW_ENET1_RESET_ENABLE                  {0} \
##     CONFIG.PCW_SD0_PERIPHERAL_ENABLE               {1} \
##     CONFIG.PCW_SD0_SD0_IO                          {MIO 40 .. 45} \
##     CONFIG.PCW_SD0_GRP_CD_ENABLE                   {1} \
##     CONFIG.PCW_SD0_GRP_CD_IO                       {MIO 47} \
##     CONFIG.PCW_SD0_GRP_WP_ENABLE                   {0} \
##     CONFIG.PCW_SD0_GRP_POW_ENABLE                  {0} \
##     CONFIG.PCW_SD1_PERIPHERAL_ENABLE               {0} \
##     CONFIG.PCW_SD1_GRP_CD_ENABLE                   {0} \
##     CONFIG.PCW_SD1_GRP_WP_ENABLE                   {0} \
##     CONFIG.PCW_SD1_GRP_POW_ENABLE                  {0} \
##     CONFIG.PCW_UART0_PERIPHERAL_ENABLE             {1} \
##     CONFIG.PCW_UART0_UART0_IO                      {MIO 14 .. 15} \
##     CONFIG.PCW_UART0_GRP_FULL_ENABLE               {0} \
##     CONFIG.PCW_UART1_PERIPHERAL_ENABLE             {0} \
##     CONFIG.PCW_UART1_GRP_FULL_ENABLE               {0} \
##     CONFIG.PCW_SPI0_PERIPHERAL_ENABLE              {0} \
##     CONFIG.PCW_SPI0_GRP_SS0_ENABLE                 {0} \
##     CONFIG.PCW_SPI0_GRP_SS1_ENABLE                 {0} \
##     CONFIG.PCW_SPI0_GRP_SS2_ENABLE                 {0} \
##     CONFIG.PCW_SPI1_PERIPHERAL_ENABLE              {0} \
##     CONFIG.PCW_SPI1_GRP_SS0_ENABLE                 {0} \
##     CONFIG.PCW_SPI1_GRP_SS1_ENABLE                 {0} \
##     CONFIG.PCW_USB0_PERIPHERAL_ENABLE              {1} \
##     CONFIG.PCW_USB0_USB0_IO                        {MIO 28 .. 39} \
##     CONFIG.PCW_USB_RESET_ENABLE                    {1} \
##     CONFIG.PCW_USB_RESET_SELECT                    {Share reset pin} \
##     CONFIG.PCW_USB0_RESET_ENABLE                   {1} \
##     CONFIG.PCW_USB0_RESET_IO                       {MIO 46} \
##     CONFIG.PCW_USB1_PERIPHERAL_ENABLE              {0} \
##     CONFIG.PCW_GPIO_PERIPHERAL_ENABLE              {0} \
##     CONFIG.PCW_GPIO_MIO_GPIO_ENABLE                {1} \
##     CONFIG.PCW_GPIO_MIO_GPIO_IO                    {MIO} \
##     CONFIG.PCW_GPIO_EMIO_GPIO_ENABLE               {0} \
##     CONFIG.PCW_APU_CLK_RATIO_ENABLE                {6:2:1} \
##     CONFIG.PCW_ENET0_PERIPHERAL_FREQMHZ            {1000 Mbps} \
##     CONFIG.PCW_ENET1_PERIPHERAL_FREQMHZ            {1000 Mbps} \
##     CONFIG.PCW_CPU_PERIPHERAL_CLKSRC               {ARM PLL} \
##     CONFIG.PCW_DDR_PERIPHERAL_CLKSRC               {DDR PLL} \
##     CONFIG.PCW_SMC_PERIPHERAL_CLKSRC               {IO PLL} \
##     CONFIG.PCW_QSPI_PERIPHERAL_CLKSRC              {IO PLL} \
##     CONFIG.PCW_SDIO_PERIPHERAL_CLKSRC              {IO PLL} \
##     CONFIG.PCW_UART_PERIPHERAL_CLKSRC              {IO PLL} \
##     CONFIG.PCW_SPI_PERIPHERAL_CLKSRC               {IO PLL} \
##     CONFIG.PCW_CAN_PERIPHERAL_CLKSRC               {IO PLL} \
##     CONFIG.PCW_FCLK0_PERIPHERAL_CLKSRC             {IO PLL} \
##     CONFIG.PCW_FCLK1_PERIPHERAL_CLKSRC             {IO PLL} \
##     CONFIG.PCW_FCLK2_PERIPHERAL_CLKSRC             {IO PLL} \
##     CONFIG.PCW_FCLK3_PERIPHERAL_CLKSRC             {IO PLL} \
##     CONFIG.PCW_ENET0_PERIPHERAL_CLKSRC             {IO PLL} \
##     CONFIG.PCW_ENET1_PERIPHERAL_CLKSRC             {IO PLL} \
##     CONFIG.PCW_CAN0_PERIPHERAL_CLKSRC              {External} \
##     CONFIG.PCW_CAN1_PERIPHERAL_CLKSRC              {External} \
##     CONFIG.PCW_TPIU_PERIPHERAL_CLKSRC              {External} \
##     CONFIG.PCW_TTC0_CLK0_PERIPHERAL_CLKSRC         {CPU_1X} \
##     CONFIG.PCW_TTC0_CLK1_PERIPHERAL_CLKSRC         {CPU_1X} \
##     CONFIG.PCW_TTC0_CLK2_PERIPHERAL_CLKSRC         {CPU_1X} \
##     CONFIG.PCW_TTC1_CLK0_PERIPHERAL_CLKSRC         {CPU_1X} \
##     CONFIG.PCW_TTC1_CLK1_PERIPHERAL_CLKSRC         {CPU_1X} \
##     CONFIG.PCW_TTC1_CLK2_PERIPHERAL_CLKSRC         {CPU_1X} \
##     CONFIG.PCW_WDT_PERIPHERAL_CLKSRC               {CPU_1X} \
##     CONFIG.PCW_DCI_PERIPHERAL_CLKSRC               {DDR PLL} \
##     CONFIG.PCW_PCAP_PERIPHERAL_CLKSRC              {IO PLL} \
##     CONFIG.PCW_USB_RESET_POLARITY                  {Active Low} \
##     CONFIG.PCW_ENET_RESET_POLARITY                 {Active Low} \
##     CONFIG.PCW_I2C_RESET_POLARITY                  {Active Low} \
##     CONFIG.PCW_MIO_0_PULLUP                        {enabled} \
##     CONFIG.PCW_MIO_0_IOTYPE                        {LVCMOS 3.3V} \
##     CONFIG.PCW_MIO_0_DIRECTION                     {inout} \
##     CONFIG.PCW_MIO_0_SLEW                          {slow} \
##     CONFIG.PCW_MIO_1_PULLUP                        {enabled} \
##     CONFIG.PCW_MIO_1_IOTYPE                        {LVCMOS 3.3V} \
##     CONFIG.PCW_MIO_1_DIRECTION                     {out} \
##     CONFIG.PCW_MIO_1_SLEW                          {slow} \
##     CONFIG.PCW_MIO_2_PULLUP                        {disabled} \
##     CONFIG.PCW_MIO_2_IOTYPE                        {LVCMOS 3.3V} \
##     CONFIG.PCW_MIO_2_DIRECTION                     {inout} \
##     CONFIG.PCW_MIO_2_SLEW                          {slow} \
##     CONFIG.PCW_MIO_3_PULLUP                        {disabled} \
##     CONFIG.PCW_MIO_3_IOTYPE                        {LVCMOS 3.3V} \
##     CONFIG.PCW_MIO_3_DIRECTION                     {inout} \
##     CONFIG.PCW_MIO_3_SLEW                          {slow} \
##     CONFIG.PCW_MIO_4_PULLUP                        {disabled} \
##     CONFIG.PCW_MIO_4_IOTYPE                        {LVCMOS 3.3V} \
##     CONFIG.PCW_MIO_4_DIRECTION                     {inout} \
##     CONFIG.PCW_MIO_4_SLEW                          {slow} \
##     CONFIG.PCW_MIO_5_PULLUP                        {disabled} \
##     CONFIG.PCW_MIO_5_IOTYPE                        {LVCMOS 3.3V} \
##     CONFIG.PCW_MIO_5_DIRECTION                     {inout} \
##     CONFIG.PCW_MIO_5_SLEW                          {slow} \
##     CONFIG.PCW_MIO_6_PULLUP                        {disabled} \
##     CONFIG.PCW_MIO_6_IOTYPE                        {LVCMOS 3.3V} \
##     CONFIG.PCW_MIO_6_DIRECTION                     {out} \
##     CONFIG.PCW_MIO_6_SLEW                          {slow} \
##     CONFIG.PCW_MIO_7_PULLUP                        {disabled} \
##     CONFIG.PCW_MIO_7_IOTYPE                        {LVCMOS 3.3V} \
##     CONFIG.PCW_MIO_7_DIRECTION                     {out} \
##     CONFIG.PCW_MIO_7_SLEW                          {slow} \
##     CONFIG.PCW_MIO_8_PULLUP                        {disabled} \
##     CONFIG.PCW_MIO_8_IOTYPE                        {LVCMOS 3.3V} \
##     CONFIG.PCW_MIO_8_DIRECTION                     {out} \
##     CONFIG.PCW_MIO_8_SLEW                          {slow} \
##     CONFIG.PCW_MIO_9_PULLUP                        {enabled} \
##     CONFIG.PCW_MIO_9_IOTYPE                        {LVCMOS 3.3V} \
##     CONFIG.PCW_MIO_9_DIRECTION                     {out} \
##     CONFIG.PCW_MIO_9_SLEW                          {slow} \
##     CONFIG.PCW_MIO_10_PULLUP                       {enabled} \
##     CONFIG.PCW_MIO_10_IOTYPE                       {LVCMOS 3.3V} \
##     CONFIG.PCW_MIO_10_DIRECTION                    {inout} \
##     CONFIG.PCW_MIO_10_SLEW                         {slow} \
##     CONFIG.PCW_MIO_11_PULLUP                       {enabled} \
##     CONFIG.PCW_MIO_11_IOTYPE                       {LVCMOS 3.3V} \
##     CONFIG.PCW_MIO_11_DIRECTION                    {inout} \
##     CONFIG.PCW_MIO_11_SLEW                         {slow} \
##     CONFIG.PCW_MIO_12_PULLUP                       {enabled} \
##     CONFIG.PCW_MIO_12_IOTYPE                       {LVCMOS 3.3V} \
##     CONFIG.PCW_MIO_12_DIRECTION                    {inout} \
##     CONFIG.PCW_MIO_12_SLEW                         {slow} \
##     CONFIG.PCW_MIO_13_PULLUP                       {enabled} \
##     CONFIG.PCW_MIO_13_IOTYPE                       {LVCMOS 3.3V} \
##     CONFIG.PCW_MIO_13_DIRECTION                    {inout} \
##     CONFIG.PCW_MIO_13_SLEW                         {slow} \
##     CONFIG.PCW_MIO_14_PULLUP                       {enabled} \
##     CONFIG.PCW_MIO_14_IOTYPE                       {LVCMOS 3.3V} \
##     CONFIG.PCW_MIO_14_DIRECTION                    {in} \
##     CONFIG.PCW_MIO_14_SLEW                         {slow} \
##     CONFIG.PCW_MIO_15_PULLUP                       {enabled} \
##     CONFIG.PCW_MIO_15_IOTYPE                       {LVCMOS 3.3V} \
##     CONFIG.PCW_MIO_15_DIRECTION                    {out} \
##     CONFIG.PCW_MIO_15_SLEW                         {slow} \
##     CONFIG.PCW_MIO_16_PULLUP                       {enabled} \
##     CONFIG.PCW_MIO_16_IOTYPE                       {LVCMOS 1.8V} \
##     CONFIG.PCW_MIO_16_DIRECTION                    {out} \
##     CONFIG.PCW_MIO_16_SLEW                         {slow} \
##     CONFIG.PCW_MIO_17_PULLUP                       {enabled} \
##     CONFIG.PCW_MIO_17_IOTYPE                       {LVCMOS 1.8V} \
##     CONFIG.PCW_MIO_17_DIRECTION                    {out} \
##     CONFIG.PCW_MIO_17_SLEW                         {slow} \
##     CONFIG.PCW_MIO_18_PULLUP                       {enabled} \
##     CONFIG.PCW_MIO_18_IOTYPE                       {LVCMOS 1.8V} \
##     CONFIG.PCW_MIO_18_DIRECTION                    {out} \
##     CONFIG.PCW_MIO_18_SLEW                         {slow} \
##     CONFIG.PCW_MIO_19_PULLUP                       {enabled} \
##     CONFIG.PCW_MIO_19_IOTYPE                       {LVCMOS 1.8V} \
##     CONFIG.PCW_MIO_19_DIRECTION                    {out} \
##     CONFIG.PCW_MIO_19_SLEW                         {slow} \
##     CONFIG.PCW_MIO_20_PULLUP                       {enabled} \
##     CONFIG.PCW_MIO_20_IOTYPE                       {LVCMOS 1.8V} \
##     CONFIG.PCW_MIO_20_DIRECTION                    {out} \
##     CONFIG.PCW_MIO_20_SLEW                         {slow} \
##     CONFIG.PCW_MIO_21_PULLUP                       {enabled} \
##     CONFIG.PCW_MIO_21_IOTYPE                       {LVCMOS 1.8V} \
##     CONFIG.PCW_MIO_21_DIRECTION                    {out} \
##     CONFIG.PCW_MIO_21_SLEW                         {slow} \
##     CONFIG.PCW_MIO_22_PULLUP                       {enabled} \
##     CONFIG.PCW_MIO_22_IOTYPE                       {LVCMOS 1.8V} \
##     CONFIG.PCW_MIO_22_DIRECTION                    {in} \
##     CONFIG.PCW_MIO_22_SLEW                         {slow} \
##     CONFIG.PCW_MIO_23_PULLUP                       {enabled} \
##     CONFIG.PCW_MIO_23_IOTYPE                       {LVCMOS 1.8V} \
##     CONFIG.PCW_MIO_23_DIRECTION                    {in} \
##     CONFIG.PCW_MIO_23_SLEW                         {slow} \
##     CONFIG.PCW_MIO_24_PULLUP                       {enabled} \
##     CONFIG.PCW_MIO_24_IOTYPE                       {LVCMOS 1.8V} \
##     CONFIG.PCW_MIO_24_DIRECTION                    {in} \
##     CONFIG.PCW_MIO_24_SLEW                         {slow} \
##     CONFIG.PCW_MIO_25_PULLUP                       {enabled} \
##     CONFIG.PCW_MIO_25_IOTYPE                       {LVCMOS 1.8V} \
##     CONFIG.PCW_MIO_25_DIRECTION                    {in} \
##     CONFIG.PCW_MIO_25_SLEW                         {slow} \
##     CONFIG.PCW_MIO_26_PULLUP                       {enabled} \
##     CONFIG.PCW_MIO_26_IOTYPE                       {LVCMOS 1.8V} \
##     CONFIG.PCW_MIO_26_DIRECTION                    {in} \
##     CONFIG.PCW_MIO_26_SLEW                         {slow} \
##     CONFIG.PCW_MIO_27_PULLUP                       {enabled} \
##     CONFIG.PCW_MIO_27_IOTYPE                       {LVCMOS 1.8V} \
##     CONFIG.PCW_MIO_27_DIRECTION                    {in} \
##     CONFIG.PCW_MIO_27_SLEW                         {slow} \
##     CONFIG.PCW_MIO_28_PULLUP                       {enabled} \
##     CONFIG.PCW_MIO_28_IOTYPE                       {LVCMOS 1.8V} \
##     CONFIG.PCW_MIO_28_DIRECTION                    {inout} \
##     CONFIG.PCW_MIO_28_SLEW                         {slow} \
##     CONFIG.PCW_MIO_29_PULLUP                       {enabled} \
##     CONFIG.PCW_MIO_29_IOTYPE                       {LVCMOS 1.8V} \
##     CONFIG.PCW_MIO_29_DIRECTION                    {in} \
##     CONFIG.PCW_MIO_29_SLEW                         {slow} \
##     CONFIG.PCW_MIO_30_PULLUP                       {enabled} \
##     CONFIG.PCW_MIO_30_IOTYPE                       {LVCMOS 1.8V} \
##     CONFIG.PCW_MIO_30_DIRECTION                    {out} \
##     CONFIG.PCW_MIO_30_SLEW                         {slow} \
##     CONFIG.PCW_MIO_31_PULLUP                       {enabled} \
##     CONFIG.PCW_MIO_31_IOTYPE                       {LVCMOS 1.8V} \
##     CONFIG.PCW_MIO_31_DIRECTION                    {in} \
##     CONFIG.PCW_MIO_31_SLEW                         {slow} \
##     CONFIG.PCW_MIO_32_PULLUP                       {enabled} \
##     CONFIG.PCW_MIO_32_IOTYPE                       {LVCMOS 1.8V} \
##     CONFIG.PCW_MIO_32_DIRECTION                    {inout} \
##     CONFIG.PCW_MIO_32_SLEW                         {slow} \
##     CONFIG.PCW_MIO_33_PULLUP                       {enabled} \
##     CONFIG.PCW_MIO_33_IOTYPE                       {LVCMOS 1.8V} \
##     CONFIG.PCW_MIO_33_DIRECTION                    {inout} \
##     CONFIG.PCW_MIO_33_SLEW                         {slow} \
##     CONFIG.PCW_MIO_34_PULLUP                       {enabled} \
##     CONFIG.PCW_MIO_34_IOTYPE                       {LVCMOS 1.8V} \
##     CONFIG.PCW_MIO_34_DIRECTION                    {inout} \
##     CONFIG.PCW_MIO_34_SLEW                         {slow} \
##     CONFIG.PCW_MIO_35_PULLUP                       {enabled} \
##     CONFIG.PCW_MIO_35_IOTYPE                       {LVCMOS 1.8V} \
##     CONFIG.PCW_MIO_35_DIRECTION                    {inout} \
##     CONFIG.PCW_MIO_35_SLEW                         {slow} \
##     CONFIG.PCW_MIO_36_PULLUP                       {enabled} \
##     CONFIG.PCW_MIO_36_IOTYPE                       {LVCMOS 1.8V} \
##     CONFIG.PCW_MIO_36_DIRECTION                    {in} \
##     CONFIG.PCW_MIO_36_SLEW                         {slow} \
##     CONFIG.PCW_MIO_37_PULLUP                       {enabled} \
##     CONFIG.PCW_MIO_37_IOTYPE                       {LVCMOS 1.8V} \
##     CONFIG.PCW_MIO_37_DIRECTION                    {inout} \
##     CONFIG.PCW_MIO_37_SLEW                         {slow} \
##     CONFIG.PCW_MIO_38_PULLUP                       {enabled} \
##     CONFIG.PCW_MIO_38_IOTYPE                       {LVCMOS 1.8V} \
##     CONFIG.PCW_MIO_38_DIRECTION                    {inout} \
##     CONFIG.PCW_MIO_38_SLEW                         {slow} \
##     CONFIG.PCW_MIO_39_PULLUP                       {enabled} \
##     CONFIG.PCW_MIO_39_IOTYPE                       {LVCMOS 1.8V} \
##     CONFIG.PCW_MIO_39_DIRECTION                    {inout} \
##     CONFIG.PCW_MIO_39_SLEW                         {slow} \
##     CONFIG.PCW_MIO_40_PULLUP                       {enabled} \
##     CONFIG.PCW_MIO_40_IOTYPE                       {LVCMOS 1.8V} \
##     CONFIG.PCW_MIO_40_DIRECTION                    {inout} \
##     CONFIG.PCW_MIO_40_SLEW                         {slow} \
##     CONFIG.PCW_MIO_41_PULLUP                       {enabled} \
##     CONFIG.PCW_MIO_41_IOTYPE                       {LVCMOS 1.8V} \
##     CONFIG.PCW_MIO_41_DIRECTION                    {inout} \
##     CONFIG.PCW_MIO_41_SLEW                         {slow} \
##     CONFIG.PCW_MIO_42_PULLUP                       {enabled} \
##     CONFIG.PCW_MIO_42_IOTYPE                       {LVCMOS 1.8V} \
##     CONFIG.PCW_MIO_42_DIRECTION                    {inout} \
##     CONFIG.PCW_MIO_42_SLEW                         {slow} \
##     CONFIG.PCW_MIO_43_PULLUP                       {enabled} \
##     CONFIG.PCW_MIO_43_IOTYPE                       {LVCMOS 1.8V} \
##     CONFIG.PCW_MIO_43_DIRECTION                    {inout} \
##     CONFIG.PCW_MIO_43_SLEW                         {slow} \
##     CONFIG.PCW_MIO_44_PULLUP                       {enabled} \
##     CONFIG.PCW_MIO_44_IOTYPE                       {LVCMOS 1.8V} \
##     CONFIG.PCW_MIO_44_DIRECTION                    {inout} \
##     CONFIG.PCW_MIO_44_SLEW                         {slow} \
##     CONFIG.PCW_MIO_45_PULLUP                       {enabled} \
##     CONFIG.PCW_MIO_45_IOTYPE                       {LVCMOS 1.8V} \
##     CONFIG.PCW_MIO_45_DIRECTION                    {inout} \
##     CONFIG.PCW_MIO_45_SLEW                         {slow} \
##     CONFIG.PCW_MIO_46_PULLUP                       {enabled} \
##     CONFIG.PCW_MIO_46_IOTYPE                       {LVCMOS 1.8V} \
##     CONFIG.PCW_MIO_46_DIRECTION                    {out} \
##     CONFIG.PCW_MIO_46_SLEW                         {slow} \
##     CONFIG.PCW_MIO_47_PULLUP                       {enabled} \
##     CONFIG.PCW_MIO_47_IOTYPE                       {LVCMOS 1.8V} \
##     CONFIG.PCW_MIO_47_DIRECTION                    {in} \
##     CONFIG.PCW_MIO_47_SLEW                         {slow} \
##     CONFIG.PCW_MIO_48_PULLUP                       {enabled} \
##     CONFIG.PCW_MIO_48_IOTYPE                       {LVCMOS 1.8V} \
##     CONFIG.PCW_MIO_48_DIRECTION                    {inout} \
##     CONFIG.PCW_MIO_48_SLEW                         {slow} \
##     CONFIG.PCW_MIO_49_PULLUP                       {enabled} \
##     CONFIG.PCW_MIO_49_IOTYPE                       {LVCMOS 1.8V} \
##     CONFIG.PCW_MIO_49_DIRECTION                    {inout} \
##     CONFIG.PCW_MIO_49_SLEW                         {slow} \
##     CONFIG.PCW_MIO_50_PULLUP                       {enabled} \
##     CONFIG.PCW_MIO_50_IOTYPE                       {LVCMOS 1.8V} \
##     CONFIG.PCW_MIO_50_DIRECTION                    {inout} \
##     CONFIG.PCW_MIO_50_SLEW                         {slow} \
##     CONFIG.PCW_MIO_51_PULLUP                       {enabled} \
##     CONFIG.PCW_MIO_51_IOTYPE                       {LVCMOS 1.8V} \
##     CONFIG.PCW_MIO_51_DIRECTION                    {inout} \
##     CONFIG.PCW_MIO_51_SLEW                         {slow} \
##     CONFIG.PCW_MIO_52_PULLUP                       {enabled} \
##     CONFIG.PCW_MIO_52_IOTYPE                       {LVCMOS 1.8V} \
##     CONFIG.PCW_MIO_52_DIRECTION                    {out} \
##     CONFIG.PCW_MIO_52_SLEW                         {slow} \
##     CONFIG.PCW_MIO_53_PULLUP                       {enabled} \
##     CONFIG.PCW_MIO_53_IOTYPE                       {LVCMOS 1.8V} \
##     CONFIG.PCW_MIO_53_DIRECTION                    {inout} \
##     CONFIG.PCW_MIO_53_SLEW                         {slow} \
##     CONFIG.PCW_UIPARAM_GENERATE_SUMMARY            {NA} \
##     CONFIG.PCW_MIO_TREE_PERIPHERALS                {GPIO#Quad SPI Flash#Quad SPI Flash#Quad SPI Flash#Quad SPI Flash#Quad SPI Flash#Quad SPI Flash#GPIO#Quad SPI Flash#ENET Reset#GPIO#GPIO#GPIO#GPIO#UART 0#UART 0#Enet 0#Enet 0#Enet 0#Enet 0#Enet 0#Enet 0#Enet 0#Enet 0#Enet 0#Enet 0#Enet 0#Enet 0#USB 0#USB 0#USB 0#USB 0#USB 0#USB 0#USB 0#USB 0#USB 0#USB 0#USB 0#USB 0#SD 0#SD 0#SD 0#SD 0#SD 0#SD 0#USB Reset#SD 0#GPIO#GPIO#GPIO#GPIO#Enet 0#Enet 0} \
##     CONFIG.PCW_MIO_TREE_SIGNALS                    {gpio[0]#qspi0_ss_b#qspi0_io[0]#qspi0_io[1]#qspi0_io[2]#qspi0_io[3]#qspi0_sclk#gpio[7]#qspi_fbclk#reset#gpio[10]#gpio[11]#gpio[12]#gpio[13]#rx#tx#tx_clk#txd[0]#txd[1]#txd[2]#txd[3]#tx_ctl#rx_clk#rxd[0]#rxd[1]#rxd[2]#rxd[3]#rx_ctl#data[4]#dir#stp#nxt#data[0]#data[1]#data[2]#data[3]#clk#data[5]#data[6]#data[7]#clk#cmd#data[0]#data[1]#data[2]#data[3]#reset#cd#gpio[48]#gpio[49]#gpio[50]#gpio[51]#mdc#mdio} \
##     CONFIG.PCW_PS7_SI_REV                          {PRODUCTION} \
##     CONFIG.PCW_FPGA_FCLK0_ENABLE                   {1} \
##     CONFIG.PCW_FPGA_FCLK1_ENABLE                   {0} \
##     CONFIG.PCW_FPGA_FCLK2_ENABLE                   {0} \
##     CONFIG.PCW_FPGA_FCLK3_ENABLE                   {0} \
##     CONFIG.PCW_NOR_SRAM_CS0_T_TR                   {1} \
##     CONFIG.PCW_NOR_SRAM_CS0_T_PC                   {1} \
##     CONFIG.PCW_NOR_SRAM_CS0_T_WP                   {1} \
##     CONFIG.PCW_NOR_SRAM_CS0_T_CEOE                 {1} \
##     CONFIG.PCW_NOR_SRAM_CS0_T_WC                   {11} \
##     CONFIG.PCW_NOR_SRAM_CS0_T_RC                   {11} \
##     CONFIG.PCW_NOR_SRAM_CS0_WE_TIME                {0} \
##     CONFIG.PCW_NOR_SRAM_CS1_T_TR                   {1} \
##     CONFIG.PCW_NOR_SRAM_CS1_T_PC                   {1} \
##     CONFIG.PCW_NOR_SRAM_CS1_T_WP                   {1} \
##     CONFIG.PCW_NOR_SRAM_CS1_T_CEOE                 {1} \
##     CONFIG.PCW_NOR_SRAM_CS1_T_WC                   {11} \
##     CONFIG.PCW_NOR_SRAM_CS1_T_RC                   {11} \
##     CONFIG.PCW_NOR_SRAM_CS1_WE_TIME                {0} \
##     CONFIG.PCW_NOR_CS0_T_TR                        {1} \
##     CONFIG.PCW_NOR_CS0_T_PC                        {1} \
##     CONFIG.PCW_NOR_CS0_T_WP                        {1} \
##     CONFIG.PCW_NOR_CS0_T_CEOE                      {1} \
##     CONFIG.PCW_NOR_CS0_T_WC                        {11} \
##     CONFIG.PCW_NOR_CS0_T_RC                        {11} \
##     CONFIG.PCW_NOR_CS0_WE_TIME                     {0} \
##     CONFIG.PCW_NOR_CS1_T_TR                        {1} \
##     CONFIG.PCW_NOR_CS1_T_PC                        {1} \
##     CONFIG.PCW_NOR_CS1_T_WP                        {1} \
##     CONFIG.PCW_NOR_CS1_T_CEOE                      {1} \
##     CONFIG.PCW_NOR_CS1_T_WC                        {11} \
##     CONFIG.PCW_NOR_CS1_T_RC                        {11} \
##     CONFIG.PCW_NOR_CS1_WE_TIME                     {0} \
##     CONFIG.PCW_NAND_CYCLES_T_RR                    {1} \
##     CONFIG.PCW_NAND_CYCLES_T_AR                    {1} \
##     CONFIG.PCW_NAND_CYCLES_T_CLR                   {1} \
##     CONFIG.PCW_NAND_CYCLES_T_WP                    {1} \
##     CONFIG.PCW_NAND_CYCLES_T_REA                   {1} \
##     CONFIG.PCW_NAND_CYCLES_T_WC                    {11} \
##     CONFIG.PCW_NAND_CYCLES_T_RC                    {11} \
##     CONFIG.PCW_SMC_CYCLE_T0                        {NA} \
##     CONFIG.PCW_SMC_CYCLE_T1                        {NA} \
##     CONFIG.PCW_SMC_CYCLE_T2                        {NA} \
##     CONFIG.PCW_SMC_CYCLE_T3                        {NA} \
##     CONFIG.PCW_SMC_CYCLE_T4                        {NA} \
##     CONFIG.PCW_SMC_CYCLE_T5                        {NA} \
##     CONFIG.PCW_SMC_CYCLE_T6                        {NA} \
##     CONFIG.PCW_PACKAGE_NAME                        {clg400} \
##     CONFIG.PCW_PLL_BYPASSMODE_ENABLE               {0} \
##     CONFIG.C_GPIO_WIDTH                            {2} \
##     CONFIG.C_ALL_INPUTS                            {1} \
##     CONFIG.C_ALL_OUTPUTS                           {0} \
##     CONFIG.C_IS_DUAL                               {1} \
##     CONFIG.C_GPIO2_WIDTH                           {2} \
##     CONFIG.C_ALL_INPUTS_2                          {1} \
##     CONFIG.C_ALL_OUTPUTS_2                         {0} \
##     CONFIG.C_USE_GPI1                              {1} \
##     CONFIG.C_GPI1_SIZE                             {2} \
##     CONFIG.C_USE_GPI2                              {1} \
##     CONFIG.C_GPI2_SIZE                             {2} \
##     CONFIG.C_USE_GPI3                              {1} \
##     CONFIG.C_GPI3_SIZE                             {2} \
##     CONFIG.C_USE_GPI4                              {1} \
##     CONFIG.C_GPI4_SIZE                             {2} \
##     CONFIG.USE_GPI1                                {1} \
##     CONFIG.GPI1_SIZE                               {2} \
##     CONFIG.USE_GPI2                                {1} \
##     CONFIG.GPI2_SIZE                               {2} \
##     CONFIG.USE_GPI3                                {1} \
##     CONFIG.GPI1_SIZE                               {2} \
##     CONFIG.USE_GPI4                                {1} \
##     CONFIG.GPI2_SIZE                               {2} \
##     CONFIG.C_GPIO_WIDTH                            {4} \
##     CONFIG.C_ALL_INPUTS                            {1} \
##     CONFIG.C_ALL_OUTPUTS                           {0} \
##     CONFIG.C_IS_DUAL                               {1} \
##     CONFIG.C_GPIO2_WIDTH                           {4} \
##     CONFIG.C_ALL_INPUTS_2                          {1} \
##     CONFIG.C_ALL_OUTPUTS_2                         {0} \
##     CONFIG.C_USE_GPI1                              {1} \
##     CONFIG.C_GPI1_SIZE                             {4} \
##     CONFIG.C_USE_GPI2                              {1} \
##     CONFIG.C_GPI2_SIZE                             {4} \
##     CONFIG.C_USE_GPI3                              {1} \
##     CONFIG.C_GPI3_SIZE                             {4} \
##     CONFIG.C_USE_GPI4                              {1} \
##     CONFIG.C_GPI4_SIZE                             {4} \
##     CONFIG.USE_GPI1                                {1} \
##     CONFIG.GPI1_SIZE                               {4} \
##     CONFIG.USE_GPI2                                {1} \
##     CONFIG.GPI2_SIZE                               {4} \
##     CONFIG.USE_GPI3                                {1} \
##     CONFIG.GPI1_SIZE                               {4} \
##     CONFIG.USE_GPI4                                {1} \
##     CONFIG.GPI2_SIZE                               {4} \
##     CONFIG.C_ALL_INPUTS                            {0} \
##     CONFIG.C_ALL_OUTPUTS                           {1} \
##     CONFIG.C_GPIO_WIDTH                            {4} \
##     CONFIG.C_ALL_INPUTS_2                          {0} \
##     CONFIG.C_ALL_OUTPUTS_2                         {1} \
##     CONFIG.C_IS_DUAL                               {1} \
##     CONFIG.C_GPIO2_WIDTH                           {4} \
##     CONFIG.C_USE_GPI1                              {1} \
##     CONFIG.C_GPI1_SIZE                             {4} \
##     CONFIG.C_USE_GPI2                              {1} \
##     CONFIG.C_GPI2_SIZE                             {4} \
##     CONFIG.C_USE_GPI3                              {1} \
##     CONFIG.C_GPI3_SIZE                             {4} \
##     CONFIG.C_USE_GPI4                              {1} \
##     CONFIG.C_GPI4_SIZE                             {4} \
##     CONFIG.USE_GPI1                                {1} \
##     CONFIG.GPI1_SIZE                               {4} \
##     CONFIG.USE_GPI2                                {1} \
##     CONFIG.GPI2_SIZE                               {4} \
##     CONFIG.USE_GPI3                                {1} \
##     CONFIG.GPI1_SIZE                               {4} \
##     CONFIG.USE_GPI4                                {1} \
##     CONFIG.GPI2_SIZE                               {4} \
##     CONFIG.C_ALL_INPUTS                            {0} \
##     CONFIG.C_ALL_OUTPUTS                           {1} \
##     CONFIG.C_GPIO_WIDTH                            {6} \
##     CONFIG.C_ALL_INPUTS_2                          {0} \
##     CONFIG.C_ALL_OUTPUTS_2                         {1} \
##     CONFIG.C_IS_DUAL                               {1} \
##     CONFIG.C_GPIO2_WIDTH                           {6} \
##     CONFIG.C_USE_GPI1                              {1} \
##     CONFIG.C_GPI1_SIZE                             {6} \
##     CONFIG.C_USE_GPI2                              {1} \
##     CONFIG.C_GPI2_SIZE                             {6} \
##     CONFIG.C_USE_GPI3                              {1} \
##     CONFIG.C_GPI3_SIZE                             {6} \
##     CONFIG.C_USE_GPI4                              {1} \
##     CONFIG.C_GPI4_SIZE                             {6} \
##     CONFIG.USE_GPI1                                {1} \
##     CONFIG.GPI1_SIZE                               {6} \
##     CONFIG.USE_GPI2                                {1} \
##     CONFIG.GPI2_SIZE                               {6} \
##     CONFIG.USE_GPI3                                {1} \
##     CONFIG.GPI1_SIZE                               {6} \
##     CONFIG.USE_GPI4                                {1} \
##     CONFIG.GPI2_SIZE                               {6} \
##     CONFIG.C_SPI_MODE                              {0} \
##     CONFIG.C_C_SCK_RATIO                           {16} \
##     CONFIG.C_USE_STARTUP                           {0} \
##     CONFIG.C_USE_STARTUP_INT                       {0} \
##     CONFIG.C_GPIO_WIDTH                            {14} \
##     CONFIG.C_INTERRUPT_PRESENT                     {1} \
##     CONFIG.C_IS_DUAL                               {1} \
##     CONFIG.C_GPIO2_WIDTH                           {14} \
##     CONFIG.C_INTERRUPT_PRESENT                     {1} \
##     CONFIG.C_GPIO_WIDTH                            {16} \
##     CONFIG.C_INTERRUPT_PRESENT                     {1} \
##     CONFIG.C_IS_DUAL                               {1} \
##     CONFIG.C_GPIO2_WIDTH                           {16} \
##     CONFIG.C_INTERRUPT_PRESENT                     {1} \
##     CONFIG.PRIM_IN_FREQ                            {125} \
##     CONFIG.PRIM_SOURCE                             {Single_ended_clock_capable_pin} \
##     CONFIG.RESET_TYPE                              {ACTIVE_LOW} \
##     CONFIG.USE_INCLK_SWITCHOVER                    {true} \
##     CONFIG.SECONDARY_IN_FREQ                       {125} \
##     CONFIG.SECONDARY_SOURCE                        {Single_ended_clock_capable_pin} \
##     CONFIG.RESET_TYPE                              {ACTIVE_LOW} \
## ] [get_bd_cells ps7_0]
CRITICAL WARNING: [BD 41-1276] Cannot set the parameter C_ALL_INPUTS on /ps7_0. Parameter does not exist
CRITICAL WARNING: [BD 41-1276] Cannot set the parameter C_ALL_INPUTS_2 on /ps7_0. Parameter does not exist
CRITICAL WARNING: [BD 41-1276] Cannot set the parameter C_ALL_OUTPUTS on /ps7_0. Parameter does not exist
CRITICAL WARNING: [BD 41-1276] Cannot set the parameter C_ALL_OUTPUTS_2 on /ps7_0. Parameter does not exist
CRITICAL WARNING: [BD 41-1276] Cannot set the parameter C_C_SCK_RATIO on /ps7_0. Parameter does not exist
CRITICAL WARNING: [BD 41-1276] Cannot set the parameter C_GPI1_SIZE on /ps7_0. Parameter does not exist
CRITICAL WARNING: [BD 41-1276] Cannot set the parameter C_GPI2_SIZE on /ps7_0. Parameter does not exist
CRITICAL WARNING: [BD 41-1276] Cannot set the parameter C_GPI3_SIZE on /ps7_0. Parameter does not exist
CRITICAL WARNING: [BD 41-1276] Cannot set the parameter C_GPI4_SIZE on /ps7_0. Parameter does not exist
CRITICAL WARNING: [BD 41-1276] Cannot set the parameter C_GPIO2_WIDTH on /ps7_0. Parameter does not exist
CRITICAL WARNING: [BD 41-1276] Cannot set the parameter C_GPIO_WIDTH on /ps7_0. Parameter does not exist
CRITICAL WARNING: [BD 41-1276] Cannot set the parameter C_INTERRUPT_PRESENT on /ps7_0. Parameter does not exist
CRITICAL WARNING: [BD 41-1276] Cannot set the parameter C_IS_DUAL on /ps7_0. Parameter does not exist
CRITICAL WARNING: [BD 41-1276] Cannot set the parameter C_SPI_MODE on /ps7_0. Parameter does not exist
CRITICAL WARNING: [BD 41-1276] Cannot set the parameter C_USE_GPI1 on /ps7_0. Parameter does not exist
CRITICAL WARNING: [BD 41-1276] Cannot set the parameter C_USE_GPI2 on /ps7_0. Parameter does not exist
CRITICAL WARNING: [BD 41-1276] Cannot set the parameter C_USE_GPI3 on /ps7_0. Parameter does not exist
CRITICAL WARNING: [BD 41-1276] Cannot set the parameter C_USE_GPI4 on /ps7_0. Parameter does not exist
CRITICAL WARNING: [BD 41-1276] Cannot set the parameter C_USE_STARTUP on /ps7_0. Parameter does not exist
CRITICAL WARNING: [BD 41-1276] Cannot set the parameter C_USE_STARTUP_INT on /ps7_0. Parameter does not exist
CRITICAL WARNING: [BD 41-1276] Cannot set the parameter GPI1_SIZE on /ps7_0. Parameter does not exist
CRITICAL WARNING: [BD 41-1276] Cannot set the parameter GPI2_SIZE on /ps7_0. Parameter does not exist
CRITICAL WARNING: [BD 41-737] Cannot set the parameter PCW_M_AXI_GP0_FREQMHZ on /ps7_0. It is read-only.
CRITICAL WARNING: [BD 41-737] Cannot set the parameter PCW_M_AXI_GP1_FREQMHZ on /ps7_0. It is read-only.
CRITICAL WARNING: [BD 41-737] Cannot set the parameter PCW_S_AXI_ACP_FREQMHZ on /ps7_0. It is read-only.
CRITICAL WARNING: [BD 41-737] Cannot set the parameter PCW_S_AXI_GP0_FREQMHZ on /ps7_0. It is read-only.
CRITICAL WARNING: [BD 41-737] Cannot set the parameter PCW_S_AXI_GP1_FREQMHZ on /ps7_0. It is read-only.
CRITICAL WARNING: [BD 41-737] Cannot set the parameter PCW_S_AXI_HP0_FREQMHZ on /ps7_0. It is read-only.
CRITICAL WARNING: [BD 41-737] Cannot set the parameter PCW_S_AXI_HP1_FREQMHZ on /ps7_0. It is read-only.
CRITICAL WARNING: [BD 41-737] Cannot set the parameter PCW_S_AXI_HP2_FREQMHZ on /ps7_0. It is read-only.
CRITICAL WARNING: [BD 41-737] Cannot set the parameter PCW_S_AXI_HP3_FREQMHZ on /ps7_0. It is read-only.
CRITICAL WARNING: [BD 41-1276] Cannot set the parameter PRIM_IN_FREQ on /ps7_0. Parameter does not exist
CRITICAL WARNING: [BD 41-1276] Cannot set the parameter PRIM_SOURCE on /ps7_0. Parameter does not exist
CRITICAL WARNING: [BD 41-1276] Cannot set the parameter RESET_TYPE on /ps7_0. Parameter does not exist
CRITICAL WARNING: [BD 41-1276] Cannot set the parameter SECONDARY_IN_FREQ on /ps7_0. Parameter does not exist
CRITICAL WARNING: [BD 41-1276] Cannot set the parameter SECONDARY_SOURCE on /ps7_0. Parameter does not exist
CRITICAL WARNING: [BD 41-1276] Cannot set the parameter USE_GPI1 on /ps7_0. Parameter does not exist
CRITICAL WARNING: [BD 41-1276] Cannot set the parameter USE_GPI2 on /ps7_0. Parameter does not exist
CRITICAL WARNING: [BD 41-1276] Cannot set the parameter USE_GPI3 on /ps7_0. Parameter does not exist
CRITICAL WARNING: [BD 41-1276] Cannot set the parameter USE_GPI4 on /ps7_0. Parameter does not exist
CRITICAL WARNING: [BD 41-1276] Cannot set the parameter USE_INCLK_SWITCHOVER on /ps7_0. Parameter does not exist
CRITICAL WARNING: [PSU-1]  Parameter : PCW_UIPARAM_DDR_DQS_TO_CLK_DELAY_2 has negative value -0.009 . PS DDR interfaces might fail when entering negative DQS skew values. 
CRITICAL WARNING: [PSU-2]  Parameter : PCW_UIPARAM_DDR_DQS_TO_CLK_DELAY_3 has negative value -0.033 . PS DDR interfaces might fail when entering negative DQS skew values. 
CRITICAL WARNING: [PSU-1]  Parameter : PCW_UIPARAM_DDR_DQS_TO_CLK_DELAY_2 has negative value -0.009 . PS DDR interfaces might fail when entering negative DQS skew values. 
CRITICAL WARNING: [PSU-2]  Parameter : PCW_UIPARAM_DDR_DQS_TO_CLK_DELAY_3 has negative value -0.033 . PS DDR interfaces might fail when entering negative DQS skew values. 
## foreach {p want} {
##     CONFIG.PCW_UIPARAM_DDR_PARTNO       {MT41J256M16 RE-125}
##     CONFIG.PCW_SD0_PERIPHERAL_ENABLE    {1}
##     CONFIG.PCW_UART0_PERIPHERAL_ENABLE  {1}
## } {
##     set got [get_property $p [get_bd_cells ps7_0]]
##     if {$got ne $want} {
##         puts "== FATAL: $p = '$got', expected '$want'"
##         exit 1
##     }
##     puts "==   OK $p = $got"
## }
==   OK CONFIG.PCW_UIPARAM_DDR_PARTNO = MT41J256M16 RE-125
==   OK CONFIG.PCW_SD0_PERIPHERAL_ENABLE = 1
==   OK CONFIG.PCW_UART0_PERIPHERAL_ENABLE = 1
# set_property -dict [list \
#     CONFIG.PCW_USE_M_AXI_GP0            {1} \
#     CONFIG.PCW_USE_S_AXI_HP0            {1} \
#     CONFIG.PCW_S_AXI_HP0_DATA_WIDTH     {64} \
#     CONFIG.PCW_FPGA0_PERIPHERAL_FREQMHZ $CLK_MHZ \
# ] [get_bd_cells ps7_0]
CRITICAL WARNING: [PSU-1]  Parameter : PCW_UIPARAM_DDR_DQS_TO_CLK_DELAY_2 has negative value -0.009 . PS DDR interfaces might fail when entering negative DQS skew values. 
CRITICAL WARNING: [PSU-2]  Parameter : PCW_UIPARAM_DDR_DQS_TO_CLK_DELAY_3 has negative value -0.033 . PS DDR interfaces might fail when entering negative DQS skew values. 
# set ENGINES {
#     {conv_engine_0        conv_engine        {RD_BUS RD_BUS2 WR_BUS}}
#     {conv0_engine_0       conv0_engine       {RD_BUS WR_BUS}}
#     {maxpool_engine_0     maxpool_engine     {RD_BUS WR_BUS}}
# }
# set masters {}
# foreach e $ENGINES {
#     lassign $e inst name bundles
#     set vlnv [get_ipdefs -filter "NAME == \"$name\" && VLNV =~ \"xilinx.com:hls:*\""]
#     if {$vlnv eq ""} {
#         puts "== FATAL: IP 카탈로그에서 $name 을 못 찾았다. 패키징이 안 됐거나 저장소 경로가 틀렸다."
#         exit 1
#     }
#     create_bd_cell -type ip -vlnv $vlnv $inst
#     foreach b $bundles { lappend masters "$inst/m_axi_$b" }
#     puts "== 배치: $inst ($name), m_axi [llength $bundles]개"
# }
== 배치: conv_engine_0 (conv_engine), m_axi 3개
== 배치: conv0_engine_0 (conv0_engine), m_axi 2개
== 배치: maxpool_engine_0 (maxpool_engine), m_axi 2개
# puts "== m_axi 마스터 총 [llength $masters]개"
== m_axi 마스터 총 7개
# set sc [create_bd_cell -type ip -vlnv [get_ipdefs -filter {NAME == "smartconnect"}] smartconnect_hp0]
# set_property -dict [list CONFIG.NUM_SI [llength $masters] CONFIG.NUM_MI {1}] [get_bd_cells $sc]
# set i 0
# foreach m $masters {
#     connect_bd_intf_net [get_bd_intf_pins $m] \
#         [get_bd_intf_pins [format "%s/S%02d_AXI" $sc $i]]
#     incr i
# }
# connect_bd_intf_net [get_bd_intf_pins $sc/M00_AXI] [get_bd_intf_pins ps7_0/S_AXI_HP0]
# foreach e $ENGINES {
#     lassign $e inst name bundles
#     apply_bd_automation -rule xilinx.com:bd_rule:axi4 \
#         -config {Master "/ps7_0/M_AXI_GP0" Clk "Auto"} \
#         [get_bd_intf_pins $inst/s_axi_CTRL]
# }
Slave segment '/conv_engine_0/s_axi_CTRL/Reg' is being assigned into address space '/ps7_0/Data' at <0x4000_0000 [ 64K ]>.
Slave segment '/conv0_engine_0/s_axi_CTRL/Reg' is being assigned into address space '/ps7_0/Data' at <0x4001_0000 [ 64K ]>.
Slave segment '/maxpool_engine_0/s_axi_CTRL/Reg' is being assigned into address space '/ps7_0/Data' at <0x4002_0000 [ 64K ]>.
# set clk_net [get_bd_nets -of_objects [get_bd_pins ps7_0/FCLK_CLK0]]
# set clk_src [get_bd_pins -of_objects $clk_net -filter {DIR == O}]
# set rst_cell [get_bd_cells -quiet -filter {VLNV =~ "*proc_sys_reset*"}]
# set rst_src  [get_bd_pins -quiet $rst_cell/peripheral_aresetn]
# proc wire_if_free {pin src} {
#     if {[llength [get_bd_pins -quiet $pin]] == 0} { return }
#     if {[llength [get_bd_nets -quiet -of_objects [get_bd_pins $pin]]] == 0} {
#         connect_bd_net $src [get_bd_pins $pin]
#     }
# }
# foreach e $ENGINES {
#     lassign $e inst name bundles
#     wire_if_free "$inst/ap_clk"   $clk_src
#     wire_if_free "$inst/ap_rst_n" $rst_src
# }
# wire_if_free "$sc/aclk"           $clk_src
# wire_if_free "$sc/aresetn"        $rst_src
# wire_if_free "ps7_0/S_AXI_HP0_ACLK" $clk_src
# assign_bd_address
INFO: [BD 41-3093] Triggering Legacy Auto Assign Algorithm
Slave segment '/ps7_0/S_AXI_HP0/HP0_DDR_LOWOCM' is being assigned into address space '/conv0_engine_0/Data_m_axi_RD_BUS' at <0x0000_0000 [ 512M ]>.
Slave segment '/ps7_0/S_AXI_HP0/HP0_DDR_LOWOCM' is being assigned into address space '/conv0_engine_0/Data_m_axi_WR_BUS' at <0x0000_0000 [ 512M ]>.
Slave segment '/ps7_0/S_AXI_HP0/HP0_DDR_LOWOCM' is being assigned into address space '/conv_engine_0/Data_m_axi_RD_BUS' at <0x0000_0000 [ 512M ]>.
Slave segment '/ps7_0/S_AXI_HP0/HP0_DDR_LOWOCM' is being assigned into address space '/conv_engine_0/Data_m_axi_RD_BUS2' at <0x0000_0000 [ 512M ]>.
Slave segment '/ps7_0/S_AXI_HP0/HP0_DDR_LOWOCM' is being assigned into address space '/conv_engine_0/Data_m_axi_WR_BUS' at <0x0000_0000 [ 512M ]>.
Slave segment '/ps7_0/S_AXI_HP0/HP0_DDR_LOWOCM' is being assigned into address space '/maxpool_engine_0/Data_m_axi_RD_BUS' at <0x0000_0000 [ 512M ]>.
Slave segment '/ps7_0/S_AXI_HP0/HP0_DDR_LOWOCM' is being assigned into address space '/maxpool_engine_0/Data_m_axi_WR_BUS' at <0x0000_0000 [ 512M ]>.
# validate_bd_design
CRITICAL WARNING: [PSU-1]  Parameter : PCW_UIPARAM_DDR_DQS_TO_CLK_DELAY_2 has negative value -0.009 . PS DDR interfaces might fail when entering negative DQS skew values. 
CRITICAL WARNING: [PSU-2]  Parameter : PCW_UIPARAM_DDR_DQS_TO_CLK_DELAY_3 has negative value -0.033 . PS DDR interfaces might fail when entering negative DQS skew values. 
INFO: [BD 5-943] Reserving offset range <0x0000_0000 [ 512M ]> from slave interface '/smartconnect_hp0/S00_AXI' to master interface '/smartconnect_hp0/M00_AXI'. This will be used by smartconnect on path for routing.
INFO: [BD 5-943] Reserving offset range <0x0000_0000 [ 512M ]> from slave interface '/smartconnect_hp0/S01_AXI' to master interface '/smartconnect_hp0/M00_AXI'. This will be used by smartconnect on path for routing.
INFO: [BD 5-943] Reserving offset range <0x0000_0000 [ 512M ]> from slave interface '/smartconnect_hp0/S02_AXI' to master interface '/smartconnect_hp0/M00_AXI'. This will be used by smartconnect on path for routing.
INFO: [BD 5-943] Reserving offset range <0x0000_0000 [ 512M ]> from slave interface '/smartconnect_hp0/S03_AXI' to master interface '/smartconnect_hp0/M00_AXI'. This will be used by smartconnect on path for routing.
INFO: [BD 5-943] Reserving offset range <0x0000_0000 [ 512M ]> from slave interface '/smartconnect_hp0/S04_AXI' to master interface '/smartconnect_hp0/M00_AXI'. This will be used by smartconnect on path for routing.
INFO: [BD 5-943] Reserving offset range <0x0000_0000 [ 512M ]> from slave interface '/smartconnect_hp0/S05_AXI' to master interface '/smartconnect_hp0/M00_AXI'. This will be used by smartconnect on path for routing.
INFO: [BD 5-943] Reserving offset range <0x0000_0000 [ 512M ]> from slave interface '/smartconnect_hp0/S06_AXI' to master interface '/smartconnect_hp0/M00_AXI'. This will be used by smartconnect on path for routing.
INFO: [xilinx.com:ip:smartconnect:1.0-1] cls_smartconnect_hp0_0: SmartConnect cls_smartconnect_hp0_0 is in High-performance Mode.
xit::source_ipfile: Time (s): cpu = 00:00:04 ; elapsed = 00:00:05 . Memory (MB): peak = 940.660 ; gain = 138.438
validate_bd_design: Time (s): cpu = 00:00:08 ; elapsed = 00:00:09 . Memory (MB): peak = 951.551 ; gain = 194.051
# save_bd_design
Wrote  : <C:\Users\kccistc\Documents\final_project\hls\arty_96_classifier\system\s1\s1.srcs\sources_1\bd\cls\cls.bd> 
# if {$BD_ONLY} {
#     puts "\n== BD_ONLY: PS7 최종 설정 확인"
#     foreach p {PCW_UIPARAM_DDR_PARTNO PCW_UIPARAM_DDR_MEMORY_TYPE \
#                PCW_UIPARAM_DDR_DRAM_WIDTH PCW_UIPARAM_DDR_DEVICE_CAPACITY \
#                PCW_UIPARAM_DDR_ROW_ADDR_COUNT PCW_UART1_PERIPHERAL_ENABLE \
#                PCW_UART1_UART1_IO PCW_SD0_PERIPHERAL_ENABLE \
#                PCW_QSPI_PERIPHERAL_ENABLE PCW_ENET0_PERIPHERAL_ENABLE \
#                PCW_USE_M_AXI_GP0 PCW_USE_S_AXI_HP0 PCW_S_AXI_HP0_DATA_WIDTH \
#                PCW_FPGA0_PERIPHERAL_FREQMHZ PCW_CLK0_FREQ \
#                PCW_CRYSTAL_PERIPHERAL_FREQMHZ PCW_APU_PERIPHERAL_FREQMHZ \
#                PCW_UIPARAM_DDR_FREQ_MHZ} {
#         puts [format "==   %-34s %s" $p \
#               [get_property CONFIG.$p [get_bd_cells ps7_0]]]
#     }
#     ;# FCLK0 이 100 이 아니면 타이밍 제약이 바뀐 것이고, v5_tr16 의 WNS
#     ;# +0.007 ns 와는 비교 자체가 성립하지 않는다. 여기서 죽는 게 맞다.
#     set f [get_property CONFIG.PCW_FPGA0_PERIPHERAL_FREQMHZ [get_bd_cells ps7_0]]
#     if {$f != $CLK_MHZ} {
#         puts "== FATAL: FCLK0 = $f MHz, 기대값 $CLK_MHZ MHz."
#         puts "==        프리셋이 클럭을 덮었다. 타이밍 비교가 무의미해진다."
#         exit 1
#     }
#     ;# EMIO 로 새면 PL 핀이 생겨 넷리스트가 달라진다 - 그러면 "PL 무변경"이
#     ;# 거짓이 된다. 최상위 포트 목록으로 직접 확인한다.
#     set emio [get_bd_intf_ports -quiet -filter {NAME =~ "*EMIO*" || NAME =~ "*emio*"}]
#     if {[llength $emio] > 0} {
#         puts "== FATAL: EMIO 포트가 생겼다: $emio"
#         exit 1
#     }
#     puts "== BD_ONLY OK: FCLK0 $f MHz, EMIO 포트 0개. 합성/구현은 돌리지 않았다."
#     exit 0
# }
# set bd_file [get_files $BD_NAME.bd]
# generate_target all $bd_file
INFO: [BD 41-1662] The design 'cls.bd' is already validated. Therefore parameter propagation will not be re-run.
WARNING: [BD 41-2384] Width mismatch when connecting pin: '/smartconnect_hp0/S00_AXI_arlock'(1) to pin: '/conv_engine_0/m_axi_RD_BUS_ARLOCK'(2) - Only lower order bits will be connected.
WARNING: [BD 41-2384] Width mismatch when connecting pin: '/smartconnect_hp0/S01_AXI_arlock'(1) to pin: '/conv_engine_0/m_axi_RD_BUS2_ARLOCK'(2) - Only lower order bits will be connected.
WARNING: [BD 41-2384] Width mismatch when connecting pin: '/smartconnect_hp0/S02_AXI_awlock'(1) to pin: '/conv_engine_0/m_axi_WR_BUS_AWLOCK'(2) - Only lower order bits will be connected.
WARNING: [BD 41-2384] Width mismatch when connecting pin: '/smartconnect_hp0/S03_AXI_arlock'(1) to pin: '/conv0_engine_0/m_axi_RD_BUS_ARLOCK'(2) - Only lower order bits will be connected.
WARNING: [BD 41-2384] Width mismatch when connecting pin: '/smartconnect_hp0/S04_AXI_awlock'(1) to pin: '/conv0_engine_0/m_axi_WR_BUS_AWLOCK'(2) - Only lower order bits will be connected.
WARNING: [BD 41-2384] Width mismatch when connecting pin: '/smartconnect_hp0/S05_AXI_arlock'(1) to pin: '/maxpool_engine_0/m_axi_RD_BUS_ARLOCK'(2) - Only lower order bits will be connected.
WARNING: [BD 41-2384] Width mismatch when connecting pin: '/smartconnect_hp0/S06_AXI_awlock'(1) to pin: '/maxpool_engine_0/m_axi_WR_BUS_AWLOCK'(2) - Only lower order bits will be connected.
Verilog Output written to : C:/Users/kccistc/Documents/final_project/hls/arty_96_classifier/system/s1/s1.gen/sources_1/bd/cls/synth/cls.v
WARNING: [BD 41-2384] Width mismatch when connecting pin: '/smartconnect_hp0/S00_AXI_arlock'(1) to pin: '/conv_engine_0/m_axi_RD_BUS_ARLOCK'(2) - Only lower order bits will be connected.
WARNING: [BD 41-2384] Width mismatch when connecting pin: '/smartconnect_hp0/S01_AXI_arlock'(1) to pin: '/conv_engine_0/m_axi_RD_BUS2_ARLOCK'(2) - Only lower order bits will be connected.
WARNING: [BD 41-2384] Width mismatch when connecting pin: '/smartconnect_hp0/S02_AXI_awlock'(1) to pin: '/conv_engine_0/m_axi_WR_BUS_AWLOCK'(2) - Only lower order bits will be connected.
WARNING: [BD 41-2384] Width mismatch when connecting pin: '/smartconnect_hp0/S03_AXI_arlock'(1) to pin: '/conv0_engine_0/m_axi_RD_BUS_ARLOCK'(2) - Only lower order bits will be connected.
WARNING: [BD 41-2384] Width mismatch when connecting pin: '/smartconnect_hp0/S04_AXI_awlock'(1) to pin: '/conv0_engine_0/m_axi_WR_BUS_AWLOCK'(2) - Only lower order bits will be connected.
WARNING: [BD 41-2384] Width mismatch when connecting pin: '/smartconnect_hp0/S05_AXI_arlock'(1) to pin: '/maxpool_engine_0/m_axi_RD_BUS_ARLOCK'(2) - Only lower order bits will be connected.
WARNING: [BD 41-2384] Width mismatch when connecting pin: '/smartconnect_hp0/S06_AXI_awlock'(1) to pin: '/maxpool_engine_0/m_axi_WR_BUS_AWLOCK'(2) - Only lower order bits will be connected.
Verilog Output written to : C:/Users/kccistc/Documents/final_project/hls/arty_96_classifier/system/s1/s1.gen/sources_1/bd/cls/sim/cls.v
Verilog Output written to : C:/Users/kccistc/Documents/final_project/hls/arty_96_classifier/system/s1/s1.gen/sources_1/bd/cls/hdl/cls_wrapper.v
INFO: [IP_Flow 19-5611] Unable to find an associated reset port for the interface 'M_AXI_GP0'. A default connection has been created.
INFO: [IP_Flow 19-5611] Unable to find an associated reset port for the interface 'S_AXI_HP0'. A default connection has been created.
INFO: [BD 41-1029] Generation completed for the IP Integrator block ps7_0 .
INFO: [BD 41-1029] Generation completed for the IP Integrator block conv_engine_0 .
INFO: [BD 41-1029] Generation completed for the IP Integrator block conv0_engine_0 .
INFO: [BD 41-1029] Generation completed for the IP Integrator block maxpool_engine_0 .
Exporting to file c:/Users/kccistc/Documents/final_project/hls/arty_96_classifier/system/s1/s1.gen/sources_1/bd/cls/ip/cls_smartconnect_hp0_0/bd_0/hw_handoff/cls_smartconnect_hp0_0.hwh
Generated Hardware Definition File c:/Users/kccistc/Documents/final_project/hls/arty_96_classifier/system/s1/s1.gen/sources_1/bd/cls/ip/cls_smartconnect_hp0_0/bd_0/synth/cls_smartconnect_hp0_0.hwdef
INFO: [BD 41-1029] Generation completed for the IP Integrator block smartconnect_hp0 .
INFO: [BD 41-1029] Generation completed for the IP Integrator block ps7_0_axi_periph/xbar .
WARNING: [IP_Flow 19-4994] Overwriting existing constraint file 'c:/Users/kccistc/Documents/final_project/hls/arty_96_classifier/system/s1/s1.gen/sources_1/bd/cls/ip/cls_ps7_0_axi_periph_imp_auto_pc_0/cls_ps7_0_axi_periph_imp_auto_pc_0_ooc.xdc'
INFO: [BD 41-1029] Generation completed for the IP Integrator block ps7_0_axi_periph/s00_couplers/auto_pc .
INFO: [BD 41-1029] Generation completed for the IP Integrator block rst_ps7_0_100M .
Exporting to file C:/Users/kccistc/Documents/final_project/hls/arty_96_classifier/system/s1/s1.gen/sources_1/bd/cls/hw_handoff/cls.hwh
Generated Hardware Definition File C:/Users/kccistc/Documents/final_project/hls/arty_96_classifier/system/s1/s1.gen/sources_1/bd/cls/synth/cls.hwdef
generate_target: Time (s): cpu = 00:00:22 ; elapsed = 00:00:38 . Memory (MB): peak = 1074.832 ; gain = 123.281
# make_wrapper -files $bd_file -top -import
# set_property top ${BD_NAME}_wrapper [current_fileset]
# update_compile_order -fileset sources_1
# launch_runs synth_1 -jobs 4
INFO: [IP_Flow 19-6930] IPCACHE: runCacheChecks() number of threads = 8
INFO: [IP_Flow 19-6921] IPCACHE: Adding cache check func to thread queue for IP cls_conv0_engine_0_0
INFO: [IP_Flow 19-6921] IPCACHE: Adding cache check func to thread queue for IP cls_conv_engine_0_0
INFO: [IP_Flow 19-6921] IPCACHE: Adding cache check func to thread queue for IP cls_maxpool_engine_0_0
INFO: [IP_Flow 19-6921] IPCACHE: Adding cache check func to thread queue for IP cls_ps7_0_axi_periph_imp_auto_pc_0
INFO: [IP_Flow 19-6921] IPCACHE: Adding cache check func to thread queue for IP cls_ps7_0_axi_periph_imp_xbar_0
INFO: [IP_Flow 19-6921] IPCACHE: Adding cache check func to thread queue for IP cls_rst_ps7_0_100M_0
INFO: [IP_Flow 19-6921] IPCACHE: Adding cache check func to thread queue for IP cls_smartconnect_hp0_0
INFO: [IP_Flow 19-8020] IPCACHE: runCacheChecks() calling threadPool finishWork()
INFO: [IP_Flow 19-6924] IPCACHE: Running cache check for IP inst: cls_conv0_engine_0_0
INFO: [IP_Flow 19-6924] IPCACHE: Running cache check for IP inst: cls_conv_engine_0_0
INFO: [IP_Flow 19-6924] IPCACHE: Running cache check for IP inst: cls_maxpool_engine_0_0
INFO: [IP_Flow 19-6924] IPCACHE: Running cache check for IP inst: cls_ps7_0_axi_periph_imp_auto_pc_0
INFO: [IP_Flow 19-6924] IPCACHE: Running cache check for IP inst: cls_ps7_0_axi_periph_imp_xbar_0
INFO: [IP_Flow 19-6924] IPCACHE: Running cache check for IP inst: cls_rst_ps7_0_100M_0
INFO: [IP_Flow 19-6924] IPCACHE: Running cache check for IP inst: cls_smartconnect_hp0_0
WARNING: [Vivado 12-7122] Auto Incremental Compile:: No reference checkpoint was found in run synth_1. Auto-incremental flow will not be run, the standard flow will be run instead.
[Wed Aug 19 09:54:02 2026] Launched cls_ps7_0_0_synth_1, cls_conv_engine_0_0_synth_1, cls_conv0_engine_0_0_synth_1, cls_maxpool_engine_0_0_synth_1, cls_smartconnect_hp0_0_synth_1, cls_ps7_0_axi_periph_imp_auto_pc_0_synth_1, cls_rst_ps7_0_100M_0_synth_1, cls_ps7_0_axi_periph_imp_xbar_0_synth_1...
Run output will be captured here:
cls_ps7_0_0_synth_1: C:/Users/kccistc/Documents/final_project/hls/arty_96_classifier/system/s1/s1.runs/cls_ps7_0_0_synth_1/runme.log
cls_conv_engine_0_0_synth_1: C:/Users/kccistc/Documents/final_project/hls/arty_96_classifier/system/s1/s1.runs/cls_conv_engine_0_0_synth_1/runme.log
cls_conv0_engine_0_0_synth_1: C:/Users/kccistc/Documents/final_project/hls/arty_96_classifier/system/s1/s1.runs/cls_conv0_engine_0_0_synth_1/runme.log
cls_maxpool_engine_0_0_synth_1: C:/Users/kccistc/Documents/final_project/hls/arty_96_classifier/system/s1/s1.runs/cls_maxpool_engine_0_0_synth_1/runme.log
cls_smartconnect_hp0_0_synth_1: C:/Users/kccistc/Documents/final_project/hls/arty_96_classifier/system/s1/s1.runs/cls_smartconnect_hp0_0_synth_1/runme.log
cls_ps7_0_axi_periph_imp_auto_pc_0_synth_1: C:/Users/kccistc/Documents/final_project/hls/arty_96_classifier/system/s1/s1.runs/cls_ps7_0_axi_periph_imp_auto_pc_0_synth_1/runme.log
cls_rst_ps7_0_100M_0_synth_1: C:/Users/kccistc/Documents/final_project/hls/arty_96_classifier/system/s1/s1.runs/cls_rst_ps7_0_100M_0_synth_1/runme.log
cls_ps7_0_axi_periph_imp_xbar_0_synth_1: C:/Users/kccistc/Documents/final_project/hls/arty_96_classifier/system/s1/s1.runs/cls_ps7_0_axi_periph_imp_xbar_0_synth_1/runme.log
[Wed Aug 19 09:54:02 2026] Launched synth_1...
Run output will be captured here: C:/Users/kccistc/Documents/final_project/hls/arty_96_classifier/system/s1/s1.runs/synth_1/runme.log
# wait_on_run synth_1
[Wed Aug 19 09:54:02 2026] Waiting for synth_1 to finish...


*** Running vivado
    with args -log cls_wrapper.vds -m64 -product Vivado -mode batch -messageDb vivado.pb -notrace -source cls_wrapper.tcl



****** Vivado v2024.2 (64-bit)
  **** SW Build 5239630 on Fri Nov 08 22:35:27 MST 2024
  **** IP Build 5239520 on Sun Nov 10 16:12:51 MST 2024
  **** SharedData Build 5239561 on Fri Nov 08 14:39:27 MST 2024
  **** Start of session at: Wed Aug 19 09:59:47 2026
    ** Copyright 1986-2022 Xilinx, Inc. All Rights Reserved.
    ** Copyright 2022-2024 Advanced Micro Devices, Inc. All Rights Reserved.

source cls_wrapper.tcl -notrace
create_project: Time (s): cpu = 00:00:06 ; elapsed = 00:00:06 . Memory (MB): peak = 619.293 ; gain = 192.836
INFO: [IP_Flow 19-234] Refreshing IP repositories
INFO: [IP_Flow 19-1700] Loaded user IP repository 'c:/Users/kccistc/Documents/final_project/hls/arty_96_classifier/conv_engine_tr8/conv_engine_prj/solution1/impl/ip'.
INFO: [IP_Flow 19-1700] Loaded user IP repository 'c:/Users/kccistc/Documents/final_project/hls/arty_96_classifier/conv0_engine/conv0_engine_prj/solution1/impl/ip'.
INFO: [IP_Flow 19-1700] Loaded user IP repository 'c:/Users/kccistc/Documents/final_project/hls/arty_96_classifier/maxpool_engine/maxpool_engine_prj/solution1/impl/ip'.
INFO: [IP_Flow 19-2313] Loaded Vivado IP repository 'C:/Xilinx/Vivado/2024.2/data/ip'.
WARNING: [IP_Flow 19-4995] The host OS only allows 260 characters in a normal path. The IP cache path is more than 80 characters. If you experience issues with IP caching, please consider changing the IP cache to a location with a shorter path. Alternately consider using the OS subst command to map part of the path to a drive letter. 
Current IP cache path is c:/Users/kccistc/Documents/final_project/hls/arty_96_classifier/system/s1/s1.cache/ip 
Command: synth_design -top cls_wrapper -part xc7z020clg400-1
Starting synth_design
Attempting to get a license for feature 'Synthesis' and/or device 'xc7z020'
INFO: [Common 17-349] Got license for feature 'Synthesis' and/or device 'xc7z020'
INFO: [Device 21-403] Loading part xc7z020clg400-1
INFO: [Synth 8-7079] Multithreading enabled for synth_design using a maximum of 2 processes.
INFO: [Synth 8-7078] Launching helper process for spawning children vivado processes
INFO: [Synth 8-7075] Helper process launched with PID 10292
---------------------------------------------------------------------------------
Starting RTL Elaboration : Time (s): cpu = 00:00:04 ; elapsed = 00:00:05 . Memory (MB): peak = 1399.645 ; gain = 467.109
---------------------------------------------------------------------------------
INFO: [Synth 8-6157] synthesizing module 'cls_wrapper' [C:/Users/kccistc/Documents/final_project/hls/arty_96_classifier/system/s1/s1.srcs/sources_1/imports/hdl/cls_wrapper.v:13]
INFO: [Synth 8-6157] synthesizing module 'cls' [c:/Users/kccistc/Documents/final_project/hls/arty_96_classifier/system/s1/s1.gen/sources_1/bd/cls/synth/cls.v:13]
INFO: [Synth 8-6157] synthesizing module 'cls_conv0_engine_0_0' [C:/Users/kccistc/Documents/final_project/hls/arty_96_classifier/system/s1/s1.runs/synth_1/.Xil/Vivado-1204-DESKTOP-7CFQ9ND/realtime/cls_conv0_engine_0_0_stub.v:6]
INFO: [Synth 8-6155] done synthesizing module 'cls_conv0_engine_0_0' (0#1) [C:/Users/kccistc/Documents/final_project/hls/arty_96_classifier/system/s1/s1.runs/synth_1/.Xil/Vivado-1204-DESKTOP-7CFQ9ND/realtime/cls_conv0_engine_0_0_stub.v:6]
WARNING: [Synth 8-7071] port 'interrupt' of module 'cls_conv0_engine_0_0' is unconnected for instance 'conv0_engine_0' [c:/Users/kccistc/Documents/final_project/hls/arty_96_classifier/system/s1/s1.gen/sources_1/bd/cls/synth/cls.v:333]
WARNING: [Synth 8-7071] port 'm_axi_RD_BUS_ARREGION' of module 'cls_conv0_engine_0_0' is unconnected for instance 'conv0_engine_0' [c:/Users/kccistc/Documents/final_project/hls/arty_96_classifier/system/s1/s1.gen/sources_1/bd/cls/synth/cls.v:333]
WARNING: [Synth 8-7071] port 'm_axi_RD_BUS_AWADDR' of module 'cls_conv0_engine_0_0' is unconnected for instance 'conv0_engine_0' [c:/Users/kccistc/Documents/final_project/hls/arty_96_classifier/system/s1/s1.gen/sources_1/bd/cls/synth/cls.v:333]
WARNING: [Synth 8-7071] port 'm_axi_RD_BUS_AWBURST' of module 'cls_conv0_engine_0_0' is unconnected for instance 'conv0_engine_0' [c:/Users/kccistc/Documents/final_project/hls/arty_96_classifier/system/s1/s1.gen/sources_1/bd/cls/synth/cls.v:333]
WARNING: [Synth 8-7071] port 'm_axi_RD_BUS_AWCACHE' of module 'cls_conv0_engine_0_0' is unconnected for instance 'conv0_engine_0' [c:/Users/kccistc/Documents/final_project/hls/arty_96_classifier/system/s1/s1.gen/sources_1/bd/cls/synth/cls.v:333]
WARNING: [Synth 8-7071] port 'm_axi_RD_BUS_AWID' of module 'cls_conv0_engine_0_0' is unconnected for instance 'conv0_engine_0' [c:/Users/kccistc/Documents/final_project/hls/arty_96_classifier/system/s1/s1.gen/sources_1/bd/cls/synth/cls.v:333]
WARNING: [Synth 8-7071] port 'm_axi_RD_BUS_AWLEN' of module 'cls_conv0_engine_0_0' is unconnected for instance 'conv0_engine_0' [c:/Users/kccistc/Documents/final_project/hls/arty_96_classifier/system/s1/s1.gen/sources_1/bd/cls/synth/cls.v:333]
WARNING: [Synth 8-7071] port 'm_axi_RD_BUS_AWLOCK' of module 'cls_conv0_engine_0_0' is unconnected for instance 'conv0_engine_0' [c:/Users/kccistc/Documents/final_project/hls/arty_96_classifier/system/s1/s1.gen/sources_1/bd/cls/synth/cls.v:333]
WARNING: [Synth 8-7071] port 'm_axi_RD_BUS_AWPROT' of module 'cls_conv0_engine_0_0' is unconnected for instance 'conv0_engine_0' [c:/Users/kccistc/Documents/final_project/hls/arty_96_classifier/system/s1/s1.gen/sources_1/bd/cls/synth/cls.v:333]
WARNING: [Synth 8-7071] port 'm_axi_RD_BUS_AWQOS' of module 'cls_conv0_engine_0_0' is unconnected for instance 'conv0_engine_0' [c:/Users/kccistc/Documents/final_project/hls/arty_96_classifier/system/s1/s1.gen/sources_1/bd/cls/synth/cls.v:333]
WARNING: [Synth 8-7071] port 'm_axi_RD_BUS_AWREGION' of module 'cls_conv0_engine_0_0' is unconnected for instance 'conv0_engine_0' [c:/Users/kccistc/Documents/final_project/hls/arty_96_classifier/system/s1/s1.gen/sources_1/bd/cls/synth/cls.v:333]
WARNING: [Synth 8-7071] port 'm_axi_RD_BUS_AWSIZE' of module 'cls_conv0_engine_0_0' is unconnected for instance 'conv0_engine_0' [c:/Users/kccistc/Documents/final_project/hls/arty_96_classifier/system/s1/s1.gen/sources_1/bd/cls/synth/cls.v:333]
WARNING: [Synth 8-7071] port 'm_axi_RD_BUS_AWVALID' of module 'cls_conv0_engine_0_0' is unconnected for instance 'conv0_engine_0' [c:/Users/kccistc/Documents/final_project/hls/arty_96_classifier/system/s1/s1.gen/sources_1/bd/cls/synth/cls.v:333]
WARNING: [Synth 8-7071] port 'm_axi_RD_BUS_BREADY' of module 'cls_conv0_engine_0_0' is unconnected for instance 'conv0_engine_0' [c:/Users/kccistc/Documents/final_project/hls/arty_96_classifier/system/s1/s1.gen/sources_1/bd/cls/synth/cls.v:333]
WARNING: [Synth 8-7071] port 'm_axi_RD_BUS_WDATA' of module 'cls_conv0_engine_0_0' is unconnected for instance 'conv0_engine_0' [c:/Users/kccistc/Documents/final_project/hls/arty_96_classifier/system/s1/s1.gen/sources_1/bd/cls/synth/cls.v:333]
WARNING: [Synth 8-7071] port 'm_axi_RD_BUS_WID' of module 'cls_conv0_engine_0_0' is unconnected for instance 'conv0_engine_0' [c:/Users/kccistc/Documents/final_project/hls/arty_96_classifier/system/s1/s1.gen/sources_1/bd/cls/synth/cls.v:333]
WARNING: [Synth 8-7071] port 'm_axi_RD_BUS_WLAST' of module 'cls_conv0_engine_0_0' is unconnected for instance 'conv0_engine_0' [c:/Users/kccistc/Documents/final_project/hls/arty_96_classifier/system/s1/s1.gen/sources_1/bd/cls/synth/cls.v:333]
WARNING: [Synth 8-7071] port 'm_axi_RD_BUS_WSTRB' of module 'cls_conv0_engine_0_0' is unconnected for instance 'conv0_engine_0' [c:/Users/kccistc/Documents/final_project/hls/arty_96_classifier/system/s1/s1.gen/sources_1/bd/cls/synth/cls.v:333]
WARNING: [Synth 8-7071] port 'm_axi_RD_BUS_WVALID' of module 'cls_conv0_engine_0_0' is unconnected for instance 'conv0_engine_0' [c:/Users/kccistc/Documents/final_project/hls/arty_96_classifier/system/s1/s1.gen/sources_1/bd/cls/synth/cls.v:333]
WARNING: [Synth 8-7071] port 'm_axi_WR_BUS_ARADDR' of module 'cls_conv0_engine_0_0' is unconnected for instance 'conv0_engine_0' [c:/Users/kccistc/Documents/final_project/hls/arty_96_classifier/system/s1/s1.gen/sources_1/bd/cls/synth/cls.v:333]
WARNING: [Synth 8-7071] port 'm_axi_WR_BUS_ARBURST' of module 'cls_conv0_engine_0_0' is unconnected for instance 'conv0_engine_0' [c:/Users/kccistc/Documents/final_project/hls/arty_96_classifier/system/s1/s1.gen/sources_1/bd/cls/synth/cls.v:333]
WARNING: [Synth 8-7071] port 'm_axi_WR_BUS_ARCACHE' of module 'cls_conv0_engine_0_0' is unconnected for instance 'conv0_engine_0' [c:/Users/kccistc/Documents/final_project/hls/arty_96_classifier/system/s1/s1.gen/sources_1/bd/cls/synth/cls.v:333]
WARNING: [Synth 8-7071] port 'm_axi_WR_BUS_ARID' of module 'cls_conv0_engine_0_0' is unconnected for instance 'conv0_engine_0' [c:/Users/kccistc/Documents/final_project/hls/arty_96_classifier/system/s1/s1.gen/sources_1/bd/cls/synth/cls.v:333]
WARNING: [Synth 8-7071] port 'm_axi_WR_BUS_ARLEN' of module 'cls_conv0_engine_0_0' is unconnected for instance 'conv0_engine_0' [c:/Users/kccistc/Documents/final_project/hls/arty_96_classifier/system/s1/s1.gen/sources_1/bd/cls/synth/cls.v:333]
WARNING: [Synth 8-7071] port 'm_axi_WR_BUS_ARLOCK' of module 'cls_conv0_engine_0_0' is unconnected for instance 'conv0_engine_0' [c:/Users/kccistc/Documents/final_project/hls/arty_96_classifier/system/s1/s1.gen/sources_1/bd/cls/synth/cls.v:333]
WARNING: [Synth 8-7071] port 'm_axi_WR_BUS_ARPROT' of module 'cls_conv0_engine_0_0' is unconnected for instance 'conv0_engine_0' [c:/Users/kccistc/Documents/final_project/hls/arty_96_classifier/system/s1/s1.gen/sources_1/bd/cls/synth/cls.v:333]
WARNING: [Synth 8-7071] port 'm_axi_WR_BUS_ARQOS' of module 'cls_conv0_engine_0_0' is unconnected for instance 'conv0_engine_0' [c:/Users/kccistc/Documents/final_project/hls/arty_96_classifier/system/s1/s1.gen/sources_1/bd/cls/synth/cls.v:333]
WARNING: [Synth 8-7071] port 'm_axi_WR_BUS_ARREGION' of module 'cls_conv0_engine_0_0' is unconnected for instance 'conv0_engine_0' [c:/Users/kccistc/Documents/final_project/hls/arty_96_classifier/system/s1/s1.gen/sources_1/bd/cls/synth/cls.v:333]
WARNING: [Synth 8-7071] port 'm_axi_WR_BUS_ARSIZE' of module 'cls_conv0_engine_0_0' is unconnected for instance 'conv0_engine_0' [c:/Users/kccistc/Documents/final_project/hls/arty_96_classifier/system/s1/s1.gen/sources_1/bd/cls/synth/cls.v:333]
WARNING: [Synth 8-7071] port 'm_axi_WR_BUS_ARVALID' of module 'cls_conv0_engine_0_0' is unconnected for instance 'conv0_engine_0' [c:/Users/kccistc/Documents/final_project/hls/arty_96_classifier/system/s1/s1.gen/sources_1/bd/cls/synth/cls.v:333]
WARNING: [Synth 8-7071] port 'm_axi_WR_BUS_AWREGION' of module 'cls_conv0_engine_0_0' is unconnected for instance 'conv0_engine_0' [c:/Users/kccistc/Documents/final_project/hls/arty_96_classifier/system/s1/s1.gen/sources_1/bd/cls/synth/cls.v:333]
WARNING: [Synth 8-7071] port 'm_axi_WR_BUS_RREADY' of module 'cls_conv0_engine_0_0' is unconnected for instance 'conv0_engine_0' [c:/Users/kccistc/Documents/final_project/hls/arty_96_classifier/system/s1/s1.gen/sources_1/bd/cls/synth/cls.v:333]
WARNING: [Synth 8-7071] port 'm_axi_WR_BUS_WID' of module 'cls_conv0_engine_0_0' is unconnected for instance 'conv0_engine_0' [c:/Users/kccistc/Documents/final_project/hls/arty_96_classifier/system/s1/s1.gen/sources_1/bd/cls/synth/cls.v:333]
WARNING: [Synth 8-7023] instance 'conv0_engine_0' of module 'cls_conv0_engine_0_0' has 100 connections declared, but only 67 given [c:/Users/kccistc/Documents/final_project/hls/arty_96_classifier/system/s1/s1.gen/sources_1/bd/cls/synth/cls.v:333]
INFO: [Synth 8-6157] synthesizing module 'cls_conv_engine_0_0' [C:/Users/kccistc/Documents/final_project/hls/arty_96_classifier/system/s1/s1.runs/synth_1/.Xil/Vivado-1204-DESKTOP-7CFQ9ND/realtime/cls_conv_engine_0_0_stub.v:6]
INFO: [Synth 8-6155] done synthesizing module 'cls_conv_engine_0_0' (0#1) [C:/Users/kccistc/Documents/final_project/hls/arty_96_classifier/system/s1/s1.runs/synth_1/.Xil/Vivado-1204-DESKTOP-7CFQ9ND/realtime/cls_conv_engine_0_0_stub.v:6]
WARNING: [Synth 8-7071] port 'interrupt' of module 'cls_conv_engine_0_0' is unconnected for instance 'conv_engine_0' [c:/Users/kccistc/Documents/final_project/hls/arty_96_classifier/system/s1/s1.gen/sources_1/bd/cls/synth/cls.v:401]
WARNING: [Synth 8-7071] port 'm_axi_RD_BUS_ARREGION' of module 'cls_conv_engine_0_0' is unconnected for instance 'conv_engine_0' [c:/Users/kccistc/Documents/final_project/hls/arty_96_classifier/system/s1/s1.gen/sources_1/bd/cls/synth/cls.v:401]
WARNING: [Synth 8-7071] port 'm_axi_RD_BUS_AWADDR' of module 'cls_conv_engine_0_0' is unconnected for instance 'conv_engine_0' [c:/Users/kccistc/Documents/final_project/hls/arty_96_classifier/system/s1/s1.gen/sources_1/bd/cls/synth/cls.v:401]
WARNING: [Synth 8-7071] port 'm_axi_RD_BUS_AWBURST' of module 'cls_conv_engine_0_0' is unconnected for instance 'conv_engine_0' [c:/Users/kccistc/Documents/final_project/hls/arty_96_classifier/system/s1/s1.gen/sources_1/bd/cls/synth/cls.v:401]
WARNING: [Synth 8-7071] port 'm_axi_RD_BUS_AWCACHE' of module 'cls_conv_engine_0_0' is unconnected for instance 'conv_engine_0' [c:/Users/kccistc/Documents/final_project/hls/arty_96_classifier/system/s1/s1.gen/sources_1/bd/cls/synth/cls.v:401]
WARNING: [Synth 8-7071] port 'm_axi_RD_BUS_AWID' of module 'cls_conv_engine_0_0' is unconnected for instance 'conv_engine_0' [c:/Users/kccistc/Documents/final_project/hls/arty_96_classifier/system/s1/s1.gen/sources_1/bd/cls/synth/cls.v:401]
WARNING: [Synth 8-7071] port 'm_axi_RD_BUS_AWLEN' of module 'cls_conv_engine_0_0' is unconnected for instance 'conv_engine_0' [c:/Users/kccistc/Documents/final_project/hls/arty_96_classifier/system/s1/s1.gen/sources_1/bd/cls/synth/cls.v:401]
WARNING: [Synth 8-7071] port 'm_axi_RD_BUS_AWLOCK' of module 'cls_conv_engine_0_0' is unconnected for instance 'conv_engine_0' [c:/Users/kccistc/Documents/final_project/hls/arty_96_classifier/system/s1/s1.gen/sources_1/bd/cls/synth/cls.v:401]
WARNING: [Synth 8-7071] port 'm_axi_RD_BUS_AWPROT' of module 'cls_conv_engine_0_0' is unconnected for instance 'conv_engine_0' [c:/Users/kccistc/Documents/final_project/hls/arty_96_classifier/system/s1/s1.gen/sources_1/bd/cls/synth/cls.v:401]
WARNING: [Synth 8-7071] port 'm_axi_RD_BUS_AWQOS' of module 'cls_conv_engine_0_0' is unconnected for instance 'conv_engine_0' [c:/Users/kccistc/Documents/final_project/hls/arty_96_classifier/system/s1/s1.gen/sources_1/bd/cls/synth/cls.v:401]
WARNING: [Synth 8-7071] port 'm_axi_RD_BUS_AWREGION' of module 'cls_conv_engine_0_0' is unconnected for instance 'conv_engine_0' [c:/Users/kccistc/Documents/final_project/hls/arty_96_classifier/system/s1/s1.gen/sources_1/bd/cls/synth/cls.v:401]
WARNING: [Synth 8-7071] port 'm_axi_RD_BUS_AWSIZE' of module 'cls_conv_engine_0_0' is unconnected for instance 'conv_engine_0' [c:/Users/kccistc/Documents/final_project/hls/arty_96_classifier/system/s1/s1.gen/sources_1/bd/cls/synth/cls.v:401]
WARNING: [Synth 8-7071] port 'm_axi_RD_BUS_AWVALID' of module 'cls_conv_engine_0_0' is unconnected for instance 'conv_engine_0' [c:/Users/kccistc/Documents/final_project/hls/arty_96_classifier/system/s1/s1.gen/sources_1/bd/cls/synth/cls.v:401]
WARNING: [Synth 8-7071] port 'm_axi_RD_BUS_BREADY' of module 'cls_conv_engine_0_0' is unconnected for instance 'conv_engine_0' [c:/Users/kccistc/Documents/final_project/hls/arty_96_classifier/system/s1/s1.gen/sources_1/bd/cls/synth/cls.v:401]
WARNING: [Synth 8-7071] port 'm_axi_RD_BUS_WDATA' of module 'cls_conv_engine_0_0' is unconnected for instance 'conv_engine_0' [c:/Users/kccistc/Documents/final_project/hls/arty_96_classifier/system/s1/s1.gen/sources_1/bd/cls/synth/cls.v:401]
WARNING: [Synth 8-7071] port 'm_axi_RD_BUS_WID' of module 'cls_conv_engine_0_0' is unconnected for instance 'conv_engine_0' [c:/Users/kccistc/Documents/final_project/hls/arty_96_classifier/system/s1/s1.gen/sources_1/bd/cls/synth/cls.v:401]
WARNING: [Synth 8-7071] port 'm_axi_RD_BUS_WLAST' of module 'cls_conv_engine_0_0' is unconnected for instance 'conv_engine_0' [c:/Users/kccistc/Documents/final_project/hls/arty_96_classifier/system/s1/s1.gen/sources_1/bd/cls/synth/cls.v:401]
WARNING: [Synth 8-7071] port 'm_axi_RD_BUS_WSTRB' of module 'cls_conv_engine_0_0' is unconnected for instance 'conv_engine_0' [c:/Users/kccistc/Documents/final_project/hls/arty_96_classifier/system/s1/s1.gen/sources_1/bd/cls/synth/cls.v:401]
WARNING: [Synth 8-7071] port 'm_axi_RD_BUS_WVALID' of module 'cls_conv_engine_0_0' is unconnected for instance 'conv_engine_0' [c:/Users/kccistc/Documents/final_project/hls/arty_96_classifier/system/s1/s1.gen/sources_1/bd/cls/synth/cls.v:401]
WARNING: [Synth 8-7071] port 'm_axi_RD_BUS2_ARREGION' of module 'cls_conv_engine_0_0' is unconnected for instance 'conv_engine_0' [c:/Users/kccistc/Documents/final_project/hls/arty_96_classifier/system/s1/s1.gen/sources_1/bd/cls/synth/cls.v:401]
WARNING: [Synth 8-7071] port 'm_axi_RD_BUS2_AWADDR' of module 'cls_conv_engine_0_0' is unconnected for instance 'conv_engine_0' [c:/Users/kccistc/Documents/final_project/hls/arty_96_classifier/system/s1/s1.gen/sources_1/bd/cls/synth/cls.v:401]
WARNING: [Synth 8-7071] port 'm_axi_RD_BUS2_AWBURST' of module 'cls_conv_engine_0_0' is unconnected for instance 'conv_engine_0' [c:/Users/kccistc/Documents/final_project/hls/arty_96_classifier/system/s1/s1.gen/sources_1/bd/cls/synth/cls.v:401]
WARNING: [Synth 8-7071] port 'm_axi_RD_BUS2_AWCACHE' of module 'cls_conv_engine_0_0' is unconnected for instance 'conv_engine_0' [c:/Users/kccistc/Documents/final_project/hls/arty_96_classifier/system/s1/s1.gen/sources_1/bd/cls/synth/cls.v:401]
WARNING: [Synth 8-7071] port 'm_axi_RD_BUS2_AWID' of module 'cls_conv_engine_0_0' is unconnected for instance 'conv_engine_0' [c:/Users/kccistc/Documents/final_project/hls/arty_96_classifier/system/s1/s1.gen/sources_1/bd/cls/synth/cls.v:401]
WARNING: [Synth 8-7071] port 'm_axi_RD_BUS2_AWLEN' of module 'cls_conv_engine_0_0' is unconnected for instance 'conv_engine_0' [c:/Users/kccistc/Documents/final_project/hls/arty_96_classifier/system/s1/s1.gen/sources_1/bd/cls/synth/cls.v:401]
WARNING: [Synth 8-7071] port 'm_axi_RD_BUS2_AWLOCK' of module 'cls_conv_engine_0_0' is unconnected for instance 'conv_engine_0' [c:/Users/kccistc/Documents/final_project/hls/arty_96_classifier/system/s1/s1.gen/sources_1/bd/cls/synth/cls.v:401]
WARNING: [Synth 8-7071] port 'm_axi_RD_BUS2_AWPROT' of module 'cls_conv_engine_0_0' is unconnected for instance 'conv_engine_0' [c:/Users/kccistc/Documents/final_project/hls/arty_96_classifier/system/s1/s1.gen/sources_1/bd/cls/synth/cls.v:401]
WARNING: [Synth 8-7071] port 'm_axi_RD_BUS2_AWQOS' of module 'cls_conv_engine_0_0' is unconnected for instance 'conv_engine_0' [c:/Users/kccistc/Documents/final_project/hls/arty_96_classifier/system/s1/s1.gen/sources_1/bd/cls/synth/cls.v:401]
WARNING: [Synth 8-7071] port 'm_axi_RD_BUS2_AWREGION' of module 'cls_conv_engine_0_0' is unconnected for instance 'conv_engine_0' [c:/Users/kccistc/Documents/final_project/hls/arty_96_classifier/system/s1/s1.gen/sources_1/bd/cls/synth/cls.v:401]
WARNING: [Synth 8-7071] port 'm_axi_RD_BUS2_AWSIZE' of module 'cls_conv_engine_0_0' is unconnected for instance 'conv_engine_0' [c:/Users/kccistc/Documents/final_project/hls/arty_96_classifier/system/s1/s1.gen/sources_1/bd/cls/synth/cls.v:401]
WARNING: [Synth 8-7071] port 'm_axi_RD_BUS2_AWVALID' of module 'cls_conv_engine_0_0' is unconnected for instance 'conv_engine_0' [c:/Users/kccistc/Documents/final_project/hls/arty_96_classifier/system/s1/s1.gen/sources_1/bd/cls/synth/cls.v:401]
WARNING: [Synth 8-7071] port 'm_axi_RD_BUS2_BREADY' of module 'cls_conv_engine_0_0' is unconnected for instance 'conv_engine_0' [c:/Users/kccistc/Documents/final_project/hls/arty_96_classifier/system/s1/s1.gen/sources_1/bd/cls/synth/cls.v:401]
WARNING: [Synth 8-7071] port 'm_axi_RD_BUS2_WDATA' of module 'cls_conv_engine_0_0' is unconnected for instance 'conv_engine_0' [c:/Users/kccistc/Documents/final_project/hls/arty_96_classifier/system/s1/s1.gen/sources_1/bd/cls/synth/cls.v:401]
WARNING: [Synth 8-7071] port 'm_axi_RD_BUS2_WID' of module 'cls_conv_engine_0_0' is unconnected for instance 'conv_engine_0' [c:/Users/kccistc/Documents/final_project/hls/arty_96_classifier/system/s1/s1.gen/sources_1/bd/cls/synth/cls.v:401]
WARNING: [Synth 8-7071] port 'm_axi_RD_BUS2_WLAST' of module 'cls_conv_engine_0_0' is unconnected for instance 'conv_engine_0' [c:/Users/kccistc/Documents/final_project/hls/arty_96_classifier/system/s1/s1.gen/sources_1/bd/cls/synth/cls.v:401]
WARNING: [Synth 8-7071] port 'm_axi_RD_BUS2_WSTRB' of module 'cls_conv_engine_0_0' is unconnected for instance 'conv_engine_0' [c:/Users/kccistc/Documents/final_project/hls/arty_96_classifier/system/s1/s1.gen/sources_1/bd/cls/synth/cls.v:401]
WARNING: [Synth 8-7071] port 'm_axi_RD_BUS2_WVALID' of module 'cls_conv_engine_0_0' is unconnected for instance 'conv_engine_0' [c:/Users/kccistc/Documents/final_project/hls/arty_96_classifier/system/s1/s1.gen/sources_1/bd/cls/synth/cls.v:401]
WARNING: [Synth 8-7071] port 'm_axi_WR_BUS_ARADDR' of module 'cls_conv_engine_0_0' is unconnected for instance 'conv_engine_0' [c:/Users/kccistc/Documents/final_project/hls/arty_96_classifier/system/s1/s1.gen/sources_1/bd/cls/synth/cls.v:401]
WARNING: [Synth 8-7071] port 'm_axi_WR_BUS_ARBURST' of module 'cls_conv_engine_0_0' is unconnected for instance 'conv_engine_0' [c:/Users/kccistc/Documents/final_project/hls/arty_96_classifier/system/s1/s1.gen/sources_1/bd/cls/synth/cls.v:401]
WARNING: [Synth 8-7071] port 'm_axi_WR_BUS_ARCACHE' of module 'cls_conv_engine_0_0' is unconnected for instance 'conv_engine_0' [c:/Users/kccistc/Documents/final_project/hls/arty_96_classifier/system/s1/s1.gen/sources_1/bd/cls/synth/cls.v:401]
WARNING: [Synth 8-7071] port 'm_axi_WR_BUS_ARID' of module 'cls_conv_engine_0_0' is unconnected for instance 'conv_engine_0' [c:/Users/kccistc/Documents/final_project/hls/arty_96_classifier/system/s1/s1.gen/sources_1/bd/cls/synth/cls.v:401]
WARNING: [Synth 8-7071] port 'm_axi_WR_BUS_ARLEN' of module 'cls_conv_engine_0_0' is unconnected for instance 'conv_engine_0' [c:/Users/kccistc/Documents/final_project/hls/arty_96_classifier/system/s1/s1.gen/sources_1/bd/cls/synth/cls.v:401]
WARNING: [Synth 8-7071] port 'm_axi_WR_BUS_ARLOCK' of module 'cls_conv_engine_0_0' is unconnected for instance 'conv_engine_0' [c:/Users/kccistc/Documents/final_project/hls/arty_96_classifier/system/s1/s1.gen/sources_1/bd/cls/synth/cls.v:401]
WARNING: [Synth 8-7071] port 'm_axi_WR_BUS_ARPROT' of module 'cls_conv_engine_0_0' is unconnected for instance 'conv_engine_0' [c:/Users/kccistc/Documents/final_project/hls/arty_96_classifier/system/s1/s1.gen/sources_1/bd/cls/synth/cls.v:401]
WARNING: [Synth 8-7071] port 'm_axi_WR_BUS_ARQOS' of module 'cls_conv_engine_0_0' is unconnected for instance 'conv_engine_0' [c:/Users/kccistc/Documents/final_project/hls/arty_96_classifier/system/s1/s1.gen/sources_1/bd/cls/synth/cls.v:401]
WARNING: [Synth 8-7071] port 'm_axi_WR_BUS_ARREGION' of module 'cls_conv_engine_0_0' is unconnected for instance 'conv_engine_0' [c:/Users/kccistc/Documents/final_project/hls/arty_96_classifier/system/s1/s1.gen/sources_1/bd/cls/synth/cls.v:401]
WARNING: [Synth 8-7071] port 'm_axi_WR_BUS_ARSIZE' of module 'cls_conv_engine_0_0' is unconnected for instance 'conv_engine_0' [c:/Users/kccistc/Documents/final_project/hls/arty_96_classifier/system/s1/s1.gen/sources_1/bd/cls/synth/cls.v:401]
WARNING: [Synth 8-7071] port 'm_axi_WR_BUS_ARVALID' of module 'cls_conv_engine_0_0' is unconnected for instance 'conv_engine_0' [c:/Users/kccistc/Documents/final_project/hls/arty_96_classifier/system/s1/s1.gen/sources_1/bd/cls/synth/cls.v:401]
WARNING: [Synth 8-7071] port 'm_axi_WR_BUS_AWREGION' of module 'cls_conv_engine_0_0' is unconnected for instance 'conv_engine_0' [c:/Users/kccistc/Documents/final_project/hls/arty_96_classifier/system/s1/s1.gen/sources_1/bd/cls/synth/cls.v:401]
WARNING: [Synth 8-7071] port 'm_axi_WR_BUS_RREADY' of module 'cls_conv_engine_0_0' is unconnected for instance 'conv_engine_0' [c:/Users/kccistc/Documents/final_project/hls/arty_96_classifier/system/s1/s1.gen/sources_1/bd/cls/synth/cls.v:401]
WARNING: [Synth 8-7071] port 'm_axi_WR_BUS_WID' of module 'cls_conv_engine_0_0' is unconnected for instance 'conv_engine_0' [c:/Users/kccistc/Documents/final_project/hls/arty_96_classifier/system/s1/s1.gen/sources_1/bd/cls/synth/cls.v:401]
WARNING: [Synth 8-7023] instance 'conv_engine_0' of module 'cls_conv_engine_0_0' has 140 connections declared, but only 89 given [c:/Users/kccistc/Documents/final_project/hls/arty_96_classifier/system/s1/s1.gen/sources_1/bd/cls/synth/cls.v:401]
INFO: [Synth 8-6157] synthesizing module 'cls_maxpool_engine_0_0' [C:/Users/kccistc/Documents/final_project/hls/arty_96_classifier/system/s1/s1.runs/synth_1/.Xil/Vivado-1204-DESKTOP-7CFQ9ND/realtime/cls_maxpool_engine_0_0_stub.v:6]
INFO: [Synth 8-6155] done synthesizing module 'cls_maxpool_engine_0_0' (0#1) [C:/Users/kccistc/Documents/final_project/hls/arty_96_classifier/system/s1/s1.runs/synth_1/.Xil/Vivado-1204-DESKTOP-7CFQ9ND/realtime/cls_maxpool_engine_0_0_stub.v:6]
WARNING: [Synth 8-7071] port 'interrupt' of module 'cls_maxpool_engine_0_0' is unconnected for instance 'maxpool_engine_0' [c:/Users/kccistc/Documents/final_project/hls/arty_96_classifier/system/s1/s1.gen/sources_1/bd/cls/synth/cls.v:491]
WARNING: [Synth 8-7071] port 'm_axi_RD_BUS_ARREGION' of module 'cls_maxpool_engine_0_0' is unconnected for instance 'maxpool_engine_0' [c:/Users/kccistc/Documents/final_project/hls/arty_96_classifier/system/s1/s1.gen/sources_1/bd/cls/synth/cls.v:491]
WARNING: [Synth 8-7071] port 'm_axi_RD_BUS_AWADDR' of module 'cls_maxpool_engine_0_0' is unconnected for instance 'maxpool_engine_0' [c:/Users/kccistc/Documents/final_project/hls/arty_96_classifier/system/s1/s1.gen/sources_1/bd/cls/synth/cls.v:491]
WARNING: [Synth 8-7071] port 'm_axi_RD_BUS_AWBURST' of module 'cls_maxpool_engine_0_0' is unconnected for instance 'maxpool_engine_0' [c:/Users/kccistc/Documents/final_project/hls/arty_96_classifier/system/s1/s1.gen/sources_1/bd/cls/synth/cls.v:491]
WARNING: [Synth 8-7071] port 'm_axi_RD_BUS_AWCACHE' of module 'cls_maxpool_engine_0_0' is unconnected for instance 'maxpool_engine_0' [c:/Users/kccistc/Documents/final_project/hls/arty_96_classifier/system/s1/s1.gen/sources_1/bd/cls/synth/cls.v:491]
WARNING: [Synth 8-7071] port 'm_axi_RD_BUS_AWID' of module 'cls_maxpool_engine_0_0' is unconnected for instance 'maxpool_engine_0' [c:/Users/kccistc/Documents/final_project/hls/arty_96_classifier/system/s1/s1.gen/sources_1/bd/cls/synth/cls.v:491]
WARNING: [Synth 8-7071] port 'm_axi_RD_BUS_AWLEN' of module 'cls_maxpool_engine_0_0' is unconnected for instance 'maxpool_engine_0' [c:/Users/kccistc/Documents/final_project/hls/arty_96_classifier/system/s1/s1.gen/sources_1/bd/cls/synth/cls.v:491]
WARNING: [Synth 8-7071] port 'm_axi_RD_BUS_AWLOCK' of module 'cls_maxpool_engine_0_0' is unconnected for instance 'maxpool_engine_0' [c:/Users/kccistc/Documents/final_project/hls/arty_96_classifier/system/s1/s1.gen/sources_1/bd/cls/synth/cls.v:491]
WARNING: [Synth 8-7071] port 'm_axi_RD_BUS_AWPROT' of module 'cls_maxpool_engine_0_0' is unconnected for instance 'maxpool_engine_0' [c:/Users/kccistc/Documents/final_project/hls/arty_96_classifier/system/s1/s1.gen/sources_1/bd/cls/synth/cls.v:491]
WARNING: [Synth 8-7071] port 'm_axi_RD_BUS_AWQOS' of module 'cls_maxpool_engine_0_0' is unconnected for instance 'maxpool_engine_0' [c:/Users/kccistc/Documents/final_project/hls/arty_96_classifier/system/s1/s1.gen/sources_1/bd/cls/synth/cls.v:491]
WARNING: [Synth 8-7071] port 'm_axi_RD_BUS_AWREGION' of module 'cls_maxpool_engine_0_0' is unconnected for instance 'maxpool_engine_0' [c:/Users/kccistc/Documents/final_project/hls/arty_96_classifier/system/s1/s1.gen/sources_1/bd/cls/synth/cls.v:491]
WARNING: [Synth 8-7071] port 'm_axi_RD_BUS_AWSIZE' of module 'cls_maxpool_engine_0_0' is unconnected for instance 'maxpool_engine_0' [c:/Users/kccistc/Documents/final_project/hls/arty_96_classifier/system/s1/s1.gen/sources_1/bd/cls/synth/cls.v:491]
WARNING: [Synth 8-7071] port 'm_axi_RD_BUS_AWVALID' of module 'cls_maxpool_engine_0_0' is unconnected for instance 'maxpool_engine_0' [c:/Users/kccistc/Documents/final_project/hls/arty_96_classifier/system/s1/s1.gen/sources_1/bd/cls/synth/cls.v:491]
WARNING: [Synth 8-7071] port 'm_axi_RD_BUS_BREADY' of module 'cls_maxpool_engine_0_0' is unconnected for instance 'maxpool_engine_0' [c:/Users/kccistc/Documents/final_project/hls/arty_96_classifier/system/s1/s1.gen/sources_1/bd/cls/synth/cls.v:491]
WARNING: [Synth 8-7071] port 'm_axi_RD_BUS_WDATA' of module 'cls_maxpool_engine_0_0' is unconnected for instance 'maxpool_engine_0' [c:/Users/kccistc/Documents/final_project/hls/arty_96_classifier/system/s1/s1.gen/sources_1/bd/cls/synth/cls.v:491]
WARNING: [Synth 8-7071] port 'm_axi_RD_BUS_WID' of module 'cls_maxpool_engine_0_0' is unconnected for instance 'maxpool_engine_0' [c:/Users/kccistc/Documents/final_project/hls/arty_96_classifier/system/s1/s1.gen/sources_1/bd/cls/synth/cls.v:491]
INFO: [Common 17-14] Message 'Synth 8-7071' appears 100 times and further instances of the messages will be disabled. Use the Tcl command set_msg_config to change the current settings.
WARNING: [Synth 8-7023] instance 'maxpool_engine_0' of module 'cls_maxpool_engine_0_0' has 100 connections declared, but only 67 given [c:/Users/kccistc/Documents/final_project/hls/arty_96_classifier/system/s1/s1.gen/sources_1/bd/cls/synth/cls.v:491]
INFO: [Synth 8-6157] synthesizing module 'cls_ps7_0_0' [C:/Users/kccistc/Documents/final_project/hls/arty_96_classifier/system/s1/s1.runs/synth_1/.Xil/Vivado-1204-DESKTOP-7CFQ9ND/realtime/cls_ps7_0_0_stub.v:6]
INFO: [Synth 8-6155] done synthesizing module 'cls_ps7_0_0' (0#1) [C:/Users/kccistc/Documents/final_project/hls/arty_96_classifier/system/s1/s1.runs/synth_1/.Xil/Vivado-1204-DESKTOP-7CFQ9ND/realtime/cls_ps7_0_0_stub.v:6]
WARNING: [Synth 8-7023] instance 'ps7_0' of module 'cls_ps7_0_0' has 110 connections declared, but only 102 given [c:/Users/kccistc/Documents/final_project/hls/arty_96_classifier/system/s1/s1.gen/sources_1/bd/cls/synth/cls.v:559]
INFO: [Synth 8-6157] synthesizing module 'cls_ps7_0_axi_periph_0' [c:/Users/kccistc/Documents/final_project/hls/arty_96_classifier/system/s1/s1.gen/sources_1/bd/cls/synth/cls.v:935]
INFO: [Synth 8-6157] synthesizing module 'm00_couplers_imp_LKVNPY' [c:/Users/kccistc/Documents/final_project/hls/arty_96_classifier/system/s1/s1.gen/sources_1/bd/cls/synth/cls.v:1517]
INFO: [Synth 8-6155] done synthesizing module 'm00_couplers_imp_LKVNPY' (0#1) [c:/Users/kccistc/Documents/final_project/hls/arty_96_classifier/system/s1/s1.gen/sources_1/bd/cls/synth/cls.v:1517]
INFO: [Synth 8-6157] synthesizing module 'm01_couplers_imp_141IATV' [c:/Users/kccistc/Documents/final_project/hls/arty_96_classifier/system/s1/s1.gen/sources_1/bd/cls/synth/cls.v:1632]
INFO: [Synth 8-6155] done synthesizing module 'm01_couplers_imp_141IATV' (0#1) [c:/Users/kccistc/Documents/final_project/hls/arty_96_classifier/system/s1/s1.gen/sources_1/bd/cls/synth/cls.v:1632]
INFO: [Synth 8-6157] synthesizing module 'm02_couplers_imp_CNI8WT' [c:/Users/kccistc/Documents/final_project/hls/arty_96_classifier/system/s1/s1.gen/sources_1/bd/cls/synth/cls.v:1747]
INFO: [Synth 8-6155] done synthesizing module 'm02_couplers_imp_CNI8WT' (0#1) [c:/Users/kccistc/Documents/final_project/hls/arty_96_classifier/system/s1/s1.gen/sources_1/bd/cls/synth/cls.v:1747]
INFO: [Synth 8-6157] synthesizing module 's00_couplers_imp_1RHTJVW' [c:/Users/kccistc/Documents/final_project/hls/arty_96_classifier/system/s1/s1.gen/sources_1/bd/cls/synth/cls.v:1862]
INFO: [Synth 8-6157] synthesizing module 'cls_ps7_0_axi_periph_imp_auto_pc_0' [C:/Users/kccistc/Documents/final_project/hls/arty_96_classifier/system/s1/s1.runs/synth_1/.Xil/Vivado-1204-DESKTOP-7CFQ9ND/realtime/cls_ps7_0_axi_periph_imp_auto_pc_0_stub.v:6]
INFO: [Synth 8-6155] done synthesizing module 'cls_ps7_0_axi_periph_imp_auto_pc_0' (0#1) [C:/Users/kccistc/Documents/final_project/hls/arty_96_classifier/system/s1/s1.runs/synth_1/.Xil/Vivado-1204-DESKTOP-7CFQ9ND/realtime/cls_ps7_0_axi_periph_imp_auto_pc_0_stub.v:6]
INFO: [Synth 8-6155] done synthesizing module 's00_couplers_imp_1RHTJVW' (0#1) [c:/Users/kccistc/Documents/final_project/hls/arty_96_classifier/system/s1/s1.gen/sources_1/bd/cls/synth/cls.v:1862]
INFO: [Synth 8-6157] synthesizing module 'cls_ps7_0_axi_periph_imp_xbar_0' [C:/Users/kccistc/Documents/final_project/hls/arty_96_classifier/system/s1/s1.runs/synth_1/.Xil/Vivado-1204-DESKTOP-7CFQ9ND/realtime/cls_ps7_0_axi_periph_imp_xbar_0_stub.v:6]
INFO: [Synth 8-6155] done synthesizing module 'cls_ps7_0_axi_periph_imp_xbar_0' (0#1) [C:/Users/kccistc/Documents/final_project/hls/arty_96_classifier/system/s1/s1.runs/synth_1/.Xil/Vivado-1204-DESKTOP-7CFQ9ND/realtime/cls_ps7_0_axi_periph_imp_xbar_0_stub.v:6]
WARNING: [Synth 8-7023] instance 'xbar' of module 'cls_ps7_0_axi_periph_imp_xbar_0' has 40 connections declared, but only 38 given [c:/Users/kccistc/Documents/final_project/hls/arty_96_classifier/system/s1/s1.gen/sources_1/bd/cls/synth/cls.v:1476]
INFO: [Synth 8-6155] done synthesizing module 'cls_ps7_0_axi_periph_0' (0#1) [c:/Users/kccistc/Documents/final_project/hls/arty_96_classifier/system/s1/s1.gen/sources_1/bd/cls/synth/cls.v:935]
INFO: [Synth 8-6157] synthesizing module 'cls_rst_ps7_0_100M_0' [C:/Users/kccistc/Documents/final_project/hls/arty_96_classifier/system/s1/s1.runs/synth_1/.Xil/Vivado-1204-DESKTOP-7CFQ9ND/realtime/cls_rst_ps7_0_100M_0_stub.v:6]
INFO: [Synth 8-6155] done synthesizing module 'cls_rst_ps7_0_100M_0' (0#1) [C:/Users/kccistc/Documents/final_project/hls/arty_96_classifier/system/s1/s1.runs/synth_1/.Xil/Vivado-1204-DESKTOP-7CFQ9ND/realtime/cls_rst_ps7_0_100M_0_stub.v:6]
WARNING: [Synth 8-7023] instance 'rst_ps7_0_100M' of module 'cls_rst_ps7_0_100M_0' has 10 connections declared, but only 6 given [c:/Users/kccistc/Documents/final_project/hls/arty_96_classifier/system/s1/s1.gen/sources_1/bd/cls/synth/cls.v:762]
INFO: [Synth 8-6157] synthesizing module 'cls_smartconnect_hp0_0' [C:/Users/kccistc/Documents/final_project/hls/arty_96_classifier/system/s1/s1.runs/synth_1/.Xil/Vivado-1204-DESKTOP-7CFQ9ND/realtime/cls_smartconnect_hp0_0_stub.v:6]
INFO: [Synth 8-6155] done synthesizing module 'cls_smartconnect_hp0_0' (0#1) [C:/Users/kccistc/Documents/final_project/hls/arty_96_classifier/system/s1/s1.runs/synth_1/.Xil/Vivado-1204-DESKTOP-7CFQ9ND/realtime/cls_smartconnect_hp0_0_stub.v:6]
INFO: [Synth 8-6155] done synthesizing module 'cls' (0#1) [c:/Users/kccistc/Documents/final_project/hls/arty_96_classifier/system/s1/s1.gen/sources_1/bd/cls/synth/cls.v:13]
INFO: [Synth 8-6155] done synthesizing module 'cls_wrapper' (0#1) [C:/Users/kccistc/Documents/final_project/hls/arty_96_classifier/system/s1/s1.srcs/sources_1/imports/hdl/cls_wrapper.v:13]
WARNING: [Synth 8-7129] Port M_ACLK in module s00_couplers_imp_1RHTJVW is either unconnected or has no load
WARNING: [Synth 8-7129] Port M_ARESETN in module s00_couplers_imp_1RHTJVW is either unconnected or has no load
WARNING: [Synth 8-7129] Port M_ACLK in module m02_couplers_imp_CNI8WT is either unconnected or has no load
WARNING: [Synth 8-7129] Port M_ARESETN in module m02_couplers_imp_CNI8WT is either unconnected or has no load
WARNING: [Synth 8-7129] Port S_ACLK in module m02_couplers_imp_CNI8WT is either unconnected or has no load
WARNING: [Synth 8-7129] Port S_ARESETN in module m02_couplers_imp_CNI8WT is either unconnected or has no load
WARNING: [Synth 8-7129] Port M_ACLK in module m01_couplers_imp_141IATV is either unconnected or has no load
WARNING: [Synth 8-7129] Port M_ARESETN in module m01_couplers_imp_141IATV is either unconnected or has no load
WARNING: [Synth 8-7129] Port S_ACLK in module m01_couplers_imp_141IATV is either unconnected or has no load
WARNING: [Synth 8-7129] Port S_ARESETN in module m01_couplers_imp_141IATV is either unconnected or has no load
WARNING: [Synth 8-7129] Port M_ACLK in module m00_couplers_imp_LKVNPY is either unconnected or has no load
WARNING: [Synth 8-7129] Port M_ARESETN in module m00_couplers_imp_LKVNPY is either unconnected or has no load
WARNING: [Synth 8-7129] Port S_ACLK in module m00_couplers_imp_LKVNPY is either unconnected or has no load
WARNING: [Synth 8-7129] Port S_ARESETN in module m00_couplers_imp_LKVNPY is either unconnected or has no load
WARNING: [Synth 8-7129] Port M00_ACLK in module cls_ps7_0_axi_periph_0 is either unconnected or has no load
WARNING: [Synth 8-7129] Port M00_ARESETN in module cls_ps7_0_axi_periph_0 is either unconnected or has no load
WARNING: [Synth 8-7129] Port M01_ACLK in module cls_ps7_0_axi_periph_0 is either unconnected or has no load
WARNING: [Synth 8-7129] Port M01_ARESETN in module cls_ps7_0_axi_periph_0 is either unconnected or has no load
WARNING: [Synth 8-7129] Port M02_ACLK in module cls_ps7_0_axi_periph_0 is either unconnected or has no load
WARNING: [Synth 8-7129] Port M02_ARESETN in module cls_ps7_0_axi_periph_0 is either unconnected or has no load
WARNING: [Synth 8-7129] Port S00_ACLK in module cls_ps7_0_axi_periph_0 is either unconnected or has no load
WARNING: [Synth 8-7129] Port S00_ARESETN in module cls_ps7_0_axi_periph_0 is either unconnected or has no load
---------------------------------------------------------------------------------
Finished RTL Elaboration : Time (s): cpu = 00:00:06 ; elapsed = 00:00:06 . Memory (MB): peak = 1519.379 ; gain = 586.844
---------------------------------------------------------------------------------
---------------------------------------------------------------------------------
Start Handling Custom Attributes
---------------------------------------------------------------------------------
---------------------------------------------------------------------------------
Finished Handling Custom Attributes : Time (s): cpu = 00:00:06 ; elapsed = 00:00:06 . Memory (MB): peak = 1519.379 ; gain = 586.844
---------------------------------------------------------------------------------
---------------------------------------------------------------------------------
Finished RTL Optimization Phase 1 : Time (s): cpu = 00:00:06 ; elapsed = 00:00:06 . Memory (MB): peak = 1519.379 ; gain = 586.844
---------------------------------------------------------------------------------
Netlist sorting complete. Time (s): cpu = 00:00:00 ; elapsed = 00:00:00.025 . Memory (MB): peak = 1519.379 ; gain = 0.000
INFO: [Project 1-570] Preparing netlist for logic optimization

Processing XDC Constraints
Initializing timing engine
Parsing XDC File [c:/Users/kccistc/Documents/final_project/hls/arty_96_classifier/system/s1/s1.gen/sources_1/bd/cls/ip/cls_ps7_0_0/cls_ps7_0_0/cls_ps7_0_0_in_context.xdc] for cell 'cls_i/ps7_0'
Finished Parsing XDC File [c:/Users/kccistc/Documents/final_project/hls/arty_96_classifier/system/s1/s1.gen/sources_1/bd/cls/ip/cls_ps7_0_0/cls_ps7_0_0/cls_ps7_0_0_in_context.xdc] for cell 'cls_i/ps7_0'
Parsing XDC File [c:/Users/kccistc/Documents/final_project/hls/arty_96_classifier/system/s1/s1.gen/sources_1/bd/cls/ip/cls_conv_engine_0_0/cls_conv_engine_0_0/cls_conv_engine_0_0_in_context.xdc] for cell 'cls_i/conv_engine_0'
Finished Parsing XDC File [c:/Users/kccistc/Documents/final_project/hls/arty_96_classifier/system/s1/s1.gen/sources_1/bd/cls/ip/cls_conv_engine_0_0/cls_conv_engine_0_0/cls_conv_engine_0_0_in_context.xdc] for cell 'cls_i/conv_engine_0'
Parsing XDC File [c:/Users/kccistc/Documents/final_project/hls/arty_96_classifier/system/s1/s1.gen/sources_1/bd/cls/ip/cls_conv0_engine_0_0/cls_conv0_engine_0_0/cls_conv0_engine_0_0_in_context.xdc] for cell 'cls_i/conv0_engine_0'
Finished Parsing XDC File [c:/Users/kccistc/Documents/final_project/hls/arty_96_classifier/system/s1/s1.gen/sources_1/bd/cls/ip/cls_conv0_engine_0_0/cls_conv0_engine_0_0/cls_conv0_engine_0_0_in_context.xdc] for cell 'cls_i/conv0_engine_0'
Parsing XDC File [c:/Users/kccistc/Documents/final_project/hls/arty_96_classifier/system/s1/s1.gen/sources_1/bd/cls/ip/cls_maxpool_engine_0_0/cls_maxpool_engine_0_0/cls_maxpool_engine_0_0_in_context.xdc] for cell 'cls_i/maxpool_engine_0'
Finished Parsing XDC File [c:/Users/kccistc/Documents/final_project/hls/arty_96_classifier/system/s1/s1.gen/sources_1/bd/cls/ip/cls_maxpool_engine_0_0/cls_maxpool_engine_0_0/cls_maxpool_engine_0_0_in_context.xdc] for cell 'cls_i/maxpool_engine_0'
Parsing XDC File [c:/Users/kccistc/Documents/final_project/hls/arty_96_classifier/system/s1/s1.gen/sources_1/bd/cls/ip/cls_smartconnect_hp0_0/cls_smartconnect_hp0_0/cls_smartconnect_hp0_0_in_context.xdc] for cell 'cls_i/smartconnect_hp0'
Finished Parsing XDC File [c:/Users/kccistc/Documents/final_project/hls/arty_96_classifier/system/s1/s1.gen/sources_1/bd/cls/ip/cls_smartconnect_hp0_0/cls_smartconnect_hp0_0/cls_smartconnect_hp0_0_in_context.xdc] for cell 'cls_i/smartconnect_hp0'
Parsing XDC File [c:/Users/kccistc/Documents/final_project/hls/arty_96_classifier/system/s1/s1.gen/sources_1/bd/cls/ip/cls_ps7_0_axi_periph_imp_xbar_0/cls_ps7_0_axi_periph_imp_xbar_0/cls_ps7_0_axi_periph_imp_xbar_0_in_context.xdc] for cell 'cls_i/ps7_0_axi_periph/xbar'
Finished Parsing XDC File [c:/Users/kccistc/Documents/final_project/hls/arty_96_classifier/system/s1/s1.gen/sources_1/bd/cls/ip/cls_ps7_0_axi_periph_imp_xbar_0/cls_ps7_0_axi_periph_imp_xbar_0/cls_ps7_0_axi_periph_imp_xbar_0_in_context.xdc] for cell 'cls_i/ps7_0_axi_periph/xbar'
Parsing XDC File [c:/Users/kccistc/Documents/final_project/hls/arty_96_classifier/system/s1/s1.gen/sources_1/bd/cls/ip/cls_ps7_0_axi_periph_imp_auto_pc_0/cls_ps7_0_axi_periph_imp_auto_pc_0/cls_ps7_0_axi_periph_imp_auto_pc_0_in_context.xdc] for cell 'cls_i/ps7_0_axi_periph/s00_couplers/auto_pc'
Finished Parsing XDC File [c:/Users/kccistc/Documents/final_project/hls/arty_96_classifier/system/s1/s1.gen/sources_1/bd/cls/ip/cls_ps7_0_axi_periph_imp_auto_pc_0/cls_ps7_0_axi_periph_imp_auto_pc_0/cls_ps7_0_axi_periph_imp_auto_pc_0_in_context.xdc] for cell 'cls_i/ps7_0_axi_periph/s00_couplers/auto_pc'
Parsing XDC File [c:/Users/kccistc/Documents/final_project/hls/arty_96_classifier/system/s1/s1.gen/sources_1/bd/cls/ip/cls_rst_ps7_0_100M_0/cls_rst_ps7_0_100M_0/cls_rst_ps7_0_100M_0_in_context.xdc] for cell 'cls_i/rst_ps7_0_100M'
Finished Parsing XDC File [c:/Users/kccistc/Documents/final_project/hls/arty_96_classifier/system/s1/s1.gen/sources_1/bd/cls/ip/cls_rst_ps7_0_100M_0/cls_rst_ps7_0_100M_0/cls_rst_ps7_0_100M_0_in_context.xdc] for cell 'cls_i/rst_ps7_0_100M'
Parsing XDC File [C:/Users/kccistc/Documents/final_project/hls/arty_96_classifier/system/s1/s1.runs/synth_1/dont_touch.xdc]
Finished Parsing XDC File [C:/Users/kccistc/Documents/final_project/hls/arty_96_classifier/system/s1/s1.runs/synth_1/dont_touch.xdc]
Completed Processing XDC Constraints

Netlist sorting complete. Time (s): cpu = 00:00:00 ; elapsed = 00:00:00 . Memory (MB): peak = 1528.074 ; gain = 0.000
INFO: [Project 1-111] Unisim Transformation Summary:
No Unisim elements were transformed.

Constraint Validation Runtime : Time (s): cpu = 00:00:00 ; elapsed = 00:00:00.009 . Memory (MB): peak = 1528.074 ; gain = 0.000
---------------------------------------------------------------------------------
Finished Constraint Validation : Time (s): cpu = 00:00:12 ; elapsed = 00:00:14 . Memory (MB): peak = 1528.074 ; gain = 595.539
---------------------------------------------------------------------------------
---------------------------------------------------------------------------------
Start Loading Part and Timing Information
---------------------------------------------------------------------------------
Loading part: xc7z020clg400-1
---------------------------------------------------------------------------------
Finished Loading Part and Timing Information : Time (s): cpu = 00:00:12 ; elapsed = 00:00:14 . Memory (MB): peak = 1528.074 ; gain = 595.539
---------------------------------------------------------------------------------
---------------------------------------------------------------------------------
Start Applying 'set_property' XDC Constraints
---------------------------------------------------------------------------------
Applied set_property IO_BUFFER_TYPE = NONE for DDR_addr[0]. (constraint file  c:/Users/kccistc/Documents/final_project/hls/arty_96_classifier/system/s1/s1.gen/sources_1/bd/cls/ip/cls_ps7_0_0/cls_ps7_0_0/cls_ps7_0_0_in_context.xdc, line 2).
Applied set_property CLOCK_BUFFER_TYPE = NONE for DDR_addr[0]. (constraint file  c:/Users/kccistc/Documents/final_project/hls/arty_96_classifier/system/s1/s1.gen/sources_1/bd/cls/ip/cls_ps7_0_0/cls_ps7_0_0/cls_ps7_0_0_in_context.xdc, line 3).
Applied set_property IO_BUFFER_TYPE = NONE for DDR_addr[10]. (constraint file  c:/Users/kccistc/Documents/final_project/hls/arty_96_classifier/system/s1/s1.gen/sources_1/bd/cls/ip/cls_ps7_0_0/cls_ps7_0_0/cls_ps7_0_0_in_context.xdc, line 4).
Applied set_property CLOCK_BUFFER_TYPE = NONE for DDR_addr[10]. (constraint file  c:/Users/kccistc/Documents/final_project/hls/arty_96_classifier/system/s1/s1.gen/sources_1/bd/cls/ip/cls_ps7_0_0/cls_ps7_0_0/cls_ps7_0_0_in_context.xdc, line 5).
Applied set_property IO_BUFFER_TYPE = NONE for DDR_addr[11]. (constraint file  c:/Users/kccistc/Documents/final_project/hls/arty_96_classifier/system/s1/s1.gen/sources_1/bd/cls/ip/cls_ps7_0_0/cls_ps7_0_0/cls_ps7_0_0_in_context.xdc, line 6).
Applied set_property CLOCK_BUFFER_TYPE = NONE for DDR_addr[11]. (constraint file  c:/Users/kccistc/Documents/final_project/hls/arty_96_classifier/system/s1/s1.gen/sources_1/bd/cls/ip/cls_ps7_0_0/cls_ps7_0_0/cls_ps7_0_0_in_context.xdc, line 7).
Applied set_property IO_BUFFER_TYPE = NONE for DDR_addr[12]. (constraint file  c:/Users/kccistc/Documents/final_project/hls/arty_96_classifier/system/s1/s1.gen/sources_1/bd/cls/ip/cls_ps7_0_0/cls_ps7_0_0/cls_ps7_0_0_in_context.xdc, line 8).
Applied set_property CLOCK_BUFFER_TYPE = NONE for DDR_addr[12]. (constraint file  c:/Users/kccistc/Documents/final_project/hls/arty_96_classifier/system/s1/s1.gen/sources_1/bd/cls/ip/cls_ps7_0_0/cls_ps7_0_0/cls_ps7_0_0_in_context.xdc, line 9).
Applied set_property IO_BUFFER_TYPE = NONE for DDR_addr[13]. (constraint file  c:/Users/kccistc/Documents/final_project/hls/arty_96_classifier/system/s1/s1.gen/sources_1/bd/cls/ip/cls_ps7_0_0/cls_ps7_0_0/cls_ps7_0_0_in_context.xdc, line 10).
Applied set_property CLOCK_BUFFER_TYPE = NONE for DDR_addr[13]. (constraint file  c:/Users/kccistc/Documents/final_project/hls/arty_96_classifier/system/s1/s1.gen/sources_1/bd/cls/ip/cls_ps7_0_0/cls_ps7_0_0/cls_ps7_0_0_in_context.xdc, line 11).
Applied set_property IO_BUFFER_TYPE = NONE for DDR_addr[14]. (constraint file  c:/Users/kccistc/Documents/final_project/hls/arty_96_classifier/system/s1/s1.gen/sources_1/bd/cls/ip/cls_ps7_0_0/cls_ps7_0_0/cls_ps7_0_0_in_context.xdc, line 12).
Applied set_property CLOCK_BUFFER_TYPE = NONE for DDR_addr[14]. (constraint file  c:/Users/kccistc/Documents/final_project/hls/arty_96_classifier/system/s1/s1.gen/sources_1/bd/cls/ip/cls_ps7_0_0/cls_ps7_0_0/cls_ps7_0_0_in_context.xdc, line 13).
Applied set_property IO_BUFFER_TYPE = NONE for DDR_addr[1]. (constraint file  c:/Users/kccistc/Documents/final_project/hls/arty_96_classifier/system/s1/s1.gen/sources_1/bd/cls/ip/cls_ps7_0_0/cls_ps7_0_0/cls_ps7_0_0_in_context.xdc, line 14).
Applied set_property CLOCK_BUFFER_TYPE = NONE for DDR_addr[1]. (constraint file  c:/Users/kccistc/Documents/final_project/hls/arty_96_classifier/system/s1/s1.gen/sources_1/bd/cls/ip/cls_ps7_0_0/cls_ps7_0_0/cls_ps7_0_0_in_context.xdc, line 15).
Applied set_property IO_BUFFER_TYPE = NONE for DDR_addr[2]. (constraint file  c:/Users/kccistc/Documents/final_project/hls/arty_96_classifier/system/s1/s1.gen/sources_1/bd/cls/ip/cls_ps7_0_0/cls_ps7_0_0/cls_ps7_0_0_in_context.xdc, line 16).
Applied set_property CLOCK_BUFFER_TYPE = NONE for DDR_addr[2]. (constraint file  c:/Users/kccistc/Documents/final_project/hls/arty_96_classifier/system/s1/s1.gen/sources_1/bd/cls/ip/cls_ps7_0_0/cls_ps7_0_0/cls_ps7_0_0_in_context.xdc, line 17).
Applied set_property IO_BUFFER_TYPE = NONE for DDR_addr[3]. (constraint file  c:/Users/kccistc/Documents/final_project/hls/arty_96_classifier/system/s1/s1.gen/sources_1/bd/cls/ip/cls_ps7_0_0/cls_ps7_0_0/cls_ps7_0_0_in_context.xdc, line 18).
Applied set_property CLOCK_BUFFER_TYPE = NONE for DDR_addr[3]. (constraint file  c:/Users/kccistc/Documents/final_project/hls/arty_96_classifier/system/s1/s1.gen/sources_1/bd/cls/ip/cls_ps7_0_0/cls_ps7_0_0/cls_ps7_0_0_in_context.xdc, line 19).
Applied set_property IO_BUFFER_TYPE = NONE for DDR_addr[4]. (constraint file  c:/Users/kccistc/Documents/final_project/hls/arty_96_classifier/system/s1/s1.gen/sources_1/bd/cls/ip/cls_ps7_0_0/cls_ps7_0_0/cls_ps7_0_0_in_context.xdc, line 20).
Applied set_property CLOCK_BUFFER_TYPE = NONE for DDR_addr[4]. (constraint file  c:/Users/kccistc/Documents/final_project/hls/arty_96_classifier/system/s1/s1.gen/sources_1/bd/cls/ip/cls_ps7_0_0/cls_ps7_0_0/cls_ps7_0_0_in_context.xdc, line 21).
Applied set_property IO_BUFFER_TYPE = NONE for DDR_addr[5]. (constraint file  c:/Users/kccistc/Documents/final_project/hls/arty_96_classifier/system/s1/s1.gen/sources_1/bd/cls/ip/cls_ps7_0_0/cls_ps7_0_0/cls_ps7_0_0_in_context.xdc, line 22).
Applied set_property CLOCK_BUFFER_TYPE = NONE for DDR_addr[5]. (constraint file  c:/Users/kccistc/Documents/final_project/hls/arty_96_classifier/system/s1/s1.gen/sources_1/bd/cls/ip/cls_ps7_0_0/cls_ps7_0_0/cls_ps7_0_0_in_context.xdc, line 23).
Applied set_property IO_BUFFER_TYPE = NONE for DDR_addr[6]. (constraint file  c:/Users/kccistc/Documents/final_project/hls/arty_96_classifier/system/s1/s1.gen/sources_1/bd/cls/ip/cls_ps7_0_0/cls_ps7_0_0/cls_ps7_0_0_in_context.xdc, line 24).
Applied set_property CLOCK_BUFFER_TYPE = NONE for DDR_addr[6]. (constraint file  c:/Users/kccistc/Documents/final_project/hls/arty_96_classifier/system/s1/s1.gen/sources_1/bd/cls/ip/cls_ps7_0_0/cls_ps7_0_0/cls_ps7_0_0_in_context.xdc, line 25).
Applied set_property IO_BUFFER_TYPE = NONE for DDR_addr[7]. (constraint file  c:/Users/kccistc/Documents/final_project/hls/arty_96_classifier/system/s1/s1.gen/sources_1/bd/cls/ip/cls_ps7_0_0/cls_ps7_0_0/cls_ps7_0_0_in_context.xdc, line 26).
Applied set_property CLOCK_BUFFER_TYPE = NONE for DDR_addr[7]. (constraint file  c:/Users/kccistc/Documents/final_project/hls/arty_96_classifier/system/s1/s1.gen/sources_1/bd/cls/ip/cls_ps7_0_0/cls_ps7_0_0/cls_ps7_0_0_in_context.xdc, line 27).
Applied set_property IO_BUFFER_TYPE = NONE for DDR_addr[8]. (constraint file  c:/Users/kccistc/Documents/final_project/hls/arty_96_classifier/system/s1/s1.gen/sources_1/bd/cls/ip/cls_ps7_0_0/cls_ps7_0_0/cls_ps7_0_0_in_context.xdc, line 28).
Applied set_property CLOCK_BUFFER_TYPE = NONE for DDR_addr[8]. (constraint file  c:/Users/kccistc/Documents/final_project/hls/arty_96_classifier/system/s1/s1.gen/sources_1/bd/cls/ip/cls_ps7_0_0/cls_ps7_0_0/cls_ps7_0_0_in_context.xdc, line 29).
Applied set_property IO_BUFFER_TYPE = NONE for DDR_addr[9]. (constraint file  c:/Users/kccistc/Documents/final_project/hls/arty_96_classifier/system/s1/s1.gen/sources_1/bd/cls/ip/cls_ps7_0_0/cls_ps7_0_0/cls_ps7_0_0_in_context.xdc, line 30).
Applied set_property CLOCK_BUFFER_TYPE = NONE for DDR_addr[9]. (constraint file  c:/Users/kccistc/Documents/final_project/hls/arty_96_classifier/system/s1/s1.gen/sources_1/bd/cls/ip/cls_ps7_0_0/cls_ps7_0_0/cls_ps7_0_0_in_context.xdc, line 31).
Applied set_property IO_BUFFER_TYPE = NONE for DDR_ba[0]. (constraint file  c:/Users/kccistc/Documents/final_project/hls/arty_96_classifier/system/s1/s1.gen/sources_1/bd/cls/ip/cls_ps7_0_0/cls_ps7_0_0/cls_ps7_0_0_in_context.xdc, line 32).
Applied set_property CLOCK_BUFFER_TYPE = NONE for DDR_ba[0]. (constraint file  c:/Users/kccistc/Documents/final_project/hls/arty_96_classifier/system/s1/s1.gen/sources_1/bd/cls/ip/cls_ps7_0_0/cls_ps7_0_0/cls_ps7_0_0_in_context.xdc, line 33).
Applied set_property IO_BUFFER_TYPE = NONE for DDR_ba[1]. (constraint file  c:/Users/kccistc/Documents/final_project/hls/arty_96_classifier/system/s1/s1.gen/sources_1/bd/cls/ip/cls_ps7_0_0/cls_ps7_0_0/cls_ps7_0_0_in_context.xdc, line 34).
Applied set_property CLOCK_BUFFER_TYPE = NONE for DDR_ba[1]. (constraint file  c:/Users/kccistc/Documents/final_project/hls/arty_96_classifier/system/s1/s1.gen/sources_1/bd/cls/ip/cls_ps7_0_0/cls_ps7_0_0/cls_ps7_0_0_in_context.xdc, line 35).
Applied set_property IO_BUFFER_TYPE = NONE for DDR_ba[2]. (constraint file  c:/Users/kccistc/Documents/final_project/hls/arty_96_classifier/system/s1/s1.gen/sources_1/bd/cls/ip/cls_ps7_0_0/cls_ps7_0_0/cls_ps7_0_0_in_context.xdc, line 36).
Applied set_property CLOCK_BUFFER_TYPE = NONE for DDR_ba[2]. (constraint file  c:/Users/kccistc/Documents/final_project/hls/arty_96_classifier/system/s1/s1.gen/sources_1/bd/cls/ip/cls_ps7_0_0/cls_ps7_0_0/cls_ps7_0_0_in_context.xdc, line 37).
Applied set_property IO_BUFFER_TYPE = NONE for DDR_cas_n. (constraint file  c:/Users/kccistc/Documents/final_project/hls/arty_96_classifier/system/s1/s1.gen/sources_1/bd/cls/ip/cls_ps7_0_0/cls_ps7_0_0/cls_ps7_0_0_in_context.xdc, line 38).
Applied set_property CLOCK_BUFFER_TYPE = NONE for DDR_cas_n. (constraint file  c:/Users/kccistc/Documents/final_project/hls/arty_96_classifier/system/s1/s1.gen/sources_1/bd/cls/ip/cls_ps7_0_0/cls_ps7_0_0/cls_ps7_0_0_in_context.xdc, line 39).
Applied set_property IO_BUFFER_TYPE = NONE for DDR_cke. (constraint file  c:/Users/kccistc/Documents/final_project/hls/arty_96_classifier/system/s1/s1.gen/sources_1/bd/cls/ip/cls_ps7_0_0/cls_ps7_0_0/cls_ps7_0_0_in_context.xdc, line 40).
Applied set_property CLOCK_BUFFER_TYPE = NONE for DDR_cke. (constraint file  c:/Users/kccistc/Documents/final_project/hls/arty_96_classifier/system/s1/s1.gen/sources_1/bd/cls/ip/cls_ps7_0_0/cls_ps7_0_0/cls_ps7_0_0_in_context.xdc, line 41).
Applied set_property IO_BUFFER_TYPE = NONE for DDR_cs_n. (constraint file  c:/Users/kccistc/Documents/final_project/hls/arty_96_classifier/system/s1/s1.gen/sources_1/bd/cls/ip/cls_ps7_0_0/cls_ps7_0_0/cls_ps7_0_0_in_context.xdc, line 42).
Applied set_property CLOCK_BUFFER_TYPE = NONE for DDR_cs_n. (constraint file  c:/Users/kccistc/Documents/final_project/hls/arty_96_classifier/system/s1/s1.gen/sources_1/bd/cls/ip/cls_ps7_0_0/cls_ps7_0_0/cls_ps7_0_0_in_context.xdc, line 43).
Applied set_property IO_BUFFER_TYPE = NONE for DDR_ck_p. (constraint file  c:/Users/kccistc/Documents/final_project/hls/arty_96_classifier/system/s1/s1.gen/sources_1/bd/cls/ip/cls_ps7_0_0/cls_ps7_0_0/cls_ps7_0_0_in_context.xdc, line 44).
Applied set_property CLOCK_BUFFER_TYPE = NONE for DDR_ck_p. (constraint file  c:/Users/kccistc/Documents/final_project/hls/arty_96_classifier/system/s1/s1.gen/sources_1/bd/cls/ip/cls_ps7_0_0/cls_ps7_0_0/cls_ps7_0_0_in_context.xdc, line 45).
Applied set_property IO_BUFFER_TYPE = NONE for DDR_ck_n. (constraint file  c:/Users/kccistc/Documents/final_project/hls/arty_96_classifier/system/s1/s1.gen/sources_1/bd/cls/ip/cls_ps7_0_0/cls_ps7_0_0/cls_ps7_0_0_in_context.xdc, line 46).
Applied set_property CLOCK_BUFFER_TYPE = NONE for DDR_ck_n. (constraint file  c:/Users/kccistc/Documents/final_project/hls/arty_96_classifier/system/s1/s1.gen/sources_1/bd/cls/ip/cls_ps7_0_0/cls_ps7_0_0/cls_ps7_0_0_in_context.xdc, line 47).
Applied set_property IO_BUFFER_TYPE = NONE for DDR_dm[0]. (constraint file  c:/Users/kccistc/Documents/final_project/hls/arty_96_classifier/system/s1/s1.gen/sources_1/bd/cls/ip/cls_ps7_0_0/cls_ps7_0_0/cls_ps7_0_0_in_context.xdc, line 48).
Applied set_property CLOCK_BUFFER_TYPE = NONE for DDR_dm[0]. (constraint file  c:/Users/kccistc/Documents/final_project/hls/arty_96_classifier/system/s1/s1.gen/sources_1/bd/cls/ip/cls_ps7_0_0/cls_ps7_0_0/cls_ps7_0_0_in_context.xdc, line 49).
Applied set_property IO_BUFFER_TYPE = NONE for DDR_dm[1]. (constraint file  c:/Users/kccistc/Documents/final_project/hls/arty_96_classifier/system/s1/s1.gen/sources_1/bd/cls/ip/cls_ps7_0_0/cls_ps7_0_0/cls_ps7_0_0_in_context.xdc, line 50).
Applied set_property CLOCK_BUFFER_TYPE = NONE for DDR_dm[1]. (constraint file  c:/Users/kccistc/Documents/final_project/hls/arty_96_classifier/system/s1/s1.gen/sources_1/bd/cls/ip/cls_ps7_0_0/cls_ps7_0_0/cls_ps7_0_0_in_context.xdc, line 51).
Applied set_property IO_BUFFER_TYPE = NONE for DDR_dm[2]. (constraint file  c:/Users/kccistc/Documents/final_project/hls/arty_96_classifier/system/s1/s1.gen/sources_1/bd/cls/ip/cls_ps7_0_0/cls_ps7_0_0/cls_ps7_0_0_in_context.xdc, line 52).
Applied set_property CLOCK_BUFFER_TYPE = NONE for DDR_dm[2]. (constraint file  c:/Users/kccistc/Documents/final_project/hls/arty_96_classifier/system/s1/s1.gen/sources_1/bd/cls/ip/cls_ps7_0_0/cls_ps7_0_0/cls_ps7_0_0_in_context.xdc, line 53).
Applied set_property IO_BUFFER_TYPE = NONE for DDR_dm[3]. (constraint file  c:/Users/kccistc/Documents/final_project/hls/arty_96_classifier/system/s1/s1.gen/sources_1/bd/cls/ip/cls_ps7_0_0/cls_ps7_0_0/cls_ps7_0_0_in_context.xdc, line 54).
Applied set_property CLOCK_BUFFER_TYPE = NONE for DDR_dm[3]. (constraint file  c:/Users/kccistc/Documents/final_project/hls/arty_96_classifier/system/s1/s1.gen/sources_1/bd/cls/ip/cls_ps7_0_0/cls_ps7_0_0/cls_ps7_0_0_in_context.xdc, line 55).
Applied set_property IO_BUFFER_TYPE = NONE for DDR_dqs_p[0]. (constraint file  c:/Users/kccistc/Documents/final_project/hls/arty_96_classifier/system/s1/s1.gen/sources_1/bd/cls/ip/cls_ps7_0_0/cls_ps7_0_0/cls_ps7_0_0_in_context.xdc, line 56).
Applied set_property CLOCK_BUFFER_TYPE = NONE for DDR_dqs_p[0]. (constraint file  c:/Users/kccistc/Documents/final_project/hls/arty_96_classifier/system/s1/s1.gen/sources_1/bd/cls/ip/cls_ps7_0_0/cls_ps7_0_0/cls_ps7_0_0_in_context.xdc, line 57).
Applied set_property IO_BUFFER_TYPE = NONE for DDR_dqs_p[1]. (constraint file  c:/Users/kccistc/Documents/final_project/hls/arty_96_classifier/system/s1/s1.gen/sources_1/bd/cls/ip/cls_ps7_0_0/cls_ps7_0_0/cls_ps7_0_0_in_context.xdc, line 58).
Applied set_property CLOCK_BUFFER_TYPE = NONE for DDR_dqs_p[1]. (constraint file  c:/Users/kccistc/Documents/final_project/hls/arty_96_classifier/system/s1/s1.gen/sources_1/bd/cls/ip/cls_ps7_0_0/cls_ps7_0_0/cls_ps7_0_0_in_context.xdc, line 59).
Applied set_property IO_BUFFER_TYPE = NONE for DDR_dqs_p[2]. (constraint file  c:/Users/kccistc/Documents/final_project/hls/arty_96_classifier/system/s1/s1.gen/sources_1/bd/cls/ip/cls_ps7_0_0/cls_ps7_0_0/cls_ps7_0_0_in_context.xdc, line 60).
Applied set_property CLOCK_BUFFER_TYPE = NONE for DDR_dqs_p[2]. (constraint file  c:/Users/kccistc/Documents/final_project/hls/arty_96_classifier/system/s1/s1.gen/sources_1/bd/cls/ip/cls_ps7_0_0/cls_ps7_0_0/cls_ps7_0_0_in_context.xdc, line 61).
Applied set_property IO_BUFFER_TYPE = NONE for DDR_dqs_p[3]. (constraint file  c:/Users/kccistc/Documents/final_project/hls/arty_96_classifier/system/s1/s1.gen/sources_1/bd/cls/ip/cls_ps7_0_0/cls_ps7_0_0/cls_ps7_0_0_in_context.xdc, line 62).
Applied set_property CLOCK_BUFFER_TYPE = NONE for DDR_dqs_p[3]. (constraint file  c:/Users/kccistc/Documents/final_project/hls/arty_96_classifier/system/s1/s1.gen/sources_1/bd/cls/ip/cls_ps7_0_0/cls_ps7_0_0/cls_ps7_0_0_in_context.xdc, line 63).
Applied set_property IO_BUFFER_TYPE = NONE for DDR_dqs_n[0]. (constraint file  c:/Users/kccistc/Documents/final_project/hls/arty_96_classifier/system/s1/s1.gen/sources_1/bd/cls/ip/cls_ps7_0_0/cls_ps7_0_0/cls_ps7_0_0_in_context.xdc, line 64).
Applied set_property CLOCK_BUFFER_TYPE = NONE for DDR_dqs_n[0]. (constraint file  c:/Users/kccistc/Documents/final_project/hls/arty_96_classifier/system/s1/s1.gen/sources_1/bd/cls/ip/cls_ps7_0_0/cls_ps7_0_0/cls_ps7_0_0_in_context.xdc, line 65).
Applied set_property IO_BUFFER_TYPE = NONE for DDR_dqs_n[1]. (constraint file  c:/Users/kccistc/Documents/final_project/hls/arty_96_classifier/system/s1/s1.gen/sources_1/bd/cls/ip/cls_ps7_0_0/cls_ps7_0_0/cls_ps7_0_0_in_context.xdc, line 66).
Applied set_property CLOCK_BUFFER_TYPE = NONE for DDR_dqs_n[1]. (constraint file  c:/Users/kccistc/Documents/final_project/hls/arty_96_classifier/system/s1/s1.gen/sources_1/bd/cls/ip/cls_ps7_0_0/cls_ps7_0_0/cls_ps7_0_0_in_context.xdc, line 67).
Applied set_property IO_BUFFER_TYPE = NONE for DDR_dqs_n[2]. (constraint file  c:/Users/kccistc/Documents/final_project/hls/arty_96_classifier/system/s1/s1.gen/sources_1/bd/cls/ip/cls_ps7_0_0/cls_ps7_0_0/cls_ps7_0_0_in_context.xdc, line 68).
Applied set_property CLOCK_BUFFER_TYPE = NONE for DDR_dqs_n[2]. (constraint file  c:/Users/kccistc/Documents/final_project/hls/arty_96_classifier/system/s1/s1.gen/sources_1/bd/cls/ip/cls_ps7_0_0/cls_ps7_0_0/cls_ps7_0_0_in_context.xdc, line 69).
Applied set_property IO_BUFFER_TYPE = NONE for DDR_dqs_n[3]. (constraint file  c:/Users/kccistc/Documents/final_project/hls/arty_96_classifier/system/s1/s1.gen/sources_1/bd/cls/ip/cls_ps7_0_0/cls_ps7_0_0/cls_ps7_0_0_in_context.xdc, line 70).
Applied set_property CLOCK_BUFFER_TYPE = NONE for DDR_dqs_n[3]. (constraint file  c:/Users/kccistc/Documents/final_project/hls/arty_96_classifier/system/s1/s1.gen/sources_1/bd/cls/ip/cls_ps7_0_0/cls_ps7_0_0/cls_ps7_0_0_in_context.xdc, line 71).
Applied set_property IO_BUFFER_TYPE = NONE for DDR_dq[0]. (constraint file  c:/Users/kccistc/Documents/final_project/hls/arty_96_classifier/system/s1/s1.gen/sources_1/bd/cls/ip/cls_ps7_0_0/cls_ps7_0_0/cls_ps7_0_0_in_context.xdc, line 72).
Applied set_property CLOCK_BUFFER_TYPE = NONE for DDR_dq[0]. (constraint file  c:/Users/kccistc/Documents/final_project/hls/arty_96_classifier/system/s1/s1.gen/sources_1/bd/cls/ip/cls_ps7_0_0/cls_ps7_0_0/cls_ps7_0_0_in_context.xdc, line 73).
Applied set_property IO_BUFFER_TYPE = NONE for DDR_dq[10]. (constraint file  c:/Users/kccistc/Documents/final_project/hls/arty_96_classifier/system/s1/s1.gen/sources_1/bd/cls/ip/cls_ps7_0_0/cls_ps7_0_0/cls_ps7_0_0_in_context.xdc, line 74).
Applied set_property CLOCK_BUFFER_TYPE = NONE for DDR_dq[10]. (constraint file  c:/Users/kccistc/Documents/final_project/hls/arty_96_classifier/system/s1/s1.gen/sources_1/bd/cls/ip/cls_ps7_0_0/cls_ps7_0_0/cls_ps7_0_0_in_context.xdc, line 75).
Applied set_property IO_BUFFER_TYPE = NONE for DDR_dq[11]. (constraint file  c:/Users/kccistc/Documents/final_project/hls/arty_96_classifier/system/s1/s1.gen/sources_1/bd/cls/ip/cls_ps7_0_0/cls_ps7_0_0/cls_ps7_0_0_in_context.xdc, line 76).
Applied set_property CLOCK_BUFFER_TYPE = NONE for DDR_dq[11]. (constraint file  c:/Users/kccistc/Documents/final_project/hls/arty_96_classifier/system/s1/s1.gen/sources_1/bd/cls/ip/cls_ps7_0_0/cls_ps7_0_0/cls_ps7_0_0_in_context.xdc, line 77).
Applied set_property IO_BUFFER_TYPE = NONE for DDR_dq[12]. (constraint file  c:/Users/kccistc/Documents/final_project/hls/arty_96_classifier/system/s1/s1.gen/sources_1/bd/cls/ip/cls_ps7_0_0/cls_ps7_0_0/cls_ps7_0_0_in_context.xdc, line 78).
Applied set_property CLOCK_BUFFER_TYPE = NONE for DDR_dq[12]. (constraint file  c:/Users/kccistc/Documents/final_project/hls/arty_96_classifier/system/s1/s1.gen/sources_1/bd/cls/ip/cls_ps7_0_0/cls_ps7_0_0/cls_ps7_0_0_in_context.xdc, line 79).
Applied set_property IO_BUFFER_TYPE = NONE for DDR_dq[13]. (constraint file  c:/Users/kccistc/Documents/final_project/hls/arty_96_classifier/system/s1/s1.gen/sources_1/bd/cls/ip/cls_ps7_0_0/cls_ps7_0_0/cls_ps7_0_0_in_context.xdc, line 80).
Applied set_property CLOCK_BUFFER_TYPE = NONE for DDR_dq[13]. (constraint file  c:/Users/kccistc/Documents/final_project/hls/arty_96_classifier/system/s1/s1.gen/sources_1/bd/cls/ip/cls_ps7_0_0/cls_ps7_0_0/cls_ps7_0_0_in_context.xdc, line 81).
Applied set_property IO_BUFFER_TYPE = NONE for DDR_dq[14]. (constraint file  c:/Users/kccistc/Documents/final_project/hls/arty_96_classifier/system/s1/s1.gen/sources_1/bd/cls/ip/cls_ps7_0_0/cls_ps7_0_0/cls_ps7_0_0_in_context.xdc, line 82).
Applied set_property CLOCK_BUFFER_TYPE = NONE for DDR_dq[14]. (constraint file  c:/Users/kccistc/Documents/final_project/hls/arty_96_classifier/system/s1/s1.gen/sources_1/bd/cls/ip/cls_ps7_0_0/cls_ps7_0_0/cls_ps7_0_0_in_context.xdc, line 83).
Applied set_property IO_BUFFER_TYPE = NONE for DDR_dq[15]. (constraint file  c:/Users/kccistc/Documents/final_project/hls/arty_96_classifier/system/s1/s1.gen/sources_1/bd/cls/ip/cls_ps7_0_0/cls_ps7_0_0/cls_ps7_0_0_in_context.xdc, line 84).
Applied set_property CLOCK_BUFFER_TYPE = NONE for DDR_dq[15]. (constraint file  c:/Users/kccistc/Documents/final_project/hls/arty_96_classifier/system/s1/s1.gen/sources_1/bd/cls/ip/cls_ps7_0_0/cls_ps7_0_0/cls_ps7_0_0_in_context.xdc, line 85).
Applied set_property IO_BUFFER_TYPE = NONE for DDR_dq[16]. (constraint file  c:/Users/kccistc/Documents/final_project/hls/arty_96_classifier/system/s1/s1.gen/sources_1/bd/cls/ip/cls_ps7_0_0/cls_ps7_0_0/cls_ps7_0_0_in_context.xdc, line 86).
Applied set_property CLOCK_BUFFER_TYPE = NONE for DDR_dq[16]. (constraint file  c:/Users/kccistc/Documents/final_project/hls/arty_96_classifier/system/s1/s1.gen/sources_1/bd/cls/ip/cls_ps7_0_0/cls_ps7_0_0/cls_ps7_0_0_in_context.xdc, line 87).
Applied set_property IO_BUFFER_TYPE = NONE for DDR_dq[17]. (constraint file  c:/Users/kccistc/Documents/final_project/hls/arty_96_classifier/system/s1/s1.gen/sources_1/bd/cls/ip/cls_ps7_0_0/cls_ps7_0_0/cls_ps7_0_0_in_context.xdc, line 88).
Applied set_property CLOCK_BUFFER_TYPE = NONE for DDR_dq[17]. (constraint file  c:/Users/kccistc/Documents/final_project/hls/arty_96_classifier/system/s1/s1.gen/sources_1/bd/cls/ip/cls_ps7_0_0/cls_ps7_0_0/cls_ps7_0_0_in_context.xdc, line 89).
Applied set_property IO_BUFFER_TYPE = NONE for DDR_dq[18]. (constraint file  c:/Users/kccistc/Documents/final_project/hls/arty_96_classifier/system/s1/s1.gen/sources_1/bd/cls/ip/cls_ps7_0_0/cls_ps7_0_0/cls_ps7_0_0_in_context.xdc, line 90).
Applied set_property CLOCK_BUFFER_TYPE = NONE for DDR_dq[18]. (constraint file  c:/Users/kccistc/Documents/final_project/hls/arty_96_classifier/system/s1/s1.gen/sources_1/bd/cls/ip/cls_ps7_0_0/cls_ps7_0_0/cls_ps7_0_0_in_context.xdc, line 91).
Applied set_property IO_BUFFER_TYPE = NONE for DDR_dq[19]. (constraint file  c:/Users/kccistc/Documents/final_project/hls/arty_96_classifier/system/s1/s1.gen/sources_1/bd/cls/ip/cls_ps7_0_0/cls_ps7_0_0/cls_ps7_0_0_in_context.xdc, line 92).
Applied set_property CLOCK_BUFFER_TYPE = NONE for DDR_dq[19]. (constraint file  c:/Users/kccistc/Documents/final_project/hls/arty_96_classifier/system/s1/s1.gen/sources_1/bd/cls/ip/cls_ps7_0_0/cls_ps7_0_0/cls_ps7_0_0_in_context.xdc, line 93).
Applied set_property IO_BUFFER_TYPE = NONE for DDR_dq[1]. (constraint file  c:/Users/kccistc/Documents/final_project/hls/arty_96_classifier/system/s1/s1.gen/sources_1/bd/cls/ip/cls_ps7_0_0/cls_ps7_0_0/cls_ps7_0_0_in_context.xdc, line 94).
Applied set_property CLOCK_BUFFER_TYPE = NONE for DDR_dq[1]. (constraint file  c:/Users/kccistc/Documents/final_project/hls/arty_96_classifier/system/s1/s1.gen/sources_1/bd/cls/ip/cls_ps7_0_0/cls_ps7_0_0/cls_ps7_0_0_in_context.xdc, line 95).
Applied set_property IO_BUFFER_TYPE = NONE for DDR_dq[20]. (constraint file  c:/Users/kccistc/Documents/final_project/hls/arty_96_classifier/system/s1/s1.gen/sources_1/bd/cls/ip/cls_ps7_0_0/cls_ps7_0_0/cls_ps7_0_0_in_context.xdc, line 96).
Applied set_property CLOCK_BUFFER_TYPE = NONE for DDR_dq[20]. (constraint file  c:/Users/kccistc/Documents/final_project/hls/arty_96_classifier/system/s1/s1.gen/sources_1/bd/cls/ip/cls_ps7_0_0/cls_ps7_0_0/cls_ps7_0_0_in_context.xdc, line 97).
Applied set_property IO_BUFFER_TYPE = NONE for DDR_dq[21]. (constraint file  c:/Users/kccistc/Documents/final_project/hls/arty_96_classifier/system/s1/s1.gen/sources_1/bd/cls/ip/cls_ps7_0_0/cls_ps7_0_0/cls_ps7_0_0_in_context.xdc, line 98).
Applied set_property CLOCK_BUFFER_TYPE = NONE for DDR_dq[21]. (constraint file  c:/Users/kccistc/Documents/final_project/hls/arty_96_classifier/system/s1/s1.gen/sources_1/bd/cls/ip/cls_ps7_0_0/cls_ps7_0_0/cls_ps7_0_0_in_context.xdc, line 99).
Applied set_property IO_BUFFER_TYPE = NONE for DDR_dq[22]. (constraint file  c:/Users/kccistc/Documents/final_project/hls/arty_96_classifier/system/s1/s1.gen/sources_1/bd/cls/ip/cls_ps7_0_0/cls_ps7_0_0/cls_ps7_0_0_in_context.xdc, line 100).
Applied set_property CLOCK_BUFFER_TYPE = NONE for DDR_dq[22]. (constraint file  c:/Users/kccistc/Documents/final_project/hls/arty_96_classifier/system/s1/s1.gen/sources_1/bd/cls/ip/cls_ps7_0_0/cls_ps7_0_0/cls_ps7_0_0_in_context.xdc, line 101).
Applied set_property IO_BUFFER_TYPE = NONE for DDR_dq[23]. (constraint file  c:/Users/kccistc/Documents/final_project/hls/arty_96_classifier/system/s1/s1.gen/sources_1/bd/cls/ip/cls_ps7_0_0/cls_ps7_0_0/cls_ps7_0_0_in_context.xdc, line 102).
Applied set_property CLOCK_BUFFER_TYPE = NONE for DDR_dq[23]. (constraint file  c:/Users/kccistc/Documents/final_project/hls/arty_96_classifier/system/s1/s1.gen/sources_1/bd/cls/ip/cls_ps7_0_0/cls_ps7_0_0/cls_ps7_0_0_in_context.xdc, line 103).
Applied set_property IO_BUFFER_TYPE = NONE for DDR_dq[24]. (constraint file  c:/Users/kccistc/Documents/final_project/hls/arty_96_classifier/system/s1/s1.gen/sources_1/bd/cls/ip/cls_ps7_0_0/cls_ps7_0_0/cls_ps7_0_0_in_context.xdc, line 104).
Applied set_property CLOCK_BUFFER_TYPE = NONE for DDR_dq[24]. (constraint file  c:/Users/kccistc/Documents/final_project/hls/arty_96_classifier/system/s1/s1.gen/sources_1/bd/cls/ip/cls_ps7_0_0/cls_ps7_0_0/cls_ps7_0_0_in_context.xdc, line 105).
Applied set_property IO_BUFFER_TYPE = NONE for DDR_dq[25]. (constraint file  c:/Users/kccistc/Documents/final_project/hls/arty_96_classifier/system/s1/s1.gen/sources_1/bd/cls/ip/cls_ps7_0_0/cls_ps7_0_0/cls_ps7_0_0_in_context.xdc, line 106).
Applied set_property CLOCK_BUFFER_TYPE = NONE for DDR_dq[25]. (constraint file  c:/Users/kccistc/Documents/final_project/hls/arty_96_classifier/system/s1/s1.gen/sources_1/bd/cls/ip/cls_ps7_0_0/cls_ps7_0_0/cls_ps7_0_0_in_context.xdc, line 107).
Applied set_property IO_BUFFER_TYPE = NONE for DDR_dq[26]. (constraint file  c:/Users/kccistc/Documents/final_project/hls/arty_96_classifier/system/s1/s1.gen/sources_1/bd/cls/ip/cls_ps7_0_0/cls_ps7_0_0/cls_ps7_0_0_in_context.xdc, line 108).
Applied set_property CLOCK_BUFFER_TYPE = NONE for DDR_dq[26]. (constraint file  c:/Users/kccistc/Documents/final_project/hls/arty_96_classifier/system/s1/s1.gen/sources_1/bd/cls/ip/cls_ps7_0_0/cls_ps7_0_0/cls_ps7_0_0_in_context.xdc, line 109).
Applied set_property IO_BUFFER_TYPE = NONE for DDR_dq[27]. (constraint file  c:/Users/kccistc/Documents/final_project/hls/arty_96_classifier/system/s1/s1.gen/sources_1/bd/cls/ip/cls_ps7_0_0/cls_ps7_0_0/cls_ps7_0_0_in_context.xdc, line 110).
Applied set_property CLOCK_BUFFER_TYPE = NONE for DDR_dq[27]. (constraint file  c:/Users/kccistc/Documents/final_project/hls/arty_96_classifier/system/s1/s1.gen/sources_1/bd/cls/ip/cls_ps7_0_0/cls_ps7_0_0/cls_ps7_0_0_in_context.xdc, line 111).
Applied set_property IO_BUFFER_TYPE = NONE for DDR_dq[28]. (constraint file  c:/Users/kccistc/Documents/final_project/hls/arty_96_classifier/system/s1/s1.gen/sources_1/bd/cls/ip/cls_ps7_0_0/cls_ps7_0_0/cls_ps7_0_0_in_context.xdc, line 112).
Applied set_property CLOCK_BUFFER_TYPE = NONE for DDR_dq[28]. (constraint file  c:/Users/kccistc/Documents/final_project/hls/arty_96_classifier/system/s1/s1.gen/sources_1/bd/cls/ip/cls_ps7_0_0/cls_ps7_0_0/cls_ps7_0_0_in_context.xdc, line 113).
Applied set_property IO_BUFFER_TYPE = NONE for DDR_dq[29]. (constraint file  c:/Users/kccistc/Documents/final_project/hls/arty_96_classifier/system/s1/s1.gen/sources_1/bd/cls/ip/cls_ps7_0_0/cls_ps7_0_0/cls_ps7_0_0_in_context.xdc, line 114).
Applied set_property CLOCK_BUFFER_TYPE = NONE for DDR_dq[29]. (constraint file  c:/Users/kccistc/Documents/final_project/hls/arty_96_classifier/system/s1/s1.gen/sources_1/bd/cls/ip/cls_ps7_0_0/cls_ps7_0_0/cls_ps7_0_0_in_context.xdc, line 115).
Applied set_property IO_BUFFER_TYPE = NONE for DDR_dq[2]. (constraint file  c:/Users/kccistc/Documents/final_project/hls/arty_96_classifier/system/s1/s1.gen/sources_1/bd/cls/ip/cls_ps7_0_0/cls_ps7_0_0/cls_ps7_0_0_in_context.xdc, line 116).
Applied set_property CLOCK_BUFFER_TYPE = NONE for DDR_dq[2]. (constraint file  c:/Users/kccistc/Documents/final_project/hls/arty_96_classifier/system/s1/s1.gen/sources_1/bd/cls/ip/cls_ps7_0_0/cls_ps7_0_0/cls_ps7_0_0_in_context.xdc, line 117).
Applied set_property IO_BUFFER_TYPE = NONE for DDR_dq[30]. (constraint file  c:/Users/kccistc/Documents/final_project/hls/arty_96_classifier/system/s1/s1.gen/sources_1/bd/cls/ip/cls_ps7_0_0/cls_ps7_0_0/cls_ps7_0_0_in_context.xdc, line 118).
Applied set_property CLOCK_BUFFER_TYPE = NONE for DDR_dq[30]. (constraint file  c:/Users/kccistc/Documents/final_project/hls/arty_96_classifier/system/s1/s1.gen/sources_1/bd/cls/ip/cls_ps7_0_0/cls_ps7_0_0/cls_ps7_0_0_in_context.xdc, line 119).
Applied set_property IO_BUFFER_TYPE = NONE for DDR_dq[31]. (constraint file  c:/Users/kccistc/Documents/final_project/hls/arty_96_classifier/system/s1/s1.gen/sources_1/bd/cls/ip/cls_ps7_0_0/cls_ps7_0_0/cls_ps7_0_0_in_context.xdc, line 120).
Applied set_property CLOCK_BUFFER_TYPE = NONE for DDR_dq[31]. (constraint file  c:/Users/kccistc/Documents/final_project/hls/arty_96_classifier/system/s1/s1.gen/sources_1/bd/cls/ip/cls_ps7_0_0/cls_ps7_0_0/cls_ps7_0_0_in_context.xdc, line 121).
Applied set_property IO_BUFFER_TYPE = NONE for DDR_dq[3]. (constraint file  c:/Users/kccistc/Documents/final_project/hls/arty_96_classifier/system/s1/s1.gen/sources_1/bd/cls/ip/cls_ps7_0_0/cls_ps7_0_0/cls_ps7_0_0_in_context.xdc, line 122).
Applied set_property CLOCK_BUFFER_TYPE = NONE for DDR_dq[3]. (constraint file  c:/Users/kccistc/Documents/final_project/hls/arty_96_classifier/system/s1/s1.gen/sources_1/bd/cls/ip/cls_ps7_0_0/cls_ps7_0_0/cls_ps7_0_0_in_context.xdc, line 123).
Applied set_property IO_BUFFER_TYPE = NONE for DDR_dq[4]. (constraint file  c:/Users/kccistc/Documents/final_project/hls/arty_96_classifier/system/s1/s1.gen/sources_1/bd/cls/ip/cls_ps7_0_0/cls_ps7_0_0/cls_ps7_0_0_in_context.xdc, line 124).
Applied set_property CLOCK_BUFFER_TYPE = NONE for DDR_dq[4]. (constraint file  c:/Users/kccistc/Documents/final_project/hls/arty_96_classifier/system/s1/s1.gen/sources_1/bd/cls/ip/cls_ps7_0_0/cls_ps7_0_0/cls_ps7_0_0_in_context.xdc, line 125).
Applied set_property IO_BUFFER_TYPE = NONE for DDR_dq[5]. (constraint file  c:/Users/kccistc/Documents/final_project/hls/arty_96_classifier/system/s1/s1.gen/sources_1/bd/cls/ip/cls_ps7_0_0/cls_ps7_0_0/cls_ps7_0_0_in_context.xdc, line 126).
Applied set_property CLOCK_BUFFER_TYPE = NONE for DDR_dq[5]. (constraint file  c:/Users/kccistc/Documents/final_project/hls/arty_96_classifier/system/s1/s1.gen/sources_1/bd/cls/ip/cls_ps7_0_0/cls_ps7_0_0/cls_ps7_0_0_in_context.xdc, line 127).
Applied set_property IO_BUFFER_TYPE = NONE for DDR_dq[6]. (constraint file  c:/Users/kccistc/Documents/final_project/hls/arty_96_classifier/system/s1/s1.gen/sources_1/bd/cls/ip/cls_ps7_0_0/cls_ps7_0_0/cls_ps7_0_0_in_context.xdc, line 128).
Applied set_property CLOCK_BUFFER_TYPE = NONE for DDR_dq[6]. (constraint file  c:/Users/kccistc/Documents/final_project/hls/arty_96_classifier/system/s1/s1.gen/sources_1/bd/cls/ip/cls_ps7_0_0/cls_ps7_0_0/cls_ps7_0_0_in_context.xdc, line 129).
Applied set_property IO_BUFFER_TYPE = NONE for DDR_dq[7]. (constraint file  c:/Users/kccistc/Documents/final_project/hls/arty_96_classifier/system/s1/s1.gen/sources_1/bd/cls/ip/cls_ps7_0_0/cls_ps7_0_0/cls_ps7_0_0_in_context.xdc, line 130).
Applied set_property CLOCK_BUFFER_TYPE = NONE for DDR_dq[7]. (constraint file  c:/Users/kccistc/Documents/final_project/hls/arty_96_classifier/system/s1/s1.gen/sources_1/bd/cls/ip/cls_ps7_0_0/cls_ps7_0_0/cls_ps7_0_0_in_context.xdc, line 131).
Applied set_property IO_BUFFER_TYPE = NONE for DDR_dq[8]. (constraint file  c:/Users/kccistc/Documents/final_project/hls/arty_96_classifier/system/s1/s1.gen/sources_1/bd/cls/ip/cls_ps7_0_0/cls_ps7_0_0/cls_ps7_0_0_in_context.xdc, line 132).
Applied set_property CLOCK_BUFFER_TYPE = NONE for DDR_dq[8]. (constraint file  c:/Users/kccistc/Documents/final_project/hls/arty_96_classifier/system/s1/s1.gen/sources_1/bd/cls/ip/cls_ps7_0_0/cls_ps7_0_0/cls_ps7_0_0_in_context.xdc, line 133).
Applied set_property IO_BUFFER_TYPE = NONE for DDR_dq[9]. (constraint file  c:/Users/kccistc/Documents/final_project/hls/arty_96_classifier/system/s1/s1.gen/sources_1/bd/cls/ip/cls_ps7_0_0/cls_ps7_0_0/cls_ps7_0_0_in_context.xdc, line 134).
Applied set_property CLOCK_BUFFER_TYPE = NONE for DDR_dq[9]. (constraint file  c:/Users/kccistc/Documents/final_project/hls/arty_96_classifier/system/s1/s1.gen/sources_1/bd/cls/ip/cls_ps7_0_0/cls_ps7_0_0/cls_ps7_0_0_in_context.xdc, line 135).
Applied set_property IO_BUFFER_TYPE = NONE for DDR_reset_n. (constraint file  c:/Users/kccistc/Documents/final_project/hls/arty_96_classifier/system/s1/s1.gen/sources_1/bd/cls/ip/cls_ps7_0_0/cls_ps7_0_0/cls_ps7_0_0_in_context.xdc, line 136).
Applied set_property CLOCK_BUFFER_TYPE = NONE for DDR_reset_n. (constraint file  c:/Users/kccistc/Documents/final_project/hls/arty_96_classifier/system/s1/s1.gen/sources_1/bd/cls/ip/cls_ps7_0_0/cls_ps7_0_0/cls_ps7_0_0_in_context.xdc, line 137).
Applied set_property IO_BUFFER_TYPE = NONE for DDR_odt. (constraint file  c:/Users/kccistc/Documents/final_project/hls/arty_96_classifier/system/s1/s1.gen/sources_1/bd/cls/ip/cls_ps7_0_0/cls_ps7_0_0/cls_ps7_0_0_in_context.xdc, line 138).
Applied set_property CLOCK_BUFFER_TYPE = NONE for DDR_odt. (constraint file  c:/Users/kccistc/Documents/final_project/hls/arty_96_classifier/system/s1/s1.gen/sources_1/bd/cls/ip/cls_ps7_0_0/cls_ps7_0_0/cls_ps7_0_0_in_context.xdc, line 139).
Applied set_property IO_BUFFER_TYPE = NONE for DDR_ras_n. (constraint file  c:/Users/kccistc/Documents/final_project/hls/arty_96_classifier/system/s1/s1.gen/sources_1/bd/cls/ip/cls_ps7_0_0/cls_ps7_0_0/cls_ps7_0_0_in_context.xdc, line 140).
Applied set_property CLOCK_BUFFER_TYPE = NONE for DDR_ras_n. (constraint file  c:/Users/kccistc/Documents/final_project/hls/arty_96_classifier/system/s1/s1.gen/sources_1/bd/cls/ip/cls_ps7_0_0/cls_ps7_0_0/cls_ps7_0_0_in_context.xdc, line 141).
Applied set_property IO_BUFFER_TYPE = NONE for FIXED_IO_ddr_vrn. (constraint file  c:/Users/kccistc/Documents/final_project/hls/arty_96_classifier/system/s1/s1.gen/sources_1/bd/cls/ip/cls_ps7_0_0/cls_ps7_0_0/cls_ps7_0_0_in_context.xdc, line 142).
Applied set_property CLOCK_BUFFER_TYPE = NONE for FIXED_IO_ddr_vrn. (constraint file  c:/Users/kccistc/Documents/final_project/hls/arty_96_classifier/system/s1/s1.gen/sources_1/bd/cls/ip/cls_ps7_0_0/cls_ps7_0_0/cls_ps7_0_0_in_context.xdc, line 143).
Applied set_property IO_BUFFER_TYPE = NONE for FIXED_IO_ddr_vrp. (constraint file  c:/Users/kccistc/Documents/final_project/hls/arty_96_classifier/system/s1/s1.gen/sources_1/bd/cls/ip/cls_ps7_0_0/cls_ps7_0_0/cls_ps7_0_0_in_context.xdc, line 144).
Applied set_property CLOCK_BUFFER_TYPE = NONE for FIXED_IO_ddr_vrp. (constraint file  c:/Users/kccistc/Documents/final_project/hls/arty_96_classifier/system/s1/s1.gen/sources_1/bd/cls/ip/cls_ps7_0_0/cls_ps7_0_0/cls_ps7_0_0_in_context.xdc, line 145).
Applied set_property IO_BUFFER_TYPE = NONE for DDR_we_n. (constraint file  c:/Users/kccistc/Documents/final_project/hls/arty_96_classifier/system/s1/s1.gen/sources_1/bd/cls/ip/cls_ps7_0_0/cls_ps7_0_0/cls_ps7_0_0_in_context.xdc, line 146).
Applied set_property CLOCK_BUFFER_TYPE = NONE for DDR_we_n. (constraint file  c:/Users/kccistc/Documents/final_project/hls/arty_96_classifier/system/s1/s1.gen/sources_1/bd/cls/ip/cls_ps7_0_0/cls_ps7_0_0/cls_ps7_0_0_in_context.xdc, line 147).
Applied set_property IO_BUFFER_TYPE = NONE for FIXED_IO_mio[0]. (constraint file  c:/Users/kccistc/Documents/final_project/hls/arty_96_classifier/system/s1/s1.gen/sources_1/bd/cls/ip/cls_ps7_0_0/cls_ps7_0_0/cls_ps7_0_0_in_context.xdc, line 148).
Applied set_property CLOCK_BUFFER_TYPE = NONE for FIXED_IO_mio[0]. (constraint file  c:/Users/kccistc/Documents/final_project/hls/arty_96_classifier/system/s1/s1.gen/sources_1/bd/cls/ip/cls_ps7_0_0/cls_ps7_0_0/cls_ps7_0_0_in_context.xdc, line 149).
Applied set_property IO_BUFFER_TYPE = NONE for FIXED_IO_mio[10]. (constraint file  c:/Users/kccistc/Documents/final_project/hls/arty_96_classifier/system/s1/s1.gen/sources_1/bd/cls/ip/cls_ps7_0_0/cls_ps7_0_0/cls_ps7_0_0_in_context.xdc, line 150).
Applied set_property CLOCK_BUFFER_TYPE = NONE for FIXED_IO_mio[10]. (constraint file  c:/Users/kccistc/Documents/final_project/hls/arty_96_classifier/system/s1/s1.gen/sources_1/bd/cls/ip/cls_ps7_0_0/cls_ps7_0_0/cls_ps7_0_0_in_context.xdc, line 151).
Applied set_property IO_BUFFER_TYPE = NONE for FIXED_IO_mio[11]. (constraint file  c:/Users/kccistc/Documents/final_project/hls/arty_96_classifier/system/s1/s1.gen/sources_1/bd/cls/ip/cls_ps7_0_0/cls_ps7_0_0/cls_ps7_0_0_in_context.xdc, line 152).
Applied set_property CLOCK_BUFFER_TYPE = NONE for FIXED_IO_mio[11]. (constraint file  c:/Users/kccistc/Documents/final_project/hls/arty_96_classifier/system/s1/s1.gen/sources_1/bd/cls/ip/cls_ps7_0_0/cls_ps7_0_0/cls_ps7_0_0_in_context.xdc, line 153).
Applied set_property IO_BUFFER_TYPE = NONE for FIXED_IO_mio[12]. (constraint file  c:/Users/kccistc/Documents/final_project/hls/arty_96_classifier/system/s1/s1.gen/sources_1/bd/cls/ip/cls_ps7_0_0/cls_ps7_0_0/cls_ps7_0_0_in_context.xdc, line 154).
Applied set_property CLOCK_BUFFER_TYPE = NONE for FIXED_IO_mio[12]. (constraint file  c:/Users/kccistc/Documents/final_project/hls/arty_96_classifier/system/s1/s1.gen/sources_1/bd/cls/ip/cls_ps7_0_0/cls_ps7_0_0/cls_ps7_0_0_in_context.xdc, line 155).
Applied set_property IO_BUFFER_TYPE = NONE for FIXED_IO_mio[13]. (constraint file  c:/Users/kccistc/Documents/final_project/hls/arty_96_classifier/system/s1/s1.gen/sources_1/bd/cls/ip/cls_ps7_0_0/cls_ps7_0_0/cls_ps7_0_0_in_context.xdc, line 156).
Applied set_property CLOCK_BUFFER_TYPE = NONE for FIXED_IO_mio[13]. (constraint file  c:/Users/kccistc/Documents/final_project/hls/arty_96_classifier/system/s1/s1.gen/sources_1/bd/cls/ip/cls_ps7_0_0/cls_ps7_0_0/cls_ps7_0_0_in_context.xdc, line 157).
Applied set_property IO_BUFFER_TYPE = NONE for FIXED_IO_mio[14]. (constraint file  c:/Users/kccistc/Documents/final_project/hls/arty_96_classifier/system/s1/s1.gen/sources_1/bd/cls/ip/cls_ps7_0_0/cls_ps7_0_0/cls_ps7_0_0_in_context.xdc, line 158).
Applied set_property CLOCK_BUFFER_TYPE = NONE for FIXED_IO_mio[14]. (constraint file  c:/Users/kccistc/Documents/final_project/hls/arty_96_classifier/system/s1/s1.gen/sources_1/bd/cls/ip/cls_ps7_0_0/cls_ps7_0_0/cls_ps7_0_0_in_context.xdc, line 159).
Applied set_property IO_BUFFER_TYPE = NONE for FIXED_IO_mio[15]. (constraint file  c:/Users/kccistc/Documents/final_project/hls/arty_96_classifier/system/s1/s1.gen/sources_1/bd/cls/ip/cls_ps7_0_0/cls_ps7_0_0/cls_ps7_0_0_in_context.xdc, line 160).
Applied set_property CLOCK_BUFFER_TYPE = NONE for FIXED_IO_mio[15]. (constraint file  c:/Users/kccistc/Documents/final_project/hls/arty_96_classifier/system/s1/s1.gen/sources_1/bd/cls/ip/cls_ps7_0_0/cls_ps7_0_0/cls_ps7_0_0_in_context.xdc, line 161).
Applied set_property IO_BUFFER_TYPE = NONE for FIXED_IO_mio[16]. (constraint file  c:/Users/kccistc/Documents/final_project/hls/arty_96_classifier/system/s1/s1.gen/sources_1/bd/cls/ip/cls_ps7_0_0/cls_ps7_0_0/cls_ps7_0_0_in_context.xdc, line 162).
Applied set_property CLOCK_BUFFER_TYPE = NONE for FIXED_IO_mio[16]. (constraint file  c:/Users/kccistc/Documents/final_project/hls/arty_96_classifier/system/s1/s1.gen/sources_1/bd/cls/ip/cls_ps7_0_0/cls_ps7_0_0/cls_ps7_0_0_in_context.xdc, line 163).
Applied set_property IO_BUFFER_TYPE = NONE for FIXED_IO_mio[17]. (constraint file  c:/Users/kccistc/Documents/final_project/hls/arty_96_classifier/system/s1/s1.gen/sources_1/bd/cls/ip/cls_ps7_0_0/cls_ps7_0_0/cls_ps7_0_0_in_context.xdc, line 164).
Applied set_property CLOCK_BUFFER_TYPE = NONE for FIXED_IO_mio[17]. (constraint file  c:/Users/kccistc/Documents/final_project/hls/arty_96_classifier/system/s1/s1.gen/sources_1/bd/cls/ip/cls_ps7_0_0/cls_ps7_0_0/cls_ps7_0_0_in_context.xdc, line 165).
Applied set_property IO_BUFFER_TYPE = NONE for FIXED_IO_mio[18]. (constraint file  c:/Users/kccistc/Documents/final_project/hls/arty_96_classifier/system/s1/s1.gen/sources_1/bd/cls/ip/cls_ps7_0_0/cls_ps7_0_0/cls_ps7_0_0_in_context.xdc, line 166).
Applied set_property CLOCK_BUFFER_TYPE = NONE for FIXED_IO_mio[18]. (constraint file  c:/Users/kccistc/Documents/final_project/hls/arty_96_classifier/system/s1/s1.gen/sources_1/bd/cls/ip/cls_ps7_0_0/cls_ps7_0_0/cls_ps7_0_0_in_context.xdc, line 167).
Applied set_property IO_BUFFER_TYPE = NONE for FIXED_IO_mio[19]. (constraint file  c:/Users/kccistc/Documents/final_project/hls/arty_96_classifier/system/s1/s1.gen/sources_1/bd/cls/ip/cls_ps7_0_0/cls_ps7_0_0/cls_ps7_0_0_in_context.xdc, line 168).
Applied set_property CLOCK_BUFFER_TYPE = NONE for FIXED_IO_mio[19]. (constraint file  c:/Users/kccistc/Documents/final_project/hls/arty_96_classifier/system/s1/s1.gen/sources_1/bd/cls/ip/cls_ps7_0_0/cls_ps7_0_0/cls_ps7_0_0_in_context.xdc, line 169).
Applied set_property IO_BUFFER_TYPE = NONE for FIXED_IO_mio[1]. (constraint file  c:/Users/kccistc/Documents/final_project/hls/arty_96_classifier/system/s1/s1.gen/sources_1/bd/cls/ip/cls_ps7_0_0/cls_ps7_0_0/cls_ps7_0_0_in_context.xdc, line 170).
Applied set_property CLOCK_BUFFER_TYPE = NONE for FIXED_IO_mio[1]. (constraint file  c:/Users/kccistc/Documents/final_project/hls/arty_96_classifier/system/s1/s1.gen/sources_1/bd/cls/ip/cls_ps7_0_0/cls_ps7_0_0/cls_ps7_0_0_in_context.xdc, line 171).
Applied set_property IO_BUFFER_TYPE = NONE for FIXED_IO_mio[20]. (constraint file  c:/Users/kccistc/Documents/final_project/hls/arty_96_classifier/system/s1/s1.gen/sources_1/bd/cls/ip/cls_ps7_0_0/cls_ps7_0_0/cls_ps7_0_0_in_context.xdc, line 172).
Applied set_property CLOCK_BUFFER_TYPE = NONE for FIXED_IO_mio[20]. (constraint file  c:/Users/kccistc/Documents/final_project/hls/arty_96_classifier/system/s1/s1.gen/sources_1/bd/cls/ip/cls_ps7_0_0/cls_ps7_0_0/cls_ps7_0_0_in_context.xdc, line 173).
Applied set_property IO_BUFFER_TYPE = NONE for FIXED_IO_mio[21]. (constraint file  c:/Users/kccistc/Documents/final_project/hls/arty_96_classifier/system/s1/s1.gen/sources_1/bd/cls/ip/cls_ps7_0_0/cls_ps7_0_0/cls_ps7_0_0_in_context.xdc, line 174).
Applied set_property CLOCK_BUFFER_TYPE = NONE for FIXED_IO_mio[21]. (constraint file  c:/Users/kccistc/Documents/final_project/hls/arty_96_classifier/system/s1/s1.gen/sources_1/bd/cls/ip/cls_ps7_0_0/cls_ps7_0_0/cls_ps7_0_0_in_context.xdc, line 175).
Applied set_property IO_BUFFER_TYPE = NONE for FIXED_IO_mio[22]. (constraint file  c:/Users/kccistc/Documents/final_project/hls/arty_96_classifier/system/s1/s1.gen/sources_1/bd/cls/ip/cls_ps7_0_0/cls_ps7_0_0/cls_ps7_0_0_in_context.xdc, line 176).
Applied set_property CLOCK_BUFFER_TYPE = NONE for FIXED_IO_mio[22]. (constraint file  c:/Users/kccistc/Documents/final_project/hls/arty_96_classifier/system/s1/s1.gen/sources_1/bd/cls/ip/cls_ps7_0_0/cls_ps7_0_0/cls_ps7_0_0_in_context.xdc, line 177).
Applied set_property IO_BUFFER_TYPE = NONE for FIXED_IO_mio[23]. (constraint file  c:/Users/kccistc/Documents/final_project/hls/arty_96_classifier/system/s1/s1.gen/sources_1/bd/cls/ip/cls_ps7_0_0/cls_ps7_0_0/cls_ps7_0_0_in_context.xdc, line 178).
Applied set_property CLOCK_BUFFER_TYPE = NONE for FIXED_IO_mio[23]. (constraint file  c:/Users/kccistc/Documents/final_project/hls/arty_96_classifier/system/s1/s1.gen/sources_1/bd/cls/ip/cls_ps7_0_0/cls_ps7_0_0/cls_ps7_0_0_in_context.xdc, line 179).
Applied set_property IO_BUFFER_TYPE = NONE for FIXED_IO_mio[24]. (constraint file  c:/Users/kccistc/Documents/final_project/hls/arty_96_classifier/system/s1/s1.gen/sources_1/bd/cls/ip/cls_ps7_0_0/cls_ps7_0_0/cls_ps7_0_0_in_context.xdc, line 180).
Applied set_property CLOCK_BUFFER_TYPE = NONE for FIXED_IO_mio[24]. (constraint file  c:/Users/kccistc/Documents/final_project/hls/arty_96_classifier/system/s1/s1.gen/sources_1/bd/cls/ip/cls_ps7_0_0/cls_ps7_0_0/cls_ps7_0_0_in_context.xdc, line 181).
Applied set_property IO_BUFFER_TYPE = NONE for FIXED_IO_mio[25]. (constraint file  c:/Users/kccistc/Documents/final_project/hls/arty_96_classifier/system/s1/s1.gen/sources_1/bd/cls/ip/cls_ps7_0_0/cls_ps7_0_0/cls_ps7_0_0_in_context.xdc, line 182).
Applied set_property CLOCK_BUFFER_TYPE = NONE for FIXED_IO_mio[25]. (constraint file  c:/Users/kccistc/Documents/final_project/hls/arty_96_classifier/system/s1/s1.gen/sources_1/bd/cls/ip/cls_ps7_0_0/cls_ps7_0_0/cls_ps7_0_0_in_context.xdc, line 183).
Applied set_property IO_BUFFER_TYPE = NONE for FIXED_IO_mio[26]. (constraint file  c:/Users/kccistc/Documents/final_project/hls/arty_96_classifier/system/s1/s1.gen/sources_1/bd/cls/ip/cls_ps7_0_0/cls_ps7_0_0/cls_ps7_0_0_in_context.xdc, line 184).
Applied set_property CLOCK_BUFFER_TYPE = NONE for FIXED_IO_mio[26]. (constraint file  c:/Users/kccistc/Documents/final_project/hls/arty_96_classifier/system/s1/s1.gen/sources_1/bd/cls/ip/cls_ps7_0_0/cls_ps7_0_0/cls_ps7_0_0_in_context.xdc, line 185).
Applied set_property IO_BUFFER_TYPE = NONE for FIXED_IO_mio[27]. (constraint file  c:/Users/kccistc/Documents/final_project/hls/arty_96_classifier/system/s1/s1.gen/sources_1/bd/cls/ip/cls_ps7_0_0/cls_ps7_0_0/cls_ps7_0_0_in_context.xdc, line 186).
Applied set_property CLOCK_BUFFER_TYPE = NONE for FIXED_IO_mio[27]. (constraint file  c:/Users/kccistc/Documents/final_project/hls/arty_96_classifier/system/s1/s1.gen/sources_1/bd/cls/ip/cls_ps7_0_0/cls_ps7_0_0/cls_ps7_0_0_in_context.xdc, line 187).
Applied set_property IO_BUFFER_TYPE = NONE for FIXED_IO_mio[28]. (constraint file  c:/Users/kccistc/Documents/final_project/hls/arty_96_classifier/system/s1/s1.gen/sources_1/bd/cls/ip/cls_ps7_0_0/cls_ps7_0_0/cls_ps7_0_0_in_context.xdc, line 188).
Applied set_property CLOCK_BUFFER_TYPE = NONE for FIXED_IO_mio[28]. (constraint file  c:/Users/kccistc/Documents/final_project/hls/arty_96_classifier/system/s1/s1.gen/sources_1/bd/cls/ip/cls_ps7_0_0/cls_ps7_0_0/cls_ps7_0_0_in_context.xdc, line 189).
Applied set_property IO_BUFFER_TYPE = NONE for FIXED_IO_mio[29]. (constraint file  c:/Users/kccistc/Documents/final_project/hls/arty_96_classifier/system/s1/s1.gen/sources_1/bd/cls/ip/cls_ps7_0_0/cls_ps7_0_0/cls_ps7_0_0_in_context.xdc, line 190).
Applied set_property CLOCK_BUFFER_TYPE = NONE for FIXED_IO_mio[29]. (constraint file  c:/Users/kccistc/Documents/final_project/hls/arty_96_classifier/system/s1/s1.gen/sources_1/bd/cls/ip/cls_ps7_0_0/cls_ps7_0_0/cls_ps7_0_0_in_context.xdc, line 191).
Applied set_property IO_BUFFER_TYPE = NONE for FIXED_IO_mio[2]. (constraint file  c:/Users/kccistc/Documents/final_project/hls/arty_96_classifier/system/s1/s1.gen/sources_1/bd/cls/ip/cls_ps7_0_0/cls_ps7_0_0/cls_ps7_0_0_in_context.xdc, line 192).
Applied set_property CLOCK_BUFFER_TYPE = NONE for FIXED_IO_mio[2]. (constraint file  c:/Users/kccistc/Documents/final_project/hls/arty_96_classifier/system/s1/s1.gen/sources_1/bd/cls/ip/cls_ps7_0_0/cls_ps7_0_0/cls_ps7_0_0_in_context.xdc, line 193).
Applied set_property IO_BUFFER_TYPE = NONE for FIXED_IO_mio[30]. (constraint file  c:/Users/kccistc/Documents/final_project/hls/arty_96_classifier/system/s1/s1.gen/sources_1/bd/cls/ip/cls_ps7_0_0/cls_ps7_0_0/cls_ps7_0_0_in_context.xdc, line 194).
Applied set_property CLOCK_BUFFER_TYPE = NONE for FIXED_IO_mio[30]. (constraint file  c:/Users/kccistc/Documents/final_project/hls/arty_96_classifier/system/s1/s1.gen/sources_1/bd/cls/ip/cls_ps7_0_0/cls_ps7_0_0/cls_ps7_0_0_in_context.xdc, line 195).
Applied set_property IO_BUFFER_TYPE = NONE for FIXED_IO_mio[31]. (constraint file  c:/Users/kccistc/Documents/final_project/hls/arty_96_classifier/system/s1/s1.gen/sources_1/bd/cls/ip/cls_ps7_0_0/cls_ps7_0_0/cls_ps7_0_0_in_context.xdc, line 196).
Applied set_property CLOCK_BUFFER_TYPE = NONE for FIXED_IO_mio[31]. (constraint file  c:/Users/kccistc/Documents/final_project/hls/arty_96_classifier/system/s1/s1.gen/sources_1/bd/cls/ip/cls_ps7_0_0/cls_ps7_0_0/cls_ps7_0_0_in_context.xdc, line 197).
Applied set_property IO_BUFFER_TYPE = NONE for FIXED_IO_mio[32]. (constraint file  c:/Users/kccistc/Documents/final_project/hls/arty_96_classifier/system/s1/s1.gen/sources_1/bd/cls/ip/cls_ps7_0_0/cls_ps7_0_0/cls_ps7_0_0_in_context.xdc, line 198).
Applied set_property CLOCK_BUFFER_TYPE = NONE for FIXED_IO_mio[32]. (constraint file  c:/Users/kccistc/Documents/final_project/hls/arty_96_classifier/system/s1/s1.gen/sources_1/bd/cls/ip/cls_ps7_0_0/cls_ps7_0_0/cls_ps7_0_0_in_context.xdc, line 199).
Applied set_property IO_BUFFER_TYPE = NONE for FIXED_IO_mio[33]. (constraint file  c:/Users/kccistc/Documents/final_project/hls/arty_96_classifier/system/s1/s1.gen/sources_1/bd/cls/ip/cls_ps7_0_0/cls_ps7_0_0/cls_ps7_0_0_in_context.xdc, line 200).
Applied set_property CLOCK_BUFFER_TYPE = NONE for FIXED_IO_mio[33]. (constraint file  c:/Users/kccistc/Documents/final_project/hls/arty_96_classifier/system/s1/s1.gen/sources_1/bd/cls/ip/cls_ps7_0_0/cls_ps7_0_0/cls_ps7_0_0_in_context.xdc, line 201).
Applied set_property IO_BUFFER_TYPE = NONE for FIXED_IO_mio[34]. (constraint file  c:/Users/kccistc/Documents/final_project/hls/arty_96_classifier/system/s1/s1.gen/sources_1/bd/cls/ip/cls_ps7_0_0/cls_ps7_0_0/cls_ps7_0_0_in_context.xdc, line 202).
Applied set_property CLOCK_BUFFER_TYPE = NONE for FIXED_IO_mio[34]. (constraint file  c:/Users/kccistc/Documents/final_project/hls/arty_96_classifier/system/s1/s1.gen/sources_1/bd/cls/ip/cls_ps7_0_0/cls_ps7_0_0/cls_ps7_0_0_in_context.xdc, line 203).
Applied set_property IO_BUFFER_TYPE = NONE for FIXED_IO_mio[35]. (constraint file  c:/Users/kccistc/Documents/final_project/hls/arty_96_classifier/system/s1/s1.gen/sources_1/bd/cls/ip/cls_ps7_0_0/cls_ps7_0_0/cls_ps7_0_0_in_context.xdc, line 204).
Applied set_property CLOCK_BUFFER_TYPE = NONE for FIXED_IO_mio[35]. (constraint file  c:/Users/kccistc/Documents/final_project/hls/arty_96_classifier/system/s1/s1.gen/sources_1/bd/cls/ip/cls_ps7_0_0/cls_ps7_0_0/cls_ps7_0_0_in_context.xdc, line 205).
Applied set_property IO_BUFFER_TYPE = NONE for FIXED_IO_mio[36]. (constraint file  c:/Users/kccistc/Documents/final_project/hls/arty_96_classifier/system/s1/s1.gen/sources_1/bd/cls/ip/cls_ps7_0_0/cls_ps7_0_0/cls_ps7_0_0_in_context.xdc, line 206).
Applied set_property CLOCK_BUFFER_TYPE = NONE for FIXED_IO_mio[36]. (constraint file  c:/Users/kccistc/Documents/final_project/hls/arty_96_classifier/system/s1/s1.gen/sources_1/bd/cls/ip/cls_ps7_0_0/cls_ps7_0_0/cls_ps7_0_0_in_context.xdc, line 207).
Applied set_property IO_BUFFER_TYPE = NONE for FIXED_IO_mio[37]. (constraint file  c:/Users/kccistc/Documents/final_project/hls/arty_96_classifier/system/s1/s1.gen/sources_1/bd/cls/ip/cls_ps7_0_0/cls_ps7_0_0/cls_ps7_0_0_in_context.xdc, line 208).
Applied set_property CLOCK_BUFFER_TYPE = NONE for FIXED_IO_mio[37]. (constraint file  c:/Users/kccistc/Documents/final_project/hls/arty_96_classifier/system/s1/s1.gen/sources_1/bd/cls/ip/cls_ps7_0_0/cls_ps7_0_0/cls_ps7_0_0_in_context.xdc, line 209).
Applied set_property IO_BUFFER_TYPE = NONE for FIXED_IO_mio[38]. (constraint file  c:/Users/kccistc/Documents/final_project/hls/arty_96_classifier/system/s1/s1.gen/sources_1/bd/cls/ip/cls_ps7_0_0/cls_ps7_0_0/cls_ps7_0_0_in_context.xdc, line 210).
Applied set_property CLOCK_BUFFER_TYPE = NONE for FIXED_IO_mio[38]. (constraint file  c:/Users/kccistc/Documents/final_project/hls/arty_96_classifier/system/s1/s1.gen/sources_1/bd/cls/ip/cls_ps7_0_0/cls_ps7_0_0/cls_ps7_0_0_in_context.xdc, line 211).
Applied set_property IO_BUFFER_TYPE = NONE for FIXED_IO_mio[39]. (constraint file  c:/Users/kccistc/Documents/final_project/hls/arty_96_classifier/system/s1/s1.gen/sources_1/bd/cls/ip/cls_ps7_0_0/cls_ps7_0_0/cls_ps7_0_0_in_context.xdc, line 212).
Applied set_property CLOCK_BUFFER_TYPE = NONE for FIXED_IO_mio[39]. (constraint file  c:/Users/kccistc/Documents/final_project/hls/arty_96_classifier/system/s1/s1.gen/sources_1/bd/cls/ip/cls_ps7_0_0/cls_ps7_0_0/cls_ps7_0_0_in_context.xdc, line 213).
Applied set_property IO_BUFFER_TYPE = NONE for FIXED_IO_mio[3]. (constraint file  c:/Users/kccistc/Documents/final_project/hls/arty_96_classifier/system/s1/s1.gen/sources_1/bd/cls/ip/cls_ps7_0_0/cls_ps7_0_0/cls_ps7_0_0_in_context.xdc, line 214).
Applied set_property CLOCK_BUFFER_TYPE = NONE for FIXED_IO_mio[3]. (constraint file  c:/Users/kccistc/Documents/final_project/hls/arty_96_classifier/system/s1/s1.gen/sources_1/bd/cls/ip/cls_ps7_0_0/cls_ps7_0_0/cls_ps7_0_0_in_context.xdc, line 215).
Applied set_property IO_BUFFER_TYPE = NONE for FIXED_IO_mio[40]. (constraint file  c:/Users/kccistc/Documents/final_project/hls/arty_96_classifier/system/s1/s1.gen/sources_1/bd/cls/ip/cls_ps7_0_0/cls_ps7_0_0/cls_ps7_0_0_in_context.xdc, line 216).
Applied set_property CLOCK_BUFFER_TYPE = NONE for FIXED_IO_mio[40]. (constraint file  c:/Users/kccistc/Documents/final_project/hls/arty_96_classifier/system/s1/s1.gen/sources_1/bd/cls/ip/cls_ps7_0_0/cls_ps7_0_0/cls_ps7_0_0_in_context.xdc, line 217).
Applied set_property IO_BUFFER_TYPE = NONE for FIXED_IO_mio[41]. (constraint file  c:/Users/kccistc/Documents/final_project/hls/arty_96_classifier/system/s1/s1.gen/sources_1/bd/cls/ip/cls_ps7_0_0/cls_ps7_0_0/cls_ps7_0_0_in_context.xdc, line 218).
Applied set_property CLOCK_BUFFER_TYPE = NONE for FIXED_IO_mio[41]. (constraint file  c:/Users/kccistc/Documents/final_project/hls/arty_96_classifier/system/s1/s1.gen/sources_1/bd/cls/ip/cls_ps7_0_0/cls_ps7_0_0/cls_ps7_0_0_in_context.xdc, line 219).
Applied set_property IO_BUFFER_TYPE = NONE for FIXED_IO_mio[42]. (constraint file  c:/Users/kccistc/Documents/final_project/hls/arty_96_classifier/system/s1/s1.gen/sources_1/bd/cls/ip/cls_ps7_0_0/cls_ps7_0_0/cls_ps7_0_0_in_context.xdc, line 220).
Applied set_property CLOCK_BUFFER_TYPE = NONE for FIXED_IO_mio[42]. (constraint file  c:/Users/kccistc/Documents/final_project/hls/arty_96_classifier/system/s1/s1.gen/sources_1/bd/cls/ip/cls_ps7_0_0/cls_ps7_0_0/cls_ps7_0_0_in_context.xdc, line 221).
Applied set_property IO_BUFFER_TYPE = NONE for FIXED_IO_mio[43]. (constraint file  c:/Users/kccistc/Documents/final_project/hls/arty_96_classifier/system/s1/s1.gen/sources_1/bd/cls/ip/cls_ps7_0_0/cls_ps7_0_0/cls_ps7_0_0_in_context.xdc, line 222).
Applied set_property CLOCK_BUFFER_TYPE = NONE for FIXED_IO_mio[43]. (constraint file  c:/Users/kccistc/Documents/final_project/hls/arty_96_classifier/system/s1/s1.gen/sources_1/bd/cls/ip/cls_ps7_0_0/cls_ps7_0_0/cls_ps7_0_0_in_context.xdc, line 223).
Applied set_property IO_BUFFER_TYPE = NONE for FIXED_IO_mio[44]. (constraint file  c:/Users/kccistc/Documents/final_project/hls/arty_96_classifier/system/s1/s1.gen/sources_1/bd/cls/ip/cls_ps7_0_0/cls_ps7_0_0/cls_ps7_0_0_in_context.xdc, line 224).
Applied set_property CLOCK_BUFFER_TYPE = NONE for FIXED_IO_mio[44]. (constraint file  c:/Users/kccistc/Documents/final_project/hls/arty_96_classifier/system/s1/s1.gen/sources_1/bd/cls/ip/cls_ps7_0_0/cls_ps7_0_0/cls_ps7_0_0_in_context.xdc, line 225).
Applied set_property IO_BUFFER_TYPE = NONE for FIXED_IO_mio[45]. (constraint file  c:/Users/kccistc/Documents/final_project/hls/arty_96_classifier/system/s1/s1.gen/sources_1/bd/cls/ip/cls_ps7_0_0/cls_ps7_0_0/cls_ps7_0_0_in_context.xdc, line 226).
Applied set_property CLOCK_BUFFER_TYPE = NONE for FIXED_IO_mio[45]. (constraint file  c:/Users/kccistc/Documents/final_project/hls/arty_96_classifier/system/s1/s1.gen/sources_1/bd/cls/ip/cls_ps7_0_0/cls_ps7_0_0/cls_ps7_0_0_in_context.xdc, line 227).
Applied set_property IO_BUFFER_TYPE = NONE for FIXED_IO_mio[46]. (constraint file  c:/Users/kccistc/Documents/final_project/hls/arty_96_classifier/system/s1/s1.gen/sources_1/bd/cls/ip/cls_ps7_0_0/cls_ps7_0_0/cls_ps7_0_0_in_context.xdc, line 228).
Applied set_property CLOCK_BUFFER_TYPE = NONE for FIXED_IO_mio[46]. (constraint file  c:/Users/kccistc/Documents/final_project/hls/arty_96_classifier/system/s1/s1.gen/sources_1/bd/cls/ip/cls_ps7_0_0/cls_ps7_0_0/cls_ps7_0_0_in_context.xdc, line 229).
Applied set_property IO_BUFFER_TYPE = NONE for FIXED_IO_mio[47]. (constraint file  c:/Users/kccistc/Documents/final_project/hls/arty_96_classifier/system/s1/s1.gen/sources_1/bd/cls/ip/cls_ps7_0_0/cls_ps7_0_0/cls_ps7_0_0_in_context.xdc, line 230).
Applied set_property CLOCK_BUFFER_TYPE = NONE for FIXED_IO_mio[47]. (constraint file  c:/Users/kccistc/Documents/final_project/hls/arty_96_classifier/system/s1/s1.gen/sources_1/bd/cls/ip/cls_ps7_0_0/cls_ps7_0_0/cls_ps7_0_0_in_context.xdc, line 231).
Applied set_property IO_BUFFER_TYPE = NONE for FIXED_IO_mio[48]. (constraint file  c:/Users/kccistc/Documents/final_project/hls/arty_96_classifier/system/s1/s1.gen/sources_1/bd/cls/ip/cls_ps7_0_0/cls_ps7_0_0/cls_ps7_0_0_in_context.xdc, line 232).
Applied set_property CLOCK_BUFFER_TYPE = NONE for FIXED_IO_mio[48]. (constraint file  c:/Users/kccistc/Documents/final_project/hls/arty_96_classifier/system/s1/s1.gen/sources_1/bd/cls/ip/cls_ps7_0_0/cls_ps7_0_0/cls_ps7_0_0_in_context.xdc, line 233).
Applied set_property IO_BUFFER_TYPE = NONE for FIXED_IO_mio[49]. (constraint file  c:/Users/kccistc/Documents/final_project/hls/arty_96_classifier/system/s1/s1.gen/sources_1/bd/cls/ip/cls_ps7_0_0/cls_ps7_0_0/cls_ps7_0_0_in_context.xdc, line 234).
Applied set_property CLOCK_BUFFER_TYPE = NONE for FIXED_IO_mio[49]. (constraint file  c:/Users/kccistc/Documents/final_project/hls/arty_96_classifier/system/s1/s1.gen/sources_1/bd/cls/ip/cls_ps7_0_0/cls_ps7_0_0/cls_ps7_0_0_in_context.xdc, line 235).
Applied set_property IO_BUFFER_TYPE = NONE for FIXED_IO_mio[4]. (constraint file  c:/Users/kccistc/Documents/final_project/hls/arty_96_classifier/system/s1/s1.gen/sources_1/bd/cls/ip/cls_ps7_0_0/cls_ps7_0_0/cls_ps7_0_0_in_context.xdc, line 236).
Applied set_property CLOCK_BUFFER_TYPE = NONE for FIXED_IO_mio[4]. (constraint file  c:/Users/kccistc/Documents/final_project/hls/arty_96_classifier/system/s1/s1.gen/sources_1/bd/cls/ip/cls_ps7_0_0/cls_ps7_0_0/cls_ps7_0_0_in_context.xdc, line 237).
Applied set_property IO_BUFFER_TYPE = NONE for FIXED_IO_mio[50]. (constraint file  c:/Users/kccistc/Documents/final_project/hls/arty_96_classifier/system/s1/s1.gen/sources_1/bd/cls/ip/cls_ps7_0_0/cls_ps7_0_0/cls_ps7_0_0_in_context.xdc, line 238).
Applied set_property CLOCK_BUFFER_TYPE = NONE for FIXED_IO_mio[50]. (constraint file  c:/Users/kccistc/Documents/final_project/hls/arty_96_classifier/system/s1/s1.gen/sources_1/bd/cls/ip/cls_ps7_0_0/cls_ps7_0_0/cls_ps7_0_0_in_context.xdc, line 239).
Applied set_property IO_BUFFER_TYPE = NONE for FIXED_IO_mio[51]. (constraint file  c:/Users/kccistc/Documents/final_project/hls/arty_96_classifier/system/s1/s1.gen/sources_1/bd/cls/ip/cls_ps7_0_0/cls_ps7_0_0/cls_ps7_0_0_in_context.xdc, line 240).
Applied set_property CLOCK_BUFFER_TYPE = NONE for FIXED_IO_mio[51]. (constraint file  c:/Users/kccistc/Documents/final_project/hls/arty_96_classifier/system/s1/s1.gen/sources_1/bd/cls/ip/cls_ps7_0_0/cls_ps7_0_0/cls_ps7_0_0_in_context.xdc, line 241).
Applied set_property IO_BUFFER_TYPE = NONE for FIXED_IO_mio[52]. (constraint file  c:/Users/kccistc/Documents/final_project/hls/arty_96_classifier/system/s1/s1.gen/sources_1/bd/cls/ip/cls_ps7_0_0/cls_ps7_0_0/cls_ps7_0_0_in_context.xdc, line 242).
Applied set_property CLOCK_BUFFER_TYPE = NONE for FIXED_IO_mio[52]. (constraint file  c:/Users/kccistc/Documents/final_project/hls/arty_96_classifier/system/s1/s1.gen/sources_1/bd/cls/ip/cls_ps7_0_0/cls_ps7_0_0/cls_ps7_0_0_in_context.xdc, line 243).
Applied set_property IO_BUFFER_TYPE = NONE for FIXED_IO_mio[53]. (constraint file  c:/Users/kccistc/Documents/final_project/hls/arty_96_classifier/system/s1/s1.gen/sources_1/bd/cls/ip/cls_ps7_0_0/cls_ps7_0_0/cls_ps7_0_0_in_context.xdc, line 244).
Applied set_property CLOCK_BUFFER_TYPE = NONE for FIXED_IO_mio[53]. (constraint file  c:/Users/kccistc/Documents/final_project/hls/arty_96_classifier/system/s1/s1.gen/sources_1/bd/cls/ip/cls_ps7_0_0/cls_ps7_0_0/cls_ps7_0_0_in_context.xdc, line 245).
Applied set_property IO_BUFFER_TYPE = NONE for FIXED_IO_mio[5]. (constraint file  c:/Users/kccistc/Documents/final_project/hls/arty_96_classifier/system/s1/s1.gen/sources_1/bd/cls/ip/cls_ps7_0_0/cls_ps7_0_0/cls_ps7_0_0_in_context.xdc, line 246).
Applied set_property CLOCK_BUFFER_TYPE = NONE for FIXED_IO_mio[5]. (constraint file  c:/Users/kccistc/Documents/final_project/hls/arty_96_classifier/system/s1/s1.gen/sources_1/bd/cls/ip/cls_ps7_0_0/cls_ps7_0_0/cls_ps7_0_0_in_context.xdc, line 247).
Applied set_property IO_BUFFER_TYPE = NONE for FIXED_IO_mio[6]. (constraint file  c:/Users/kccistc/Documents/final_project/hls/arty_96_classifier/system/s1/s1.gen/sources_1/bd/cls/ip/cls_ps7_0_0/cls_ps7_0_0/cls_ps7_0_0_in_context.xdc, line 248).
Applied set_property CLOCK_BUFFER_TYPE = NONE for FIXED_IO_mio[6]. (constraint file  c:/Users/kccistc/Documents/final_project/hls/arty_96_classifier/system/s1/s1.gen/sources_1/bd/cls/ip/cls_ps7_0_0/cls_ps7_0_0/cls_ps7_0_0_in_context.xdc, line 249).
Applied set_property IO_BUFFER_TYPE = NONE for FIXED_IO_mio[7]. (constraint file  c:/Users/kccistc/Documents/final_project/hls/arty_96_classifier/system/s1/s1.gen/sources_1/bd/cls/ip/cls_ps7_0_0/cls_ps7_0_0/cls_ps7_0_0_in_context.xdc, line 250).
Applied set_property CLOCK_BUFFER_TYPE = NONE for FIXED_IO_mio[7]. (constraint file  c:/Users/kccistc/Documents/final_project/hls/arty_96_classifier/system/s1/s1.gen/sources_1/bd/cls/ip/cls_ps7_0_0/cls_ps7_0_0/cls_ps7_0_0_in_context.xdc, line 251).
Applied set_property IO_BUFFER_TYPE = NONE for FIXED_IO_mio[8]. (constraint file  c:/Users/kccistc/Documents/final_project/hls/arty_96_classifier/system/s1/s1.gen/sources_1/bd/cls/ip/cls_ps7_0_0/cls_ps7_0_0/cls_ps7_0_0_in_context.xdc, line 252).
Applied set_property CLOCK_BUFFER_TYPE = NONE for FIXED_IO_mio[8]. (constraint file  c:/Users/kccistc/Documents/final_project/hls/arty_96_classifier/system/s1/s1.gen/sources_1/bd/cls/ip/cls_ps7_0_0/cls_ps7_0_0/cls_ps7_0_0_in_context.xdc, line 253).
Applied set_property IO_BUFFER_TYPE = NONE for FIXED_IO_mio[9]. (constraint file  c:/Users/kccistc/Documents/final_project/hls/arty_96_classifier/system/s1/s1.gen/sources_1/bd/cls/ip/cls_ps7_0_0/cls_ps7_0_0/cls_ps7_0_0_in_context.xdc, line 254).
Applied set_property CLOCK_BUFFER_TYPE = NONE for FIXED_IO_mio[9]. (constraint file  c:/Users/kccistc/Documents/final_project/hls/arty_96_classifier/system/s1/s1.gen/sources_1/bd/cls/ip/cls_ps7_0_0/cls_ps7_0_0/cls_ps7_0_0_in_context.xdc, line 255).
Applied set_property IO_BUFFER_TYPE = NONE for FIXED_IO_ps_clk. (constraint file  c:/Users/kccistc/Documents/final_project/hls/arty_96_classifier/system/s1/s1.gen/sources_1/bd/cls/ip/cls_ps7_0_0/cls_ps7_0_0/cls_ps7_0_0_in_context.xdc, line 256).
Applied set_property CLOCK_BUFFER_TYPE = NONE for FIXED_IO_ps_clk. (constraint file  c:/Users/kccistc/Documents/final_project/hls/arty_96_classifier/system/s1/s1.gen/sources_1/bd/cls/ip/cls_ps7_0_0/cls_ps7_0_0/cls_ps7_0_0_in_context.xdc, line 257).
Applied set_property IO_BUFFER_TYPE = NONE for FIXED_IO_ps_porb. (constraint file  c:/Users/kccistc/Documents/final_project/hls/arty_96_classifier/system/s1/s1.gen/sources_1/bd/cls/ip/cls_ps7_0_0/cls_ps7_0_0/cls_ps7_0_0_in_context.xdc, line 258).
Applied set_property CLOCK_BUFFER_TYPE = NONE for FIXED_IO_ps_porb. (constraint file  c:/Users/kccistc/Documents/final_project/hls/arty_96_classifier/system/s1/s1.gen/sources_1/bd/cls/ip/cls_ps7_0_0/cls_ps7_0_0/cls_ps7_0_0_in_context.xdc, line 259).
Applied set_property IO_BUFFER_TYPE = NONE for FIXED_IO_ps_srstb. (constraint file  c:/Users/kccistc/Documents/final_project/hls/arty_96_classifier/system/s1/s1.gen/sources_1/bd/cls/ip/cls_ps7_0_0/cls_ps7_0_0/cls_ps7_0_0_in_context.xdc, line 260).
Applied set_property CLOCK_BUFFER_TYPE = NONE for FIXED_IO_ps_srstb. (constraint file  c:/Users/kccistc/Documents/final_project/hls/arty_96_classifier/system/s1/s1.gen/sources_1/bd/cls/ip/cls_ps7_0_0/cls_ps7_0_0/cls_ps7_0_0_in_context.xdc, line 261).
Applied set_property KEEP_HIERARCHY = SOFT for cls_i. (constraint file  auto generated constraint).
Applied set_property KEEP_HIERARCHY = SOFT for cls_i/ps7_0. (constraint file  auto generated constraint).
Applied set_property KEEP_HIERARCHY = SOFT for cls_i/conv_engine_0. (constraint file  auto generated constraint).
Applied set_property KEEP_HIERARCHY = SOFT for cls_i/conv0_engine_0. (constraint file  auto generated constraint).
Applied set_property KEEP_HIERARCHY = SOFT for cls_i/maxpool_engine_0. (constraint file  auto generated constraint).
Applied set_property KEEP_HIERARCHY = SOFT for cls_i/smartconnect_hp0. (constraint file  auto generated constraint).
Applied set_property KEEP_HIERARCHY = SOFT for cls_i/ps7_0_axi_periph/xbar. (constraint file  auto generated constraint).
Applied set_property KEEP_HIERARCHY = SOFT for cls_i/ps7_0_axi_periph/s00_couplers/auto_pc. (constraint file  auto generated constraint).
Applied set_property KEEP_HIERARCHY = SOFT for cls_i/ps7_0_axi_periph. (constraint file  auto generated constraint).
Applied set_property KEEP_HIERARCHY = SOFT for cls_i/rst_ps7_0_100M. (constraint file  auto generated constraint).
---------------------------------------------------------------------------------
Finished applying 'set_property' XDC Constraints : Time (s): cpu = 00:00:13 ; elapsed = 00:00:14 . Memory (MB): peak = 1528.074 ; gain = 595.539
---------------------------------------------------------------------------------
---------------------------------------------------------------------------------
Finished RTL Optimization Phase 2 : Time (s): cpu = 00:00:13 ; elapsed = 00:00:14 . Memory (MB): peak = 1528.074 ; gain = 595.539
---------------------------------------------------------------------------------
---------------------------------------------------------------------------------
Start RTL Component Statistics 
---------------------------------------------------------------------------------
Detailed RTL Component Info : 
---------------------------------------------------------------------------------
Finished RTL Component Statistics 
---------------------------------------------------------------------------------
---------------------------------------------------------------------------------
Start Part Resource Summary
---------------------------------------------------------------------------------
Part Resources:
DSPs: 220 (col length:60)
BRAMs: 280 (col length: RAMB18 60 RAMB36 30)
---------------------------------------------------------------------------------
Finished Part Resource Summary
---------------------------------------------------------------------------------
---------------------------------------------------------------------------------
Start Cross Boundary and Area Optimization
---------------------------------------------------------------------------------
WARNING: [Synth 8-7080] Parallel synthesis criteria is not met
WARNING: [Synth 8-7129] Port M00_ACLK in module cls_ps7_0_axi_periph_0 is either unconnected or has no load
WARNING: [Synth 8-7129] Port M00_ARESETN in module cls_ps7_0_axi_periph_0 is either unconnected or has no load
WARNING: [Synth 8-7129] Port M01_ACLK in module cls_ps7_0_axi_periph_0 is either unconnected or has no load
WARNING: [Synth 8-7129] Port M01_ARESETN in module cls_ps7_0_axi_periph_0 is either unconnected or has no load
WARNING: [Synth 8-7129] Port M02_ACLK in module cls_ps7_0_axi_periph_0 is either unconnected or has no load
WARNING: [Synth 8-7129] Port M02_ARESETN in module cls_ps7_0_axi_periph_0 is either unconnected or has no load
WARNING: [Synth 8-7129] Port S00_ACLK in module cls_ps7_0_axi_periph_0 is either unconnected or has no load
WARNING: [Synth 8-7129] Port S00_ARESETN in module cls_ps7_0_axi_periph_0 is either unconnected or has no load
---------------------------------------------------------------------------------
Finished Cross Boundary and Area Optimization : Time (s): cpu = 00:00:14 ; elapsed = 00:00:16 . Memory (MB): peak = 1528.074 ; gain = 595.539
---------------------------------------------------------------------------------
---------------------------------------------------------------------------------
Start Applying XDC Timing Constraints
---------------------------------------------------------------------------------
---------------------------------------------------------------------------------
Finished Applying XDC Timing Constraints : Time (s): cpu = 00:00:19 ; elapsed = 00:00:21 . Memory (MB): peak = 1686.754 ; gain = 754.219
---------------------------------------------------------------------------------
---------------------------------------------------------------------------------
Start Timing Optimization
---------------------------------------------------------------------------------
---------------------------------------------------------------------------------
Finished Timing Optimization : Time (s): cpu = 00:00:20 ; elapsed = 00:00:21 . Memory (MB): peak = 1687.258 ; gain = 754.723
---------------------------------------------------------------------------------
---------------------------------------------------------------------------------
Start Technology Mapping
---------------------------------------------------------------------------------
---------------------------------------------------------------------------------
Finished Technology Mapping : Time (s): cpu = 00:00:20 ; elapsed = 00:00:21 . Memory (MB): peak = 1698.586 ; gain = 766.051
---------------------------------------------------------------------------------
---------------------------------------------------------------------------------
Start IO Insertion
---------------------------------------------------------------------------------
---------------------------------------------------------------------------------
Start Flattening Before IO Insertion
---------------------------------------------------------------------------------
---------------------------------------------------------------------------------
Finished Flattening Before IO Insertion
---------------------------------------------------------------------------------
---------------------------------------------------------------------------------
Start Final Netlist Cleanup
---------------------------------------------------------------------------------
---------------------------------------------------------------------------------
Finished Final Netlist Cleanup
---------------------------------------------------------------------------------
---------------------------------------------------------------------------------
Finished IO Insertion : Time (s): cpu = 00:00:22 ; elapsed = 00:00:24 . Memory (MB): peak = 1913.789 ; gain = 981.254
---------------------------------------------------------------------------------
---------------------------------------------------------------------------------
Start Renaming Generated Instances
---------------------------------------------------------------------------------
---------------------------------------------------------------------------------
Finished Renaming Generated Instances : Time (s): cpu = 00:00:22 ; elapsed = 00:00:24 . Memory (MB): peak = 1913.789 ; gain = 981.254
---------------------------------------------------------------------------------
---------------------------------------------------------------------------------
Start Rebuilding User Hierarchy
---------------------------------------------------------------------------------
---------------------------------------------------------------------------------
Finished Rebuilding User Hierarchy : Time (s): cpu = 00:00:22 ; elapsed = 00:00:24 . Memory (MB): peak = 1913.789 ; gain = 981.254
---------------------------------------------------------------------------------
---------------------------------------------------------------------------------
Start Renaming Generated Ports
---------------------------------------------------------------------------------
---------------------------------------------------------------------------------
Finished Renaming Generated Ports : Time (s): cpu = 00:00:22 ; elapsed = 00:00:24 . Memory (MB): peak = 1913.789 ; gain = 981.254
---------------------------------------------------------------------------------
---------------------------------------------------------------------------------
Start Handling Custom Attributes
---------------------------------------------------------------------------------
---------------------------------------------------------------------------------
Finished Handling Custom Attributes : Time (s): cpu = 00:00:22 ; elapsed = 00:00:24 . Memory (MB): peak = 1913.789 ; gain = 981.254
---------------------------------------------------------------------------------
---------------------------------------------------------------------------------
Start Renaming Generated Nets
---------------------------------------------------------------------------------
---------------------------------------------------------------------------------
Finished Renaming Generated Nets : Time (s): cpu = 00:00:22 ; elapsed = 00:00:24 . Memory (MB): peak = 1913.789 ; gain = 981.254
---------------------------------------------------------------------------------
---------------------------------------------------------------------------------
Start Writing Synthesis Report
---------------------------------------------------------------------------------

Report BlackBoxes: 
+------+-----------------------------------+----------+
|      |BlackBox name                      |Instances |
+------+-----------------------------------+----------+
|1     |cls_conv0_engine_0_0               |         1|
|2     |cls_conv_engine_0_0                |         1|
|3     |cls_maxpool_engine_0_0             |         1|
|4     |cls_ps7_0_0                        |         1|
|5     |cls_ps7_0_axi_periph_imp_xbar_0    |         1|
|6     |cls_ps7_0_axi_periph_imp_auto_pc_0 |         1|
|7     |cls_rst_ps7_0_100M_0               |         1|
|8     |cls_smartconnect_hp0_0             |         1|
+------+-----------------------------------+----------+

Report Cell Usage: 
+------+---------------------------------+------+
|      |Cell                             |Count |
+------+---------------------------------+------+
|1     |cls_conv0_engine_0               |     1|
|2     |cls_conv_engine_0                |     1|
|3     |cls_maxpool_engine_0             |     1|
|4     |cls_ps7_0                        |     1|
|5     |cls_ps7_0_axi_periph_imp_auto_pc |     1|
|6     |cls_ps7_0_axi_periph_imp_xbar    |     1|
|7     |cls_rst_ps7_0_100M               |     1|
|8     |cls_smartconnect_hp0             |     1|
+------+---------------------------------+------+
---------------------------------------------------------------------------------
Finished Writing Synthesis Report : Time (s): cpu = 00:00:22 ; elapsed = 00:00:24 . Memory (MB): peak = 1913.789 ; gain = 981.254
---------------------------------------------------------------------------------
Synthesis finished with 0 errors, 0 critical warnings and 9 warnings.
Synthesis Optimization Runtime : Time (s): cpu = 00:00:15 ; elapsed = 00:00:22 . Memory (MB): peak = 1913.789 ; gain = 972.559
Synthesis Optimization Complete : Time (s): cpu = 00:00:23 ; elapsed = 00:00:24 . Memory (MB): peak = 1913.789 ; gain = 981.254
INFO: [Project 1-571] Translating synthesized netlist
Netlist sorting complete. Time (s): cpu = 00:00:00 ; elapsed = 00:00:00.018 . Memory (MB): peak = 1913.789 ; gain = 0.000
INFO: [Project 1-570] Preparing netlist for logic optimization
INFO: [Opt 31-138] Pushed 0 inverter(s) to 0 load pin(s).
Netlist sorting complete. Time (s): cpu = 00:00:00 ; elapsed = 00:00:00 . Memory (MB): peak = 1924.488 ; gain = 0.000
INFO: [Project 1-111] Unisim Transformation Summary:
No Unisim elements were transformed.

Synth Design complete | Checksum: 15f83f50
INFO: [Common 17-83] Releasing license: Synthesis
48 Infos, 138 Warnings, 0 Critical Warnings and 0 Errors encountered.
synth_design completed successfully
synth_design: Time (s): cpu = 00:00:26 ; elapsed = 00:00:30 . Memory (MB): peak = 1928.473 ; gain = 1241.367
INFO: [Common 17-1381] The checkpoint 'C:/Users/kccistc/Documents/final_project/hls/arty_96_classifier/system/s1/s1.runs/synth_1/cls_wrapper.dcp' has been generated.
INFO: [Vivado 12-24828] Executing command : report_utilization -file cls_wrapper_utilization_synth.rpt -pb cls_wrapper_utilization_synth.pb
INFO: [Common 17-206] Exiting Vivado at Wed Aug 19 10:00:32 2026...
[Wed Aug 19 10:00:37 2026] synth_1 finished
wait_on_runs: Time (s): cpu = 00:00:01 ; elapsed = 00:06:35 . Memory (MB): peak = 1074.832 ; gain = 0.000
# if {[get_property PROGRESS [get_runs synth_1]] != "100%"} {
#     puts "== FATAL: 합성 실패"
#     exit 1
# }
# open_run synth_1 -name synth_1
Design is defaulting to impl run constrset: constrs_1
Design is defaulting to synth run part: xc7z020clg400-1
INFO: [Device 21-403] Loading part xc7z020clg400-1
INFO: [Project 1-454] Reading design checkpoint 'c:/Users/kccistc/Documents/final_project/hls/arty_96_classifier/system/s1/s1.gen/sources_1/bd/cls/ip/cls_conv0_engine_0_0/cls_conv0_engine_0_0.dcp' for cell 'cls_i/conv0_engine_0'
INFO: [Project 1-454] Reading design checkpoint 'c:/Users/kccistc/Documents/final_project/hls/arty_96_classifier/system/s1/s1.gen/sources_1/bd/cls/ip/cls_conv_engine_0_0/cls_conv_engine_0_0.dcp' for cell 'cls_i/conv_engine_0'
INFO: [Project 1-454] Reading design checkpoint 'c:/Users/kccistc/Documents/final_project/hls/arty_96_classifier/system/s1/s1.gen/sources_1/bd/cls/ip/cls_maxpool_engine_0_0/cls_maxpool_engine_0_0.dcp' for cell 'cls_i/maxpool_engine_0'
INFO: [Project 1-454] Reading design checkpoint 'c:/Users/kccistc/Documents/final_project/hls/arty_96_classifier/system/s1/s1.gen/sources_1/bd/cls/ip/cls_ps7_0_0/cls_ps7_0_0.dcp' for cell 'cls_i/ps7_0'
INFO: [Project 1-454] Reading design checkpoint 'c:/Users/kccistc/Documents/final_project/hls/arty_96_classifier/system/s1/s1.gen/sources_1/bd/cls/ip/cls_rst_ps7_0_100M_0/cls_rst_ps7_0_100M_0.dcp' for cell 'cls_i/rst_ps7_0_100M'
INFO: [Project 1-454] Reading design checkpoint 'c:/Users/kccistc/Documents/final_project/hls/arty_96_classifier/system/s1/s1.gen/sources_1/bd/cls/ip/cls_smartconnect_hp0_0/cls_smartconnect_hp0_0.dcp' for cell 'cls_i/smartconnect_hp0'
INFO: [Project 1-454] Reading design checkpoint 'c:/Users/kccistc/Documents/final_project/hls/arty_96_classifier/system/s1/s1.gen/sources_1/bd/cls/ip/cls_ps7_0_axi_periph_imp_xbar_0/cls_ps7_0_axi_periph_imp_xbar_0.dcp' for cell 'cls_i/ps7_0_axi_periph/xbar'
INFO: [Project 1-454] Reading design checkpoint 'c:/Users/kccistc/Documents/final_project/hls/arty_96_classifier/system/s1/s1.gen/sources_1/bd/cls/ip/cls_ps7_0_axi_periph_imp_auto_pc_0/cls_ps7_0_axi_periph_imp_auto_pc_0.dcp' for cell 'cls_i/ps7_0_axi_periph/s00_couplers/auto_pc'
Netlist sorting complete. Time (s): cpu = 00:00:01 ; elapsed = 00:00:01 . Memory (MB): peak = 1433.184 ; gain = 0.000
INFO: [Netlist 29-17] Analyzing 7888 Unisim elements for replacement
INFO: [Netlist 29-28] Unisim Transformation completed in 1 CPU seconds
INFO: [Project 1-479] Netlist was created with Vivado 2024.2
INFO: [Project 1-570] Preparing netlist for logic optimization
Parsing XDC File [c:/Users/kccistc/Documents/final_project/hls/arty_96_classifier/system/s1/s1.gen/sources_1/bd/cls/ip/cls_ps7_0_0/cls_ps7_0_0.xdc] for cell 'cls_i/ps7_0/inst'
Finished Parsing XDC File [c:/Users/kccistc/Documents/final_project/hls/arty_96_classifier/system/s1/s1.gen/sources_1/bd/cls/ip/cls_ps7_0_0/cls_ps7_0_0.xdc] for cell 'cls_i/ps7_0/inst'
Parsing XDC File [c:/Users/kccistc/Documents/final_project/hls/arty_96_classifier/system/s1/s1.gen/sources_1/bd/cls/ip/cls_smartconnect_hp0_0/bd_0/ip/ip_1/bd_cb13_psr_aclk_0_board.xdc] for cell 'cls_i/smartconnect_hp0/inst/clk_map/psr_aclk/U0'
Finished Parsing XDC File [c:/Users/kccistc/Documents/final_project/hls/arty_96_classifier/system/s1/s1.gen/sources_1/bd/cls/ip/cls_smartconnect_hp0_0/bd_0/ip/ip_1/bd_cb13_psr_aclk_0_board.xdc] for cell 'cls_i/smartconnect_hp0/inst/clk_map/psr_aclk/U0'
Parsing XDC File [c:/Users/kccistc/Documents/final_project/hls/arty_96_classifier/system/s1/s1.gen/sources_1/bd/cls/ip/cls_smartconnect_hp0_0/bd_0/ip/ip_1/bd_cb13_psr_aclk_0.xdc] for cell 'cls_i/smartconnect_hp0/inst/clk_map/psr_aclk/U0'
Finished Parsing XDC File [c:/Users/kccistc/Documents/final_project/hls/arty_96_classifier/system/s1/s1.gen/sources_1/bd/cls/ip/cls_smartconnect_hp0_0/bd_0/ip/ip_1/bd_cb13_psr_aclk_0.xdc] for cell 'cls_i/smartconnect_hp0/inst/clk_map/psr_aclk/U0'
Parsing XDC File [c:/Users/kccistc/Documents/final_project/hls/arty_96_classifier/system/s1/s1.gen/sources_1/bd/cls/ip/cls_smartconnect_hp0_0/smartconnect.xdc] for cell 'cls_i/smartconnect_hp0/inst'
Finished Parsing XDC File [c:/Users/kccistc/Documents/final_project/hls/arty_96_classifier/system/s1/s1.gen/sources_1/bd/cls/ip/cls_smartconnect_hp0_0/smartconnect.xdc] for cell 'cls_i/smartconnect_hp0/inst'
Parsing XDC File [c:/Users/kccistc/Documents/final_project/hls/arty_96_classifier/system/s1/s1.gen/sources_1/bd/cls/ip/cls_rst_ps7_0_100M_0/cls_rst_ps7_0_100M_0_board.xdc] for cell 'cls_i/rst_ps7_0_100M/U0'
Finished Parsing XDC File [c:/Users/kccistc/Documents/final_project/hls/arty_96_classifier/system/s1/s1.gen/sources_1/bd/cls/ip/cls_rst_ps7_0_100M_0/cls_rst_ps7_0_100M_0_board.xdc] for cell 'cls_i/rst_ps7_0_100M/U0'
Parsing XDC File [c:/Users/kccistc/Documents/final_project/hls/arty_96_classifier/system/s1/s1.gen/sources_1/bd/cls/ip/cls_rst_ps7_0_100M_0/cls_rst_ps7_0_100M_0.xdc] for cell 'cls_i/rst_ps7_0_100M/U0'
Finished Parsing XDC File [c:/Users/kccistc/Documents/final_project/hls/arty_96_classifier/system/s1/s1.gen/sources_1/bd/cls/ip/cls_rst_ps7_0_100M_0/cls_rst_ps7_0_100M_0.xdc] for cell 'cls_i/rst_ps7_0_100M/U0'
INFO: [Project 1-1714] 96 XPM XDC files have been applied to the design.
INFO: [Opt 31-138] Pushed 0 inverter(s) to 0 load pin(s).
Netlist sorting complete. Time (s): cpu = 00:00:00 ; elapsed = 00:00:00.027 . Memory (MB): peak = 2405.992 ; gain = 0.000
INFO: [Project 1-111] Unisim Transformation Summary:
  A total of 2558 instances were transformed.
  RAM16X1D => RAM32X1D (RAMD32(x2)): 35 instances
  RAM16X1S => RAM32X1S (RAMS32): 224 instances
  RAM256X1S => RAM256X1S (MUXF7(x2), MUXF8, RAMS64E(x4)): 1024 instances
  RAM32M => RAM32M (RAMD32(x6), RAMS32(x2)): 249 instances
  RAM32X1D => RAM32X1D (RAMD32(x2)): 2 instances
  RAM32X1S => RAM32X1S (RAMS32): 1024 instances

open_run: Time (s): cpu = 00:00:32 ; elapsed = 00:00:32 . Memory (MB): peak = 2405.992 ; gain = 1331.160
# report_utilization -file $SCRIPT_DIR/utilization_synth_arty96_v1.rpt
# puts "== 합성 후 면적 리포트: $SCRIPT_DIR/utilization_synth_arty96_v1.rpt"
== 합성 후 면적 리포트: C:/Users/kccistc/Documents/final_project/hls/arty_96_classifier/system/utilization_synth_arty96_v1.rpt
# set_property strategy Performance_ExploreWithRemap [get_runs impl_1]
# puts "== impl 전략: Performance_ExploreWithRemap (기본 전략은 이 설계에서 실패 실적)"
== impl 전략: Performance_ExploreWithRemap (기본 전략은 이 설계에서 실패 실적)
# launch_runs impl_1 -to_step write_bitstream -jobs 4
INFO: [Timing 38-480] Writing timing data to binary archive.
Wrote PlaceDB: Time (s): cpu = 00:00:00 ; elapsed = 00:00:00.014 . Memory (MB): peak = 2405.992 ; gain = 0.000
Wrote PulsedLatchDB: Time (s): cpu = 00:00:00 ; elapsed = 00:00:00 . Memory (MB): peak = 2405.992 ; gain = 0.000
Writing XDEF routing.
Writing XDEF routing logical nets.
Writing XDEF routing special nets.
Wrote RouteStorage: Time (s): cpu = 00:00:00 ; elapsed = 00:00:00.026 . Memory (MB): peak = 2405.992 ; gain = 0.000
Wrote Netlist Cache: Time (s): cpu = 00:00:00 ; elapsed = 00:00:00.002 . Memory (MB): peak = 2405.992 ; gain = 0.000
Wrote Device Cache: Time (s): cpu = 00:00:00 ; elapsed = 00:00:00.018 . Memory (MB): peak = 2405.992 ; gain = 0.000
Write Physdb Complete: Time (s): cpu = 00:00:00 ; elapsed = 00:00:00.069 . Memory (MB): peak = 2405.992 ; gain = 0.000
Write ShapeDB Complete: Time (s): cpu = 00:00:01 ; elapsed = 00:00:00.236 . Memory (MB): peak = 2405.992 ; gain = 0.000
WARNING: [Common 17-210] 'write_hwdef' is deprecated.
[Wed Aug 19 10:01:21 2026] Launched impl_1...
Run output will be captured here: C:/Users/kccistc/Documents/final_project/hls/arty_96_classifier/system/s1/s1.runs/impl_1/runme.log
launch_runs: Time (s): cpu = 00:00:10 ; elapsed = 00:00:11 . Memory (MB): peak = 2405.992 ; gain = 0.000
# wait_on_run impl_1
[Wed Aug 19 10:01:21 2026] Waiting for impl_1 to finish...


*** Running vivado
    with args -log cls_wrapper.vdi -applog -m64 -product Vivado -messageDb vivado.pb -mode batch -source cls_wrapper.tcl -notrace



****** Vivado v2024.2 (64-bit)
  **** SW Build 5239630 on Fri Nov 08 22:35:27 MST 2024
  **** IP Build 5239520 on Sun Nov 10 16:12:51 MST 2024
  **** SharedData Build 5239561 on Fri Nov 08 14:39:27 MST 2024
  **** Start of session at: Wed Aug 19 10:01:28 2026
    ** Copyright 1986-2022 Xilinx, Inc. All Rights Reserved.
    ** Copyright 2022-2024 Advanced Micro Devices, Inc. All Rights Reserved.

source cls_wrapper.tcl -notrace
Command: open_checkpoint C:/Users/kccistc/Documents/final_project/hls/arty_96_classifier/system/s1/s1.runs/impl_1/cls_wrapper.dcp
INFO: [Device 21-403] Loading part xc7z020clg400-1
Netlist sorting complete. Time (s): cpu = 00:00:01 ; elapsed = 00:00:01 . Memory (MB): peak = 1064.910 ; gain = 0.000
INFO: [Netlist 29-17] Analyzing 7888 Unisim elements for replacement
INFO: [Netlist 29-28] Unisim Transformation completed in 1 CPU seconds
INFO: [Project 1-479] Netlist was created with Vivado 2024.2
INFO: [Project 1-570] Preparing netlist for logic optimization
Read ShapeDB Complete: Time (s): cpu = 00:00:00 ; elapsed = 00:00:00.197 . Memory (MB): peak = 1335.699 ; gain = 18.328
INFO: [Timing 38-478] Restoring timing data from binary archive.
INFO: [Timing 38-479] Binary timing data restore complete.
INFO: [Project 1-856] Restoring constraints from binary archive.
INFO: [Project 1-853] Binary constraint restore complete.
INFO: [Designutils 20-5722] Start Reading Physical Databases.
Reading placement.
Read Netlist Cache: Time (s): cpu = 00:00:00 ; elapsed = 00:00:00 . Memory (MB): peak = 1963.184 ; gain = 0.000
Reading placer database...
Read Device Cache: Time (s): cpu = 00:00:00 ; elapsed = 00:00:00.013 . Memory (MB): peak = 1963.184 ; gain = 0.000
Read PlaceDB: Time (s): cpu = 00:00:00 ; elapsed = 00:00:00.065 . Memory (MB): peak = 1963.184 ; gain = 0.000
Read PulsedLatchDB: Time (s): cpu = 00:00:00 ; elapsed = 00:00:00 . Memory (MB): peak = 1963.184 ; gain = 0.000
Reading routing.
Read RouteStorage: Time (s): cpu = 00:00:00 ; elapsed = 00:00:00.006 . Memory (MB): peak = 1963.184 ; gain = 0.000
Read Physdb Files: Time (s): cpu = 00:00:00 ; elapsed = 00:00:00.094 . Memory (MB): peak = 1963.184 ; gain = 0.000
Restored from archive | CPU: 0.000000 secs | Memory: 0.000000 MB |
Finished XDEF File Restore: Time (s): cpu = 00:00:00 ; elapsed = 00:00:00.139 . Memory (MB): peak = 1963.184 ; gain = 0.000
Netlist sorting complete. Time (s): cpu = 00:00:00 ; elapsed = 00:00:00.024 . Memory (MB): peak = 1963.184 ; gain = 0.000
INFO: [Project 1-111] Unisim Transformation Summary:
  A total of 2558 instances were transformed.
  RAM16X1D => RAM32X1D (RAMD32(x2)): 35 instances
  RAM16X1S => RAM32X1S (RAMS32): 224 instances
  RAM256X1S => RAM256X1S (MUXF7(x2), MUXF8, RAMS64E(x4)): 1024 instances
  RAM32M => RAM32M (RAMD32(x6), RAMS32(x2)): 249 instances
  RAM32X1D => RAM32X1D (RAMD32(x2)): 2 instances
  RAM32X1S => RAM32X1S (RAMS32): 1024 instances

INFO: [Project 1-604] Checkpoint was created with Vivado v2024.2 (64-bit) build 5239630
open_checkpoint: Time (s): cpu = 00:00:24 ; elapsed = 00:00:27 . Memory (MB): peak = 1963.184 ; gain = 1534.984
INFO: [IP_Flow 19-234] Refreshing IP repositories
INFO: [IP_Flow 19-1700] Loaded user IP repository 'c:/Users/kccistc/Documents/final_project/hls/arty_96_classifier/conv_engine_tr8/conv_engine_prj/solution1/impl/ip'.
INFO: [IP_Flow 19-1700] Loaded user IP repository 'c:/Users/kccistc/Documents/final_project/hls/arty_96_classifier/conv0_engine/conv0_engine_prj/solution1/impl/ip'.
INFO: [IP_Flow 19-1700] Loaded user IP repository 'c:/Users/kccistc/Documents/final_project/hls/arty_96_classifier/maxpool_engine/maxpool_engine_prj/solution1/impl/ip'.
INFO: [IP_Flow 19-2313] Loaded Vivado IP repository 'C:/Xilinx/Vivado/2024.2/data/ip'.
WARNING: [IP_Flow 19-4995] The host OS only allows 260 characters in a normal path. The IP cache path is more than 80 characters. If you experience issues with IP caching, please consider changing the IP cache to a location with a shorter path. Alternately consider using the OS subst command to map part of the path to a drive letter. 
Current IP cache path is C:/Users/kccistc/Documents/final_project/hls/arty_96_classifier/system/s1/s1.cache/ip 
Command: opt_design -directive ExploreWithRemap
INFO: [Vivado_Tcl 4-136] Directive used for opt_design is: ExploreWithRemap
Attempting to get a license for feature 'Implementation' and/or device 'xc7z020'
INFO: [Common 17-349] Got license for feature 'Implementation' and/or device 'xc7z020'
Running DRC as a precondition to command opt_design

Starting DRC Task
INFO: [DRC 23-27] Running DRC with 2 threads
INFO: [Project 1-461] DRC finished with 0 Errors
INFO: [Project 1-462] Please refer to the DRC report (report_drc) for more information.

Time (s): cpu = 00:00:01 ; elapsed = 00:00:01 . Memory (MB): peak = 1963.184 ; gain = 0.000

Starting Logic Optimization Task

Phase 1 Initialization

Phase 1.1 Core Generation And Design Setup
Phase 1.1 Core Generation And Design Setup | Checksum: 165f8945d

Time (s): cpu = 00:00:00 ; elapsed = 00:00:00.084 . Memory (MB): peak = 2236.922 ; gain = 0.000

Phase 1.2 Setup Constraints And Sort Netlist
Phase 1.2 Setup Constraints And Sort Netlist | Checksum: 165f8945d

Time (s): cpu = 00:00:00 ; elapsed = 00:00:00.133 . Memory (MB): peak = 2236.922 ; gain = 0.000
Phase 1 Initialization | Checksum: 165f8945d

Time (s): cpu = 00:00:00 ; elapsed = 00:00:00.140 . Memory (MB): peak = 2236.922 ; gain = 0.000

Phase 2 Timer Update And Timing Data Collection

Phase 2.1 Timer Update
INFO: [Timing 38-35] Done setting XDC timing constraints.
Phase 2.1 Timer Update | Checksum: 165f8945d

Time (s): cpu = 00:00:08 ; elapsed = 00:00:05 . Memory (MB): peak = 2420.613 ; gain = 183.691

Phase 2.2 Timing Data Collection
Phase 2.2 Timing Data Collection | Checksum: 165f8945d

Time (s): cpu = 00:00:08 ; elapsed = 00:00:05 . Memory (MB): peak = 2420.613 ; gain = 183.691
Phase 2 Timer Update And Timing Data Collection | Checksum: 165f8945d

Time (s): cpu = 00:00:08 ; elapsed = 00:00:05 . Memory (MB): peak = 2420.613 ; gain = 183.691

Phase 3 Retarget
INFO: [Opt 31-1851] Number of loadless carry chains removed were: 0
INFO: [Opt 31-1834] Total Chains To Be Transformed Were: 0 AND Number of Transformed insts Created are: 0
INFO: [Opt 31-1566] Pulled 3 inverters resulting in an inversion of 60 pins
INFO: [Opt 31-138] Pushed 32 inverter(s) to 153 load pin(s).
INFO: [Opt 31-49] Retargeted 0 cell(s).
Phase 3 Retarget | Checksum: 166977965

Time (s): cpu = 00:00:09 ; elapsed = 00:00:06 . Memory (MB): peak = 2420.613 ; gain = 183.691
Retarget | Checksum: 166977965
INFO: [Opt 31-389] Phase Retarget created 174 cells and removed 259 cells
INFO: [Opt 31-1021] In phase Retarget, 88 netlist objects are constrained preventing optimization. Please run opt_design with -debug_log to get more detail. 

Phase 4 Constant propagation
INFO: [Opt 31-138] Pushed 0 inverter(s) to 0 load pin(s).
Phase 4 Constant propagation | Checksum: bc5ad0f9

Time (s): cpu = 00:00:10 ; elapsed = 00:00:07 . Memory (MB): peak = 2420.613 ; gain = 183.691
Constant propagation | Checksum: bc5ad0f9
INFO: [Opt 31-389] Phase Constant propagation created 127 cells and removed 1001 cells
INFO: [Opt 31-1021] In phase Constant propagation, 88 netlist objects are constrained preventing optimization. Please run opt_design with -debug_log to get more detail. 

Phase 5 Sweep
INFO: [Constraints 18-11670] Building netlist checker database with flags, 0x8
Done building netlist checker database: Time (s): cpu = 00:00:00 ; elapsed = 00:00:00.044 . Memory (MB): peak = 2420.613 ; gain = 0.000
INFO: [Constraints 18-11670] Building netlist checker database with flags, 0x8
Done building netlist checker database: Time (s): cpu = 00:00:00 ; elapsed = 00:00:00.036 . Memory (MB): peak = 2420.613 ; gain = 0.000
Phase 5 Sweep | Checksum: 14ce762dd

Time (s): cpu = 00:00:12 ; elapsed = 00:00:09 . Memory (MB): peak = 2420.613 ; gain = 183.691
Sweep | Checksum: 14ce762dd
INFO: [Opt 31-389] Phase Sweep created 0 cells and removed 498 cells
INFO: [Opt 31-1021] In phase Sweep, 110 netlist objects are constrained preventing optimization. Please run opt_design with -debug_log to get more detail. 

Phase 6 BUFG optimization
Phase 6 BUFG optimization | Checksum: 14ce762dd

Time (s): cpu = 00:00:14 ; elapsed = 00:00:10 . Memory (MB): peak = 2420.613 ; gain = 183.691
BUFG optimization | Checksum: 14ce762dd
INFO: [Opt 31-662] Phase BUFG optimization created 0 cells of which 0 are BUFGs and removed 0 cells.

Phase 7 Shift Register Optimization
INFO: [Opt 31-1064] SRL Remap converted 0 SRLs to 0 registers and converted 0 registers of register chains to 0 SRLs
Phase 7 Shift Register Optimization | Checksum: d6109d1c

Time (s): cpu = 00:00:14 ; elapsed = 00:00:10 . Memory (MB): peak = 2420.613 ; gain = 183.691
Shift Register Optimization | Checksum: d6109d1c
INFO: [Opt 31-389] Phase Shift Register Optimization created 3 cells and removed 0 cells
INFO: [Opt 31-1555] control_set_opt supports Versal devices only, and device 7z020 is unsupported

Phase 8 Remap
Phase 8 Remap | Checksum: 18fb1f18b

Time (s): cpu = 00:00:25 ; elapsed = 00:00:22 . Memory (MB): peak = 2797.301 ; gain = 560.379
Remap | Checksum: 18fb1f18b
INFO: [Opt 31-389] Phase Remap created 530 cells and removed 533 cells
INFO: [Opt 31-1021] In phase Remap, 24 netlist objects are constrained preventing optimization. Please run opt_design with -debug_log to get more detail. 

Phase 9 Post Processing Netlist
Phase 9 Post Processing Netlist | Checksum: 18e8b47e1

Time (s): cpu = 00:00:26 ; elapsed = 00:00:23 . Memory (MB): peak = 2797.301 ; gain = 560.379
Post Processing Netlist | Checksum: 18e8b47e1
INFO: [Opt 31-389] Phase Post Processing Netlist created 0 cells and removed 0 cells
INFO: [Opt 31-1021] In phase Post Processing Netlist, 88 netlist objects are constrained preventing optimization. Please run opt_design with -debug_log to get more detail. 

Phase 10 Finalization

Phase 10.1 Finalizing Design Cores and Updating Shapes
Phase 10.1 Finalizing Design Cores and Updating Shapes | Checksum: 103425cd4

Time (s): cpu = 00:00:28 ; elapsed = 00:00:25 . Memory (MB): peak = 2797.301 ; gain = 560.379

Phase 10.2 Verifying Netlist Connectivity

Starting Connectivity Check Task

Time (s): cpu = 00:00:00 ; elapsed = 00:00:00.098 . Memory (MB): peak = 2797.301 ; gain = 0.000
Phase 10.2 Verifying Netlist Connectivity | Checksum: 103425cd4

Time (s): cpu = 00:00:28 ; elapsed = 00:00:25 . Memory (MB): peak = 2797.301 ; gain = 560.379
Phase 10 Finalization | Checksum: 103425cd4

Time (s): cpu = 00:00:28 ; elapsed = 00:00:25 . Memory (MB): peak = 2797.301 ; gain = 560.379
Opt_design Change Summary
=========================


-------------------------------------------------------------------------------------------------------------------------
|  Phase                        |  #Cells created  |  #Cells Removed  |  #Constrained objects preventing optimizations  |
-------------------------------------------------------------------------------------------------------------------------
|  Retarget                     |             174  |             259  |                                             88  |
|  Constant propagation         |             127  |            1001  |                                             88  |
|  Sweep                        |               0  |             498  |                                            110  |
|  BUFG optimization            |               0  |               0  |                                              0  |
|  Shift Register Optimization  |               3  |               0  |                                              0  |
|  Remap                        |             530  |             533  |                                             24  |
|  Post Processing Netlist      |               0  |               0  |                                             88  |
-------------------------------------------------------------------------------------------------------------------------


Ending Logic Optimization Task | Checksum: 103425cd4

Time (s): cpu = 00:00:28 ; elapsed = 00:00:25 . Memory (MB): peak = 2797.301 ; gain = 560.379

Starting Netlist Obfuscation Task
Netlist sorting complete. Time (s): cpu = 00:00:00 ; elapsed = 00:00:00.024 . Memory (MB): peak = 2797.301 ; gain = 0.000
Ending Netlist Obfuscation Task | Checksum: 103425cd4

Time (s): cpu = 00:00:00 ; elapsed = 00:00:00.032 . Memory (MB): peak = 2797.301 ; gain = 0.000
INFO: [Common 17-83] Releasing license: Implementation
46 Infos, 1 Warnings, 0 Critical Warnings and 0 Errors encountered.
opt_design completed successfully
opt_design: Time (s): cpu = 00:00:32 ; elapsed = 00:00:29 . Memory (MB): peak = 2797.301 ; gain = 834.117
INFO: [Vivado 12-24828] Executing command : report_drc -file cls_wrapper_drc_opted.rpt -pb cls_wrapper_drc_opted.pb -rpx cls_wrapper_drc_opted.rpx
Command: report_drc -file cls_wrapper_drc_opted.rpt -pb cls_wrapper_drc_opted.pb -rpx cls_wrapper_drc_opted.rpx
INFO: [IP_Flow 19-1839] IP Catalog is up to date.
INFO: [DRC 23-27] Running DRC with 2 threads
INFO: [Vivado_Tcl 2-168] The results of DRC are in file C:/Users/kccistc/Documents/final_project/hls/arty_96_classifier/system/s1/s1.runs/impl_1/cls_wrapper_drc_opted.rpt.
report_drc completed successfully
INFO: [Timing 38-480] Writing timing data to binary archive.
Wrote PlaceDB: Time (s): cpu = 00:00:00 ; elapsed = 00:00:00.015 . Memory (MB): peak = 2797.301 ; gain = 0.000
Wrote PulsedLatchDB: Time (s): cpu = 00:00:00 ; elapsed = 00:00:00 . Memory (MB): peak = 2797.301 ; gain = 0.000
Writing XDEF routing.
Writing XDEF routing logical nets.
Writing XDEF routing special nets.
Wrote RouteStorage: Time (s): cpu = 00:00:01 ; elapsed = 00:00:00.169 . Memory (MB): peak = 2797.301 ; gain = 0.000
Wrote Netlist Cache: Time (s): cpu = 00:00:00 ; elapsed = 00:00:00.001 . Memory (MB): peak = 2797.301 ; gain = 0.000
Wrote Device Cache: Time (s): cpu = 00:00:00 ; elapsed = 00:00:00.013 . Memory (MB): peak = 2797.301 ; gain = 0.000
Write Physdb Complete: Time (s): cpu = 00:00:01 ; elapsed = 00:00:00.209 . Memory (MB): peak = 2797.301 ; gain = 0.000
Write ShapeDB Complete: Time (s): cpu = 00:00:01 ; elapsed = 00:00:00.257 . Memory (MB): peak = 2797.301 ; gain = 0.000
INFO: [Common 17-1381] The checkpoint 'C:/Users/kccistc/Documents/final_project/hls/arty_96_classifier/system/s1/s1.runs/impl_1/cls_wrapper_opt.dcp' has been generated.
write_checkpoint: Time (s): cpu = 00:00:08 ; elapsed = 00:00:07 . Memory (MB): peak = 2798.027 ; gain = 0.727
Command: place_design -directive Explore
Attempting to get a license for feature 'Implementation' and/or device 'xc7z020'
INFO: [Common 17-349] Got license for feature 'Implementation' and/or device 'xc7z020'
INFO: [Common 17-83] Releasing license: Implementation
INFO: [DRC 23-27] Running DRC with 2 threads
INFO: [Vivado_Tcl 4-198] DRC finished with 0 Errors
INFO: [Vivado_Tcl 4-199] Please refer to the DRC report (report_drc) for more information.
INFO: [Vivado_Tcl 4-2302] The placer was invoked with the 'Explore' directive.
Running DRC as a precondition to command place_design
INFO: [DRC 23-27] Running DRC with 2 threads
INFO: [Vivado_Tcl 4-198] DRC finished with 0 Errors
INFO: [Vivado_Tcl 4-199] Please refer to the DRC report (report_drc) for more information.
INFO: [Place 30-611] Multithreading enabled for place_design using a maximum of 2 CPUs

Starting Placer Task

Phase 1 Placer Initialization

Phase 1.1 Placer Initialization Netlist Sorting
Netlist sorting complete. Time (s): cpu = 00:00:00 ; elapsed = 00:00:00.028 . Memory (MB): peak = 2798.027 ; gain = 0.000
Phase 1.1 Placer Initialization Netlist Sorting | Checksum: fe752e7d

Time (s): cpu = 00:00:00 ; elapsed = 00:00:00.043 . Memory (MB): peak = 2798.027 ; gain = 0.000
Netlist sorting complete. Time (s): cpu = 00:00:00 ; elapsed = 00:00:00.021 . Memory (MB): peak = 2798.027 ; gain = 0.000

Phase 1.2 IO Placement/ Clock Placement/ Build Placer Device
INFO: [Timing 38-35] Done setting XDC timing constraints.
Phase 1.2 IO Placement/ Clock Placement/ Build Placer Device | Checksum: a3427ab9

Time (s): cpu = 00:00:11 ; elapsed = 00:00:10 . Memory (MB): peak = 2909.492 ; gain = 111.465

Phase 1.3 Build Placer Netlist Model
Phase 1.3 Build Placer Netlist Model | Checksum: 16c44b8b3

Time (s): cpu = 00:00:34 ; elapsed = 00:00:26 . Memory (MB): peak = 3354.469 ; gain = 556.441

Phase 1.4 Constrain Clocks/Macros
Phase 1.4 Constrain Clocks/Macros | Checksum: 16c44b8b3

Time (s): cpu = 00:00:34 ; elapsed = 00:00:26 . Memory (MB): peak = 3354.469 ; gain = 556.441
Phase 1 Placer Initialization | Checksum: 16c44b8b3

Time (s): cpu = 00:00:34 ; elapsed = 00:00:26 . Memory (MB): peak = 3354.469 ; gain = 556.441

Phase 2 Global Placement

Phase 2.1 Floorplanning
Phase 2.1 Floorplanning | Checksum: 14acdfc68

Time (s): cpu = 00:00:42 ; elapsed = 00:00:31 . Memory (MB): peak = 3354.469 ; gain = 556.441

Phase 2.2 Update Timing before SLR Path Opt
Phase 2.2 Update Timing before SLR Path Opt | Checksum: fd65710b

Time (s): cpu = 00:00:49 ; elapsed = 00:00:35 . Memory (MB): peak = 3354.469 ; gain = 556.441

Phase 2.3 Post-Processing in Floorplanning
Phase 2.3 Post-Processing in Floorplanning | Checksum: fd65710b

Time (s): cpu = 00:00:49 ; elapsed = 00:00:35 . Memory (MB): peak = 3354.469 ; gain = 556.441

Phase 2.4 Global Place Phase1
Phase 2.4 Global Place Phase1 | Checksum: 1158e403f

Time (s): cpu = 00:01:57 ; elapsed = 00:01:19 . Memory (MB): peak = 3354.469 ; gain = 556.441

Phase 2.5 Global Place Phase2

Phase 2.5.1 UpdateTiming Before Physical Synthesis
Phase 2.5.1 UpdateTiming Before Physical Synthesis | Checksum: 1024e2254

Time (s): cpu = 00:02:04 ; elapsed = 00:01:23 . Memory (MB): peak = 3354.469 ; gain = 556.441

Phase 2.5.2 Physical Synthesis In Placer
INFO: [Physopt 32-1035] Found 0 LUTNM shape to break, 2620 LUT instances to create LUTNM shape
INFO: [Physopt 32-1044] Break lutnm for timing: one critical 0, two critical 0, total 0, new lutff created 0
INFO: [Physopt 32-1138] End 1 Pass. Optimized 1106 nets or LUTs. Breaked 0 LUT, combined 1106 existing LUTs and moved 0 existing LUT
INFO: [Physopt 32-65] No nets found for high-fanout optimization.
INFO: [Physopt 32-232] Optimized 0 net. Created 0 new instance.
INFO: [Physopt 32-775] End 1 Pass. Optimized 0 net or cell. Created 0 new cell, deleted 0 existing cell and moved 0 existing cell
INFO: [Physopt 32-457] Pass 1. Identified 9 candidate cells for DSP register optimization.
INFO: [Physopt 32-665] Processed cell cls_i/conv_engine_0/inst/grp_conv_engine_Pipeline_MAC_REDUCE_MAC_KY_MAC_KX_fu_2282/mul_24s_8s_32_3_1_U282/buff0_reg. 16 registers were pushed out.
INFO: [Physopt 32-665] Processed cell cls_i/conv_engine_0/inst/grp_conv_engine_Pipeline_MAC_REDUCE_MAC_KY_MAC_KX_fu_2282/mul_24s_8s_32_3_1_U270/buff0_reg. 16 registers were pushed out.
INFO: [Physopt 32-665] Processed cell cls_i/conv_engine_0/inst/grp_conv_engine_Pipeline_MAC_REDUCE_MAC_KY_MAC_KX_fu_2282/mul_24s_8s_32_3_1_U317/buff0_reg. 16 registers were pushed out.
INFO: [Physopt 32-665] Processed cell cls_i/conv_engine_0/inst/grp_conv_engine_Pipeline_MAC_REDUCE_MAC_KY_MAC_KX_fu_2282/mul_24s_8s_32_3_1_U296/buff0_reg. 16 registers were pushed out.
INFO: [Physopt 32-665] Processed cell cls_i/conv_engine_0/inst/grp_conv_engine_Pipeline_MAC_REDUCE_MAC_KY_MAC_KX_fu_2282/mul_24s_8s_32_3_1_U284/buff0_reg. 16 registers were pushed out.
INFO: [Physopt 32-665] Processed cell cls_i/conv_engine_0/inst/grp_conv_engine_Pipeline_MAC_REDUCE_MAC_KY_MAC_KX_fu_2282/mul_24s_8s_32_3_1_U318/buff0_reg. 16 registers were pushed out.
INFO: [Physopt 32-665] Processed cell cls_i/conv_engine_0/inst/grp_conv_engine_Pipeline_MAC_REDUCE_MAC_KY_MAC_KX_fu_2282/mul_24s_8s_32_3_1_U309/buff0_reg. 16 registers were pushed out.
INFO: [Physopt 32-665] Processed cell cls_i/conv_engine_0/inst/grp_conv_engine_Pipeline_MAC_REDUCE_MAC_KY_MAC_KX_fu_2282/mul_24s_8s_32_3_1_U306/buff0_reg. 16 registers were pushed out.
INFO: [Physopt 32-665] Processed cell cls_i/conv_engine_0/inst/grp_conv_engine_Pipeline_MAC_REDUCE_MAC_KY_MAC_KX_fu_2282/mul_24s_8s_32_3_1_U277/buff0_reg. 16 registers were pushed out.
INFO: [Physopt 32-775] End 2 Pass. Optimized 9 nets or cells. Created 144 new cells, deleted 0 existing cell and moved 0 existing cell
Netlist sorting complete. Time (s): cpu = 00:00:00 ; elapsed = 00:00:00.044 . Memory (MB): peak = 3354.469 ; gain = 0.000
INFO: [Physopt 32-670] No setup violation found.  Shift Register to Pipeline Optimization was not performed.
INFO: [Physopt 32-670] No setup violation found.  Shift Register Optimization was not performed.
INFO: [Physopt 32-670] No setup violation found.  BRAM Register Optimization was not performed.
INFO: [Physopt 32-670] No setup violation found.  URAM Register Optimization was not performed.
INFO: [Physopt 32-949] No candidate nets found for dynamic/static region interface net replication
INFO: [Physopt 32-775] End 1 Pass. Optimized 0 net or cell. Created 0 new cell, deleted 0 existing cell and moved 0 existing cell
Netlist sorting complete. Time (s): cpu = 00:00:00 ; elapsed = 00:00:00.026 . Memory (MB): peak = 3354.469 ; gain = 0.000

Summary of Physical Synthesis Optimizations
============================================


-----------------------------------------------------------------------------------------------------------------------------------------------------------
|  Optimization                                     |  Added Cells  |  Removed Cells  |  Optimized Cells/Nets  |  Dont Touch  |  Iterations  |  Elapsed   |
-----------------------------------------------------------------------------------------------------------------------------------------------------------
|  LUT Combining                                    |            0  |           1106  |                  1106  |           0  |           1  |  00:00:02  |
|  Retime                                           |            0  |              0  |                     0  |           0  |           1  |  00:00:00  |
|  Very High Fanout                                 |            0  |              0  |                     0  |           0  |           1  |  00:00:00  |
|  DSP Register                                     |          144  |              0  |                     9  |           0  |           1  |  00:00:01  |
|  Shift Register to Pipeline                       |            0  |              0  |                     0  |           0  |           0  |  00:00:00  |
|  Shift Register                                   |            0  |              0  |                     0  |           0  |           0  |  00:00:00  |
|  BRAM Register                                    |            0  |              0  |                     0  |           0  |           0  |  00:00:00  |
|  URAM Register                                    |            0  |              0  |                     0  |           0  |           0  |  00:00:00  |
|  Dynamic/Static Region Interface Net Replication  |            0  |              0  |                     0  |           0  |           1  |  00:00:00  |
|  Total                                            |          144  |           1106  |                  1115  |           0  |           5  |  00:00:03  |
-----------------------------------------------------------------------------------------------------------------------------------------------------------


Phase 2.5.2 Physical Synthesis In Placer | Checksum: f37f77b5

Time (s): cpu = 00:02:14 ; elapsed = 00:01:31 . Memory (MB): peak = 3354.469 ; gain = 556.441
Phase 2.5 Global Place Phase2 | Checksum: 822d3e42

Time (s): cpu = 00:02:17 ; elapsed = 00:01:33 . Memory (MB): peak = 3354.469 ; gain = 556.441
Phase 2 Global Placement | Checksum: 822d3e42

Time (s): cpu = 00:02:17 ; elapsed = 00:01:33 . Memory (MB): peak = 3354.469 ; gain = 556.441

Phase 3 Detail Placement

Phase 3.1 Commit Multi Column Macros
Phase 3.1 Commit Multi Column Macros | Checksum: 10b6c9751

Time (s): cpu = 00:02:24 ; elapsed = 00:01:37 . Memory (MB): peak = 3354.469 ; gain = 556.441

Phase 3.2 Commit Most Macros & LUTRAMs
Phase 3.2 Commit Most Macros & LUTRAMs | Checksum: 13c84d9ee

Time (s): cpu = 00:02:41 ; elapsed = 00:01:49 . Memory (MB): peak = 3354.469 ; gain = 556.441

Phase 3.3 Area Swap Optimization
Phase 3.3 Area Swap Optimization | Checksum: 1fae71418

Time (s): cpu = 00:02:42 ; elapsed = 00:01:50 . Memory (MB): peak = 3354.469 ; gain = 556.441

Phase 3.4 Pipeline Register Optimization
Phase 3.4 Pipeline Register Optimization | Checksum: 1407dea59

Time (s): cpu = 00:02:42 ; elapsed = 00:01:50 . Memory (MB): peak = 3354.469 ; gain = 556.441

Phase 3.5 Fast Optimization
Phase 3.5 Fast Optimization | Checksum: 1ba820c12

Time (s): cpu = 00:03:00 ; elapsed = 00:02:00 . Memory (MB): peak = 3354.469 ; gain = 556.441

Phase 3.6 Small Shape Detail Placement
Phase 3.6 Small Shape Detail Placement | Checksum: f98903e0

Time (s): cpu = 00:03:19 ; elapsed = 00:02:22 . Memory (MB): peak = 3354.469 ; gain = 556.441

Phase 3.7 Re-assign LUT pins
Phase 3.7 Re-assign LUT pins | Checksum: 182494b59

Time (s): cpu = 00:03:22 ; elapsed = 00:02:24 . Memory (MB): peak = 3354.469 ; gain = 556.441

Phase 3.8 Pipeline Register Optimization
Phase 3.8 Pipeline Register Optimization | Checksum: de82ea0c

Time (s): cpu = 00:03:22 ; elapsed = 00:02:25 . Memory (MB): peak = 3354.469 ; gain = 556.441
Phase 3 Detail Placement | Checksum: de82ea0c

Time (s): cpu = 00:03:23 ; elapsed = 00:02:25 . Memory (MB): peak = 3354.469 ; gain = 556.441

Phase 4 Post Placement Optimization and Clean-Up

Phase 4.1 Post Commit Optimization
INFO: [Timing 38-35] Done setting XDC timing constraints.

Phase 4.1.1 Post Placement Optimization
Post Placement Optimization Initialization | Checksum: 10a690623

Phase 4.1.1.1 BUFG Insertion

Starting Physical Synthesis Task

Phase 1 Physical Synthesis Initialization
INFO: [Physopt 32-721] Multithreading enabled for phys_opt_design using a maximum of 2 CPUs
INFO: [Physopt 32-619] Estimated Timing Summary | WNS=-1.449 | TNS=-38.484 |
Phase 1 Physical Synthesis Initialization | Checksum: 1749e33fd

Time (s): cpu = 00:00:03 ; elapsed = 00:00:02 . Memory (MB): peak = 3354.469 ; gain = 0.000
INFO: [Place 46-33] Processed net cls_i/conv_engine_0/inst/WR_BUS_m_axi_U/bus_write/wreq_burst_conv/rs_req/SR[0], BUFG insertion was skipped due to placement/routing conflicts.
INFO: [Place 46-33] Processed net cls_i/conv_engine_0/inst/conv_engine_ap_uint_32_const_ap_uint_32_const_ap_uint_32_const_ap_int_32_const_ap_int_8_unsigned_short_unsigned_short_unsigned_short_unsigned_short_unsigned_char_unsigned_char_unsigned_char_int_unsigned_char_unsigned_char_bti_1_351_load_fu_4518_p10, BUFG insertion was skipped due to placement/routing conflicts.
INFO: [Place 46-33] Processed net cls_i/conv0_engine_0/inst/WR_BUS_m_axi_U/bus_write/wreq_burst_conv/rs_req/SR[0], BUFG insertion was skipped due to placement/routing conflicts.
INFO: [Place 46-33] Processed net cls_i/maxpool_engine_0/inst/WR_BUS_m_axi_U/bus_write/wreq_burst_conv/rs_req/SR[0], BUFG insertion was skipped due to placement/routing conflicts.
INFO: [Place 46-33] Processed net cls_i/conv_engine_0/inst/ap_CS_fsm_state60, BUFG insertion was skipped due to placement/routing conflicts.
INFO: [Place 46-33] Processed net cls_i/conv_engine_0/inst/ap_CS_fsm_state58, BUFG insertion was skipped due to placement/routing conflicts.
INFO: [Place 46-56] BUFG insertion identified 6 candidate nets. Inserted BUFG: 0, Replicated BUFG Driver: 0, Skipped due to Placement/Routing Conflicts: 6, Skipped due to Timing Degradation: 0, Skipped due to netlist editing failed: 0.
Ending Physical Synthesis Task | Checksum: 188fddce0

Time (s): cpu = 00:00:05 ; elapsed = 00:00:04 . Memory (MB): peak = 3354.469 ; gain = 0.000
Phase 4.1.1.1 BUFG Insertion | Checksum: 10a690623

Time (s): cpu = 00:03:51 ; elapsed = 00:02:44 . Memory (MB): peak = 3354.469 ; gain = 556.441

Phase 4.1.1.2 Post Placement Timing Optimization
INFO: [Place 30-746] Post Placement Timing Summary WNS=0.361. For the most accurate timing information please run report_timing.
Phase 4.1.1.2 Post Placement Timing Optimization | Checksum: d27fe99f

Time (s): cpu = 00:04:39 ; elapsed = 00:03:24 . Memory (MB): peak = 3354.469 ; gain = 556.441

Time (s): cpu = 00:04:39 ; elapsed = 00:03:24 . Memory (MB): peak = 3354.469 ; gain = 556.441
Phase 4.1 Post Commit Optimization | Checksum: d27fe99f

Time (s): cpu = 00:04:40 ; elapsed = 00:03:24 . Memory (MB): peak = 3354.469 ; gain = 556.441

Phase 4.2 Post Placement Cleanup
Phase 4.2 Post Placement Cleanup | Checksum: d27fe99f

Time (s): cpu = 00:04:41 ; elapsed = 00:03:25 . Memory (MB): peak = 3354.469 ; gain = 556.441

Phase 4.3 Placer Reporting

Phase 4.3.1 Print Estimated Congestion
INFO: [Place 30-612] Post-Placement Estimated Congestion 
 ____________________________________________________
|           | Global Congestion | Short Congestion  |
| Direction | Region Size       | Region Size       |
|___________|___________________|___________________|
|      North|                2x2|                8x8|
|___________|___________________|___________________|
|      South|                2x2|                8x8|
|___________|___________________|___________________|
|       East|                4x4|                4x4|
|___________|___________________|___________________|
|       West|                8x8|                4x4|
|___________|___________________|___________________|

Phase 4.3.1 Print Estimated Congestion | Checksum: d27fe99f

Time (s): cpu = 00:04:41 ; elapsed = 00:03:25 . Memory (MB): peak = 3354.469 ; gain = 556.441
Phase 4.3 Placer Reporting | Checksum: d27fe99f

Time (s): cpu = 00:04:42 ; elapsed = 00:03:25 . Memory (MB): peak = 3354.469 ; gain = 556.441

Phase 4.4 Final Placement Cleanup
Netlist sorting complete. Time (s): cpu = 00:00:00 ; elapsed = 00:00:00.061 . Memory (MB): peak = 3354.469 ; gain = 0.000

Time (s): cpu = 00:04:42 ; elapsed = 00:03:26 . Memory (MB): peak = 3354.469 ; gain = 556.441
Phase 4 Post Placement Optimization and Clean-Up | Checksum: 12d835ee2

Time (s): cpu = 00:04:42 ; elapsed = 00:03:26 . Memory (MB): peak = 3354.469 ; gain = 556.441
Ending Placer Task | Checksum: ee967ad5

Time (s): cpu = 00:04:43 ; elapsed = 00:03:26 . Memory (MB): peak = 3354.469 ; gain = 556.441
98 Infos, 1 Warnings, 0 Critical Warnings and 0 Errors encountered.
place_design completed successfully
place_design: Time (s): cpu = 00:04:48 ; elapsed = 00:03:29 . Memory (MB): peak = 3354.469 ; gain = 556.441
INFO: [Vivado 12-24838] Running report commands "report_control_sets, report_io, report_utilization" in parallel.
Running report generation with 2 threads.
INFO: [Vivado 12-24828] Executing command : report_io -file cls_wrapper_io_placed.rpt
report_io: Time (s): cpu = 00:00:00 ; elapsed = 00:00:00.057 . Memory (MB): peak = 3354.469 ; gain = 0.000
INFO: [Vivado 12-24828] Executing command : report_control_sets -verbose -file cls_wrapper_control_sets_placed.rpt
report_control_sets: Time (s): cpu = 00:00:01 ; elapsed = 00:00:00.202 . Memory (MB): peak = 3354.469 ; gain = 0.000
INFO: [Vivado 12-24828] Executing command : report_utilization -file cls_wrapper_utilization_placed.rpt -pb cls_wrapper_utilization_placed.pb
INFO: [Timing 38-480] Writing timing data to binary archive.
Write ShapeDB Complete: Time (s): cpu = 00:00:02 ; elapsed = 00:00:00.376 . Memory (MB): peak = 3354.469 ; gain = 0.000
Wrote PlaceDB: Time (s): cpu = 00:00:14 ; elapsed = 00:00:05 . Memory (MB): peak = 3354.469 ; gain = 0.000
Wrote PulsedLatchDB: Time (s): cpu = 00:00:00 ; elapsed = 00:00:00 . Memory (MB): peak = 3354.469 ; gain = 0.000
Writing XDEF routing.
Writing XDEF routing logical nets.
Writing XDEF routing special nets.
Wrote RouteStorage: Time (s): cpu = 00:00:00 ; elapsed = 00:00:00.098 . Memory (MB): peak = 3354.469 ; gain = 0.000
Wrote Netlist Cache: Time (s): cpu = 00:00:00 ; elapsed = 00:00:00.109 . Memory (MB): peak = 3354.469 ; gain = 0.000
Wrote Device Cache: Time (s): cpu = 00:00:00 ; elapsed = 00:00:00.009 . Memory (MB): peak = 3354.469 ; gain = 0.000
Write Physdb Complete: Time (s): cpu = 00:00:14 ; elapsed = 00:00:06 . Memory (MB): peak = 3354.469 ; gain = 0.000
INFO: [Common 17-1381] The checkpoint 'C:/Users/kccistc/Documents/final_project/hls/arty_96_classifier/system/s1/s1.runs/impl_1/cls_wrapper_placed.dcp' has been generated.
write_checkpoint: Time (s): cpu = 00:00:22 ; elapsed = 00:00:12 . Memory (MB): peak = 3354.469 ; gain = 0.000
Command: phys_opt_design -directive Explore
Attempting to get a license for feature 'Implementation' and/or device 'xc7z020'
INFO: [Common 17-349] Got license for feature 'Implementation' and/or device 'xc7z020'
INFO: [Vivado_Tcl 4-137] Directive used for phys_opt_design is: Explore

Starting Initial Update Timing Task

Time (s): cpu = 00:00:16 ; elapsed = 00:00:10 . Memory (MB): peak = 3354.469 ; gain = 0.000
INFO: [Vivado_Tcl 4-2279] Estimated Timing Summary | WNS= 0.365 | TNS= 0.000 | 
INFO: [Vivado_Tcl 4-383] Design worst setup slack (WNS) is greater than or equal to 0.000 ns. All physical synthesis setup optimizations will be skipped.
INFO: [Vivado_Tcl 4-232] No setup violation found. The netlist was not modified.
INFO: [Common 17-83] Releasing license: Implementation
110 Infos, 1 Warnings, 0 Critical Warnings and 0 Errors encountered.
phys_opt_design completed successfully
phys_opt_design: Time (s): cpu = 00:00:16 ; elapsed = 00:00:10 . Memory (MB): peak = 3354.469 ; gain = 0.000
INFO: [Timing 38-480] Writing timing data to binary archive.
Write ShapeDB Complete: Time (s): cpu = 00:00:01 ; elapsed = 00:00:00.366 . Memory (MB): peak = 3388.785 ; gain = 34.316
Wrote PlaceDB: Time (s): cpu = 00:00:13 ; elapsed = 00:00:06 . Memory (MB): peak = 3391.402 ; gain = 36.934
Wrote PulsedLatchDB: Time (s): cpu = 00:00:00 ; elapsed = 00:00:00 . Memory (MB): peak = 3391.402 ; gain = 0.000
Writing XDEF routing.
Writing XDEF routing logical nets.
Writing XDEF routing special nets.
Wrote RouteStorage: Time (s): cpu = 00:00:01 ; elapsed = 00:00:00.097 . Memory (MB): peak = 3391.402 ; gain = 0.000
Wrote Netlist Cache: Time (s): cpu = 00:00:00 ; elapsed = 00:00:00.124 . Memory (MB): peak = 3391.402 ; gain = 0.000
Wrote Device Cache: Time (s): cpu = 00:00:00 ; elapsed = 00:00:00.009 . Memory (MB): peak = 3391.402 ; gain = 0.000
Write Physdb Complete: Time (s): cpu = 00:00:14 ; elapsed = 00:00:06 . Memory (MB): peak = 3391.402 ; gain = 36.934
INFO: [Common 17-1381] The checkpoint 'C:/Users/kccistc/Documents/final_project/hls/arty_96_classifier/system/s1/s1.runs/impl_1/cls_wrapper_physopt.dcp' has been generated.
write_checkpoint: Time (s): cpu = 00:00:17 ; elapsed = 00:00:09 . Memory (MB): peak = 3391.402 ; gain = 36.934
Command: route_design -directive NoTimingRelaxation -tns_cleanup
Attempting to get a license for feature 'Implementation' and/or device 'xc7z020'
INFO: [Common 17-349] Got license for feature 'Implementation' and/or device 'xc7z020'


Starting Routing Task
INFO: [Route 35-270] Using Router directive 'NoTimingRelaxation'.
INFO: [Route 35-254] Multithreading enabled for route_design using a maximum of 2 CPUs

Phase 1 Build RT Design
Checksum: PlaceDB: 116bae70 ConstDB: 0 ShapeSum: c7315975 RouteDB: 15f972f0
Post Restoration Checksum: NetGraph: 6ed1de69 | NumContArr: 91e9949d | Constraints: c2a8fa9d | Timing: c2a8fa9d
Phase 1 Build RT Design | Checksum: 2860d6840

Time (s): cpu = 00:00:40 ; elapsed = 00:00:28 . Memory (MB): peak = 3471.246 ; gain = 79.844

Phase 2 Router Initialization

Phase 2.1 Fix Topology Constraints
Phase 2.1 Fix Topology Constraints | Checksum: 2860d6840

Time (s): cpu = 00:00:41 ; elapsed = 00:00:28 . Memory (MB): peak = 3471.246 ; gain = 79.844

Phase 2.2 Pre Route Cleanup
Phase 2.2 Pre Route Cleanup | Checksum: 2860d6840

Time (s): cpu = 00:00:42 ; elapsed = 00:00:28 . Memory (MB): peak = 3471.246 ; gain = 79.844
 Number of Nodes with overlaps = 0

Phase 2.3 Update Timing
Phase 2.3 Update Timing | Checksum: 23908ae05

Time (s): cpu = 00:01:10 ; elapsed = 00:00:46 . Memory (MB): peak = 3564.840 ; gain = 173.438
INFO: [Route 35-416] Intermediate Timing Summary | WNS=0.492  | TNS=0.000  | WHS=-0.332 | THS=-702.832|


Router Utilization Summary
  Global Vertical Routing Utilization    = 0 %
  Global Horizontal Routing Utilization  = 0 %
  Routable Net Status*
  *Does not include unroutable nets such as driverless and loadless.
  Run report_route_status for detailed report.
  Number of Failed Nets               = 79741
    (Failed Nets is the sum of unrouted and partially routed nets)
  Number of Unrouted Nets             = 79740
  Number of Partially Routed Nets     = 1
  Number of Node Overlaps             = 0

Phase 2 Router Initialization | Checksum: 21619426a

Time (s): cpu = 00:01:23 ; elapsed = 00:00:54 . Memory (MB): peak = 3789.801 ; gain = 398.398

Phase 3 Global Routing
Phase 3 Global Routing | Checksum: 21619426a

Time (s): cpu = 00:01:23 ; elapsed = 00:00:55 . Memory (MB): peak = 3789.801 ; gain = 398.398

Phase 4 Initial Routing

Phase 4.1 Initial Net Routing Pass
Phase 4.1 Initial Net Routing Pass | Checksum: 293542003

Time (s): cpu = 00:01:50 ; elapsed = 00:01:09 . Memory (MB): peak = 3789.801 ; gain = 398.398
Phase 4 Initial Routing | Checksum: 293542003

Time (s): cpu = 00:01:50 ; elapsed = 00:01:09 . Memory (MB): peak = 3789.801 ; gain = 398.398

Phase 5 Rip-up And Reroute

Phase 5.1 Global Iteration 0
 Number of Nodes with overlaps = 20606
 Number of Nodes with overlaps = 5144
 Number of Nodes with overlaps = 2023
 Number of Nodes with overlaps = 966
 Number of Nodes with overlaps = 439
 Number of Nodes with overlaps = 195
 Number of Nodes with overlaps = 91
 Number of Nodes with overlaps = 30
 Number of Nodes with overlaps = 7
 Number of Nodes with overlaps = 5
 Number of Nodes with overlaps = 2
 Number of Nodes with overlaps = 2
 Number of Nodes with overlaps = 1
 Number of Nodes with overlaps = 0
INFO: [Route 35-416] Intermediate Timing Summary | WNS=0.106  | TNS=0.000  | WHS=N/A    | THS=N/A    |

Phase 5.1 Global Iteration 0 | Checksum: 193ef2d2c

Time (s): cpu = 00:05:50 ; elapsed = 00:03:38 . Memory (MB): peak = 3789.801 ; gain = 398.398

Phase 5.2 Global Iteration 1
 Number of Nodes with overlaps = 15
 Number of Nodes with overlaps = 33
 Number of Nodes with overlaps = 7
 Number of Nodes with overlaps = 3
 Number of Nodes with overlaps = 0
INFO: [Route 35-416] Intermediate Timing Summary | WNS=0.094  | TNS=0.000  | WHS=N/A    | THS=N/A    |

Phase 5.2 Global Iteration 1 | Checksum: 1cbbe55a2

Time (s): cpu = 00:05:57 ; elapsed = 00:03:45 . Memory (MB): peak = 3789.801 ; gain = 398.398
Phase 5 Rip-up And Reroute | Checksum: 1cbbe55a2

Time (s): cpu = 00:05:57 ; elapsed = 00:03:45 . Memory (MB): peak = 3789.801 ; gain = 398.398

Phase 6 Delay and Skew Optimization

Phase 6.1 TNS Cleanup

Phase 6.1.1 Delay CleanUp
Phase 6.1.1 Delay CleanUp | Checksum: 1cbbe55a2

Time (s): cpu = 00:05:58 ; elapsed = 00:03:45 . Memory (MB): peak = 3789.801 ; gain = 398.398
Phase 6.1 TNS Cleanup | Checksum: 1cbbe55a2

Time (s): cpu = 00:05:58 ; elapsed = 00:03:45 . Memory (MB): peak = 3789.801 ; gain = 398.398

Phase 6.2 Clock Skew Optimization
Phase 6.2 Clock Skew Optimization | Checksum: 1cbbe55a2

Time (s): cpu = 00:05:58 ; elapsed = 00:03:45 . Memory (MB): peak = 3789.801 ; gain = 398.398
Phase 6 Delay and Skew Optimization | Checksum: 1cbbe55a2

Time (s): cpu = 00:05:58 ; elapsed = 00:03:45 . Memory (MB): peak = 3789.801 ; gain = 398.398

Phase 7 Post Hold Fix

Phase 7.1 Hold Fix Iter
INFO: [Route 35-416] Intermediate Timing Summary | WNS=0.190  | TNS=0.000  | WHS=0.012  | THS=0.000  |

Phase 7.1 Hold Fix Iter | Checksum: 27a470a57

Time (s): cpu = 00:06:05 ; elapsed = 00:03:49 . Memory (MB): peak = 3789.801 ; gain = 398.398
Phase 7 Post Hold Fix | Checksum: 27a470a57

Time (s): cpu = 00:06:05 ; elapsed = 00:03:49 . Memory (MB): peak = 3789.801 ; gain = 398.398

Phase 8 Route finalize

Router Utilization Summary
  Global Vertical Routing Utilization    = 32.6564 %
  Global Horizontal Routing Utilization  = 42.3793 %
  Routable Net Status*
  *Does not include unroutable nets such as driverless and loadless.
  Run report_route_status for detailed report.
  Number of Failed Nets               = 0
    (Failed Nets is the sum of unrouted and partially routed nets)
  Number of Unrouted Nets             = 0
  Number of Partially Routed Nets     = 0
  Number of Node Overlaps             = 0

Phase 8 Route finalize | Checksum: 27a470a57

Time (s): cpu = 00:06:06 ; elapsed = 00:03:50 . Memory (MB): peak = 3789.801 ; gain = 398.398

Phase 9 Verifying routed nets

 Verification completed successfully
Phase 9 Verifying routed nets | Checksum: 27a470a57

Time (s): cpu = 00:06:06 ; elapsed = 00:03:50 . Memory (MB): peak = 3789.801 ; gain = 398.398

Phase 10 Depositing Routes
Phase 10 Depositing Routes | Checksum: 21dd3bc31

Time (s): cpu = 00:06:12 ; elapsed = 00:03:54 . Memory (MB): peak = 3789.801 ; gain = 398.398

Phase 11 Post Process Routing
Phase 11 Post Process Routing | Checksum: 21dd3bc31

Time (s): cpu = 00:06:12 ; elapsed = 00:03:54 . Memory (MB): peak = 3789.801 ; gain = 398.398

Phase 12 Post Router Timing
INFO: [Route 35-20] Post Routing Timing Summary | WNS=0.197  | TNS=0.000  | WHS=0.013  | THS=0.000  |

Phase 12 Post Router Timing | Checksum: 20417ca43

Time (s): cpu = 00:06:41 ; elapsed = 00:04:10 . Memory (MB): peak = 3789.801 ; gain = 398.398
INFO: [Route 35-61] The design met the timing requirement.
Total Elapsed time in route_design: 249.782 secs

Phase 13 Post-Route Event Processing
Phase 13 Post-Route Event Processing | Checksum: 145c91926

Time (s): cpu = 00:06:41 ; elapsed = 00:04:10 . Memory (MB): peak = 3789.801 ; gain = 398.398
INFO: [Route 35-16] Router Completed Successfully
Ending Routing Task | Checksum: 145c91926

Time (s): cpu = 00:06:43 ; elapsed = 00:04:11 . Memory (MB): peak = 3789.801 ; gain = 398.398

Routing Is Done.
INFO: [Common 17-83] Releasing license: Implementation
123 Infos, 1 Warnings, 0 Critical Warnings and 0 Errors encountered.
route_design completed successfully
route_design: Time (s): cpu = 00:06:43 ; elapsed = 00:04:11 . Memory (MB): peak = 3789.801 ; gain = 398.398
INFO: [Vivado 12-24828] Executing command : report_drc -file cls_wrapper_drc_routed.rpt -pb cls_wrapper_drc_routed.pb -rpx cls_wrapper_drc_routed.rpx
Command: report_drc -file cls_wrapper_drc_routed.rpt -pb cls_wrapper_drc_routed.pb -rpx cls_wrapper_drc_routed.rpx
INFO: [IP_Flow 19-1839] IP Catalog is up to date.
INFO: [DRC 23-27] Running DRC with 2 threads
INFO: [Vivado_Tcl 2-168] The results of DRC are in file C:/Users/kccistc/Documents/final_project/hls/arty_96_classifier/system/s1/s1.runs/impl_1/cls_wrapper_drc_routed.rpt.
report_drc completed successfully
report_drc: Time (s): cpu = 00:00:17 ; elapsed = 00:00:09 . Memory (MB): peak = 3789.801 ; gain = 0.000
INFO: [Vivado 12-24828] Executing command : report_methodology -file cls_wrapper_methodology_drc_routed.rpt -pb cls_wrapper_methodology_drc_routed.pb -rpx cls_wrapper_methodology_drc_routed.rpx
Command: report_methodology -file cls_wrapper_methodology_drc_routed.rpt -pb cls_wrapper_methodology_drc_routed.pb -rpx cls_wrapper_methodology_drc_routed.rpx
INFO: [Timing 38-35] Done setting XDC timing constraints.
INFO: [DRC 23-133] Running Methodology with 2 threads
INFO: [Vivado_Tcl 2-1520] The results of Report Methodology are in file C:/Users/kccistc/Documents/final_project/hls/arty_96_classifier/system/s1/s1.runs/impl_1/cls_wrapper_methodology_drc_routed.rpt.
report_methodology completed successfully
report_drc: Time (s): cpu = 00:00:44 ; elapsed = 00:00:25 . Memory (MB): peak = 3789.801 ; gain = 0.000
INFO: [Vivado 12-24828] Executing command : report_timing_summary -max_paths 10 -report_unconstrained -file cls_wrapper_timing_summary_routed.rpt -pb cls_wrapper_timing_summary_routed.pb -rpx cls_wrapper_timing_summary_routed.rpx
INFO: [Timing 38-35] Done setting XDC timing constraints.
INFO: [Timing 38-91] UpdateTimingParams: Speed grade: -1, Delay Type: min_max.
INFO: [Timing 38-191] Multithreading enabled for timing update using a maximum of 2 CPUs
report_timing_summary: Time (s): cpu = 00:00:16 ; elapsed = 00:00:11 . Memory (MB): peak = 3789.801 ; gain = 0.000
INFO: [Vivado 12-24838] Running report commands "report_incremental_reuse, report_route_status" in parallel.
Running report generation with 2 threads.
INFO: [Vivado 12-24828] Executing command : report_incremental_reuse -file cls_wrapper_incremental_reuse_routed.rpt
INFO: [Vivado_Tcl 4-1062] Incremental flow is disabled. No incremental reuse Info to report.
INFO: [Vivado 12-24828] Executing command : report_route_status -file cls_wrapper_route_status.rpt -pb cls_wrapper_route_status.pb
INFO: [Vivado 12-24828] Executing command : report_power -file cls_wrapper_power_routed.rpt -pb cls_wrapper_power_summary_routed.pb -rpx cls_wrapper_power_routed.rpx
Command: report_power -file cls_wrapper_power_routed.rpt -pb cls_wrapper_power_summary_routed.pb -rpx cls_wrapper_power_routed.rpx
Running Vector-less Activity Propagation...

Finished Running Vector-less Activity Propagation
140 Infos, 1 Warnings, 0 Critical Warnings and 0 Errors encountered.
report_power completed successfully
report_power: Time (s): cpu = 00:00:19 ; elapsed = 00:00:11 . Memory (MB): peak = 3789.801 ; gain = 0.000
INFO: [Vivado 12-24828] Executing command : report_clock_utilization -file cls_wrapper_clock_utilization_routed.rpt
INFO: [Vivado 12-24828] Executing command : report_bus_skew -warn_on_violation -file cls_wrapper_bus_skew_routed.rpt -pb cls_wrapper_bus_skew_routed.pb -rpx cls_wrapper_bus_skew_routed.rpx
INFO: [Timing 38-91] UpdateTimingParams: Speed grade: -1, Delay Type: min_max.
INFO: [Timing 38-191] Multithreading enabled for timing update using a maximum of 2 CPUs
generate_parallel_reports: Time (s): cpu = 00:01:40 ; elapsed = 00:00:59 . Memory (MB): peak = 3789.801 ; gain = 0.000
INFO: [Timing 38-480] Writing timing data to binary archive.
Write ShapeDB Complete: Time (s): cpu = 00:00:01 ; elapsed = 00:00:00.311 . Memory (MB): peak = 3789.801 ; gain = 0.000
Wrote PlaceDB: Time (s): cpu = 00:00:13 ; elapsed = 00:00:05 . Memory (MB): peak = 3789.801 ; gain = 0.000
Wrote PulsedLatchDB: Time (s): cpu = 00:00:00 ; elapsed = 00:00:00 . Memory (MB): peak = 3789.801 ; gain = 0.000
Writing XDEF routing.
Writing XDEF routing logical nets.
Writing XDEF routing special nets.
Wrote RouteStorage: Time (s): cpu = 00:00:01 ; elapsed = 00:00:00.651 . Memory (MB): peak = 3789.801 ; gain = 0.000
Wrote Netlist Cache: Time (s): cpu = 00:00:00 ; elapsed = 00:00:00.111 . Memory (MB): peak = 3789.801 ; gain = 0.000
Wrote Device Cache: Time (s): cpu = 00:00:00 ; elapsed = 00:00:00.010 . Memory (MB): peak = 3789.801 ; gain = 0.000
Write Physdb Complete: Time (s): cpu = 00:00:14 ; elapsed = 00:00:06 . Memory (MB): peak = 3789.801 ; gain = 0.000
INFO: [Common 17-1381] The checkpoint 'C:/Users/kccistc/Documents/final_project/hls/arty_96_classifier/system/s1/s1.runs/impl_1/cls_wrapper_routed.dcp' has been generated.
write_checkpoint: Time (s): cpu = 00:00:16 ; elapsed = 00:00:09 . Memory (MB): peak = 3789.801 ; gain = 0.000
Command: phys_opt_design -directive Explore
Attempting to get a license for feature 'Implementation' and/or device 'xc7z020'
INFO: [Common 17-349] Got license for feature 'Implementation' and/or device 'xc7z020'
INFO: [Vivado_Tcl 4-241] Physical synthesis in post route mode 
INFO: [Vivado_Tcl 4-137] Directive used for phys_opt_design is: Explore
INFO: [Vivado_Tcl 4-2279] Estimated Timing Summary | WNS= 0.197 | TNS= 0.000 | 
INFO: [Vivado_Tcl 4-383] Design worst setup slack (WNS) is greater than or equal to 0.000 ns. All physical synthesis setup optimizations will be skipped.
INFO: [Vivado_Tcl 4-232] No setup violation found. The netlist was not modified.
INFO: [Common 17-83] Releasing license: Implementation
153 Infos, 1 Warnings, 0 Critical Warnings and 0 Errors encountered.
phys_opt_design completed successfully
INFO: [Vivado 12-24828] Executing command : report_timing_summary -max_paths 10 -report_unconstrained -warn_on_violation -file cls_wrapper_timing_summary_postroute_physopted.rpt -pb cls_wrapper_timing_summary_postroute_physopted.pb -rpx cls_wrapper_timing_summary_postroute_physopted.rpx
INFO: [Timing 38-91] UpdateTimingParams: Speed grade: -1, Delay Type: min_max.
INFO: [Timing 38-191] Multithreading enabled for timing update using a maximum of 2 CPUs
INFO: [Vivado 12-24828] Executing command : report_bus_skew -warn_on_violation -file cls_wrapper_bus_skew_postroute_physopted.rpt -pb cls_wrapper_bus_skew_postroute_physopted.pb -rpx cls_wrapper_bus_skew_postroute_physopted.rpx
INFO: [Timing 38-91] UpdateTimingParams: Speed grade: -1, Delay Type: min_max.
INFO: [Timing 38-191] Multithreading enabled for timing update using a maximum of 2 CPUs
INFO: [Timing 38-480] Writing timing data to binary archive.
Write ShapeDB Complete: Time (s): cpu = 00:00:02 ; elapsed = 00:00:00.365 . Memory (MB): peak = 3791.957 ; gain = 2.156
Wrote PlaceDB: Time (s): cpu = 00:00:14 ; elapsed = 00:00:05 . Memory (MB): peak = 3794.547 ; gain = 4.746
Wrote PulsedLatchDB: Time (s): cpu = 00:00:00 ; elapsed = 00:00:00 . Memory (MB): peak = 3794.547 ; gain = 0.000
Writing XDEF routing.
Writing XDEF routing logical nets.
Writing XDEF routing special nets.
Wrote RouteStorage: Time (s): cpu = 00:00:01 ; elapsed = 00:00:00.638 . Memory (MB): peak = 3794.547 ; gain = 0.000
Wrote Netlist Cache: Time (s): cpu = 00:00:00 ; elapsed = 00:00:00.121 . Memory (MB): peak = 3794.547 ; gain = 0.000
Wrote Device Cache: Time (s): cpu = 00:00:00 ; elapsed = 00:00:00.007 . Memory (MB): peak = 3794.547 ; gain = 0.000
Write Physdb Complete: Time (s): cpu = 00:00:15 ; elapsed = 00:00:06 . Memory (MB): peak = 3794.547 ; gain = 4.746
INFO: [Common 17-1381] The checkpoint 'C:/Users/kccistc/Documents/final_project/hls/arty_96_classifier/system/s1/s1.runs/impl_1/cls_wrapper_postroute_physopt.dcp' has been generated.
write_checkpoint: Time (s): cpu = 00:00:17 ; elapsed = 00:00:09 . Memory (MB): peak = 3794.547 ; gain = 4.746
INFO: [Memdata 28-167] Found XPM memory block cls_i/smartconnect_hp0/inst/s06_nodes/s06_w_node/inst/inst_mi_handler/gen_normal_area.inst_fifo_node_payld/gen_xpm_memory_fifo.inst_fifo/gen_mem_rep[0].inst_xpm_memory/xpm_memory_base_inst with a P_MEMORY_PRIMITIVE property set to distributed. A value of block is required. You will not be able to use the updatemem program to update the bitstream with new data for the cls_i/smartconnect_hp0/inst/s06_nodes/s06_w_node/inst/inst_mi_handler/gen_normal_area.inst_fifo_node_payld/gen_xpm_memory_fifo.inst_fifo/gen_mem_rep[0].inst_xpm_memory/xpm_memory_base_inst block.
INFO: [Memdata 28-167] Found XPM memory block cls_i/smartconnect_hp0/inst/s06_nodes/s06_w_node/inst/inst_mi_handler/gen_normal_area.gen_fifo_req.inst_fifo_req/gen_xpm_memory_fifo.inst_fifo/gen_mem_rep[0].inst_xpm_memory/xpm_memory_base_inst with a P_MEMORY_PRIMITIVE property set to distributed. A value of block is required. You will not be able to use the updatemem program to update the bitstream with new data for the cls_i/smartconnect_hp0/inst/s06_nodes/s06_w_node/inst/inst_mi_handler/gen_normal_area.gen_fifo_req.inst_fifo_req/gen_xpm_memory_fifo.inst_fifo/gen_mem_rep[0].inst_xpm_memory/xpm_memory_base_inst block.
INFO: [Memdata 28-167] Found XPM memory block cls_i/smartconnect_hp0/inst/s06_nodes/s06_aw_node/inst/inst_mi_handler/gen_normal_area.inst_fifo_node_payld/gen_xpm_memory_fifo.inst_fifo/gen_mem_rep[0].inst_xpm_memory/xpm_memory_base_inst with a P_MEMORY_PRIMITIVE property set to distributed. A value of block is required. You will not be able to use the updatemem program to update the bitstream with new data for the cls_i/smartconnect_hp0/inst/s06_nodes/s06_aw_node/inst/inst_mi_handler/gen_normal_area.inst_fifo_node_payld/gen_xpm_memory_fifo.inst_fifo/gen_mem_rep[0].inst_xpm_memory/xpm_memory_base_inst block.
INFO: [Memdata 28-167] Found XPM memory block cls_i/smartconnect_hp0/inst/s05_nodes/s05_r_node/inst/inst_mi_handler/gen_normal_area.inst_fifo_node_payld/gen_xpm_memory_fifo.inst_fifo/gen_mem_rep[0].inst_xpm_memory/xpm_memory_base_inst with a P_MEMORY_PRIMITIVE property set to distributed. A value of block is required. You will not be able to use the updatemem program to update the bitstream with new data for the cls_i/smartconnect_hp0/inst/s05_nodes/s05_r_node/inst/inst_mi_handler/gen_normal_area.inst_fifo_node_payld/gen_xpm_memory_fifo.inst_fifo/gen_mem_rep[0].inst_xpm_memory/xpm_memory_base_inst block.
INFO: [Memdata 28-167] Found XPM memory block cls_i/smartconnect_hp0/inst/s05_nodes/s05_ar_node/inst/inst_mi_handler/gen_normal_area.inst_fifo_node_payld/gen_xpm_memory_fifo.inst_fifo/gen_mem_rep[0].inst_xpm_memory/xpm_memory_base_inst with a P_MEMORY_PRIMITIVE property set to distributed. A value of block is required. You will not be able to use the updatemem program to update the bitstream with new data for the cls_i/smartconnect_hp0/inst/s05_nodes/s05_ar_node/inst/inst_mi_handler/gen_normal_area.inst_fifo_node_payld/gen_xpm_memory_fifo.inst_fifo/gen_mem_rep[0].inst_xpm_memory/xpm_memory_base_inst block.
INFO: [Memdata 28-167] Found XPM memory block cls_i/smartconnect_hp0/inst/s04_nodes/s04_w_node/inst/inst_mi_handler/gen_normal_area.inst_fifo_node_payld/gen_xpm_memory_fifo.inst_fifo/gen_mem_rep[0].inst_xpm_memory/xpm_memory_base_inst with a P_MEMORY_PRIMITIVE property set to distributed. A value of block is required. You will not be able to use the updatemem program to update the bitstream with new data for the cls_i/smartconnect_hp0/inst/s04_nodes/s04_w_node/inst/inst_mi_handler/gen_normal_area.inst_fifo_node_payld/gen_xpm_memory_fifo.inst_fifo/gen_mem_rep[0].inst_xpm_memory/xpm_memory_base_inst block.
INFO: [Memdata 28-167] Found XPM memory block cls_i/smartconnect_hp0/inst/s04_nodes/s04_w_node/inst/inst_mi_handler/gen_normal_area.gen_fifo_req.inst_fifo_req/gen_xpm_memory_fifo.inst_fifo/gen_mem_rep[0].inst_xpm_memory/xpm_memory_base_inst with a P_MEMORY_PRIMITIVE property set to distributed. A value of block is required. You will not be able to use the updatemem program to update the bitstream with new data for the cls_i/smartconnect_hp0/inst/s04_nodes/s04_w_node/inst/inst_mi_handler/gen_normal_area.gen_fifo_req.inst_fifo_req/gen_xpm_memory_fifo.inst_fifo/gen_mem_rep[0].inst_xpm_memory/xpm_memory_base_inst block.
INFO: [Memdata 28-167] Found XPM memory block cls_i/smartconnect_hp0/inst/s04_nodes/s04_aw_node/inst/inst_mi_handler/gen_normal_area.inst_fifo_node_payld/gen_xpm_memory_fifo.inst_fifo/gen_mem_rep[0].inst_xpm_memory/xpm_memory_base_inst with a P_MEMORY_PRIMITIVE property set to distributed. A value of block is required. You will not be able to use the updatemem program to update the bitstream with new data for the cls_i/smartconnect_hp0/inst/s04_nodes/s04_aw_node/inst/inst_mi_handler/gen_normal_area.inst_fifo_node_payld/gen_xpm_memory_fifo.inst_fifo/gen_mem_rep[0].inst_xpm_memory/xpm_memory_base_inst block.
INFO: [Memdata 28-167] Found XPM memory block cls_i/smartconnect_hp0/inst/s03_nodes/s03_r_node/inst/inst_mi_handler/gen_normal_area.inst_fifo_node_payld/gen_xpm_memory_fifo.inst_fifo/gen_mem_rep[0].inst_xpm_memory/xpm_memory_base_inst with a P_MEMORY_PRIMITIVE property set to distributed. A value of block is required. You will not be able to use the updatemem program to update the bitstream with new data for the cls_i/smartconnect_hp0/inst/s03_nodes/s03_r_node/inst/inst_mi_handler/gen_normal_area.inst_fifo_node_payld/gen_xpm_memory_fifo.inst_fifo/gen_mem_rep[0].inst_xpm_memory/xpm_memory_base_inst block.
INFO: [Memdata 28-167] Found XPM memory block cls_i/smartconnect_hp0/inst/s03_nodes/s03_ar_node/inst/inst_mi_handler/gen_normal_area.inst_fifo_node_payld/gen_xpm_memory_fifo.inst_fifo/gen_mem_rep[0].inst_xpm_memory/xpm_memory_base_inst with a P_MEMORY_PRIMITIVE property set to distributed. A value of block is required. You will not be able to use the updatemem program to update the bitstream with new data for the cls_i/smartconnect_hp0/inst/s03_nodes/s03_ar_node/inst/inst_mi_handler/gen_normal_area.inst_fifo_node_payld/gen_xpm_memory_fifo.inst_fifo/gen_mem_rep[0].inst_xpm_memory/xpm_memory_base_inst block.
INFO: [Memdata 28-167] Found XPM memory block cls_i/smartconnect_hp0/inst/s02_nodes/s02_w_node/inst/inst_mi_handler/gen_normal_area.inst_fifo_node_payld/gen_xpm_memory_fifo.inst_fifo/gen_mem_rep[0].inst_xpm_memory/xpm_memory_base_inst with a P_MEMORY_PRIMITIVE property set to distributed. A value of block is required. You will not be able to use the updatemem program to update the bitstream with new data for the cls_i/smartconnect_hp0/inst/s02_nodes/s02_w_node/inst/inst_mi_handler/gen_normal_area.inst_fifo_node_payld/gen_xpm_memory_fifo.inst_fifo/gen_mem_rep[0].inst_xpm_memory/xpm_memory_base_inst block.
INFO: [Memdata 28-167] Found XPM memory block cls_i/smartconnect_hp0/inst/s02_nodes/s02_w_node/inst/inst_mi_handler/gen_normal_area.gen_fifo_req.inst_fifo_req/gen_xpm_memory_fifo.inst_fifo/gen_mem_rep[0].inst_xpm_memory/xpm_memory_base_inst with a P_MEMORY_PRIMITIVE property set to distributed. A value of block is required. You will not be able to use the updatemem program to update the bitstream with new data for the cls_i/smartconnect_hp0/inst/s02_nodes/s02_w_node/inst/inst_mi_handler/gen_normal_area.gen_fifo_req.inst_fifo_req/gen_xpm_memory_fifo.inst_fifo/gen_mem_rep[0].inst_xpm_memory/xpm_memory_base_inst block.
INFO: [Memdata 28-167] Found XPM memory block cls_i/smartconnect_hp0/inst/s02_nodes/s02_aw_node/inst/inst_mi_handler/gen_normal_area.inst_fifo_node_payld/gen_xpm_memory_fifo.inst_fifo/gen_mem_rep[0].inst_xpm_memory/xpm_memory_base_inst with a P_MEMORY_PRIMITIVE property set to distributed. A value of block is required. You will not be able to use the updatemem program to update the bitstream with new data for the cls_i/smartconnect_hp0/inst/s02_nodes/s02_aw_node/inst/inst_mi_handler/gen_normal_area.inst_fifo_node_payld/gen_xpm_memory_fifo.inst_fifo/gen_mem_rep[0].inst_xpm_memory/xpm_memory_base_inst block.
INFO: [Memdata 28-167] Found XPM memory block cls_i/smartconnect_hp0/inst/s01_nodes/s01_r_node/inst/inst_mi_handler/gen_normal_area.inst_fifo_node_payld/gen_xpm_memory_fifo.inst_fifo/gen_mem_rep[0].inst_xpm_memory/xpm_memory_base_inst with a P_MEMORY_PRIMITIVE property set to distributed. A value of block is required. You will not be able to use the updatemem program to update the bitstream with new data for the cls_i/smartconnect_hp0/inst/s01_nodes/s01_r_node/inst/inst_mi_handler/gen_normal_area.inst_fifo_node_payld/gen_xpm_memory_fifo.inst_fifo/gen_mem_rep[0].inst_xpm_memory/xpm_memory_base_inst block.
INFO: [Memdata 28-167] Found XPM memory block cls_i/smartconnect_hp0/inst/s01_nodes/s01_ar_node/inst/inst_mi_handler/gen_normal_area.inst_fifo_node_payld/gen_xpm_memory_fifo.inst_fifo/gen_mem_rep[0].inst_xpm_memory/xpm_memory_base_inst with a P_MEMORY_PRIMITIVE property set to distributed. A value of block is required. You will not be able to use the updatemem program to update the bitstream with new data for the cls_i/smartconnect_hp0/inst/s01_nodes/s01_ar_node/inst/inst_mi_handler/gen_normal_area.inst_fifo_node_payld/gen_xpm_memory_fifo.inst_fifo/gen_mem_rep[0].inst_xpm_memory/xpm_memory_base_inst block.
INFO: [Memdata 28-167] Found XPM memory block cls_i/smartconnect_hp0/inst/s00_nodes/s00_r_node/inst/inst_mi_handler/gen_normal_area.inst_fifo_node_payld/gen_xpm_memory_fifo.inst_fifo/gen_mem_rep[0].inst_xpm_memory/xpm_memory_base_inst with a P_MEMORY_PRIMITIVE property set to distributed. A value of block is required. You will not be able to use the updatemem program to update the bitstream with new data for the cls_i/smartconnect_hp0/inst/s00_nodes/s00_r_node/inst/inst_mi_handler/gen_normal_area.inst_fifo_node_payld/gen_xpm_memory_fifo.inst_fifo/gen_mem_rep[0].inst_xpm_memory/xpm_memory_base_inst block.
INFO: [Memdata 28-167] Found XPM memory block cls_i/smartconnect_hp0/inst/s00_nodes/s00_ar_node/inst/inst_mi_handler/gen_normal_area.inst_fifo_node_payld/gen_xpm_memory_fifo.inst_fifo/gen_mem_rep[0].inst_xpm_memory/xpm_memory_base_inst with a P_MEMORY_PRIMITIVE property set to distributed. A value of block is required. You will not be able to use the updatemem program to update the bitstream with new data for the cls_i/smartconnect_hp0/inst/s00_nodes/s00_ar_node/inst/inst_mi_handler/gen_normal_area.inst_fifo_node_payld/gen_xpm_memory_fifo.inst_fifo/gen_mem_rep[0].inst_xpm_memory/xpm_memory_base_inst block.
INFO: [Memdata 28-167] Found XPM memory block cls_i/smartconnect_hp0/inst/m00_nodes/m00_w_node/inst/inst_si_handler/gen_si_handler.gen_request_fifos.gen_req_fifo[6].inst_req_fifo/gen_xpm_memory_fifo.inst_fifo/gen_mem_rep[0].inst_xpm_memory/xpm_memory_base_inst with a P_MEMORY_PRIMITIVE property set to distributed. A value of block is required. You will not be able to use the updatemem program to update the bitstream with new data for the cls_i/smartconnect_hp0/inst/m00_nodes/m00_w_node/inst/inst_si_handler/gen_si_handler.gen_request_fifos.gen_req_fifo[6].inst_req_fifo/gen_xpm_memory_fifo.inst_fifo/gen_mem_rep[0].inst_xpm_memory/xpm_memory_base_inst block.
INFO: [Memdata 28-167] Found XPM memory block cls_i/smartconnect_hp0/inst/m00_nodes/m00_w_node/inst/inst_si_handler/gen_si_handler.gen_request_fifos.gen_req_fifo[4].inst_req_fifo/gen_xpm_memory_fifo.inst_fifo/gen_mem_rep[0].inst_xpm_memory/xpm_memory_base_inst with a P_MEMORY_PRIMITIVE property set to distributed. A value of block is required. You will not be able to use the updatemem program to update the bitstream with new data for the cls_i/smartconnect_hp0/inst/m00_nodes/m00_w_node/inst/inst_si_handler/gen_si_handler.gen_request_fifos.gen_req_fifo[4].inst_req_fifo/gen_xpm_memory_fifo.inst_fifo/gen_mem_rep[0].inst_xpm_memory/xpm_memory_base_inst block.
INFO: [Memdata 28-167] Found XPM memory block cls_i/smartconnect_hp0/inst/m00_nodes/m00_w_node/inst/inst_si_handler/gen_si_handler.gen_request_fifos.gen_req_fifo[2].inst_req_fifo/gen_xpm_memory_fifo.inst_fifo/gen_mem_rep[0].inst_xpm_memory/xpm_memory_base_inst with a P_MEMORY_PRIMITIVE property set to distributed. A value of block is required. You will not be able to use the updatemem program to update the bitstream with new data for the cls_i/smartconnect_hp0/inst/m00_nodes/m00_w_node/inst/inst_si_handler/gen_si_handler.gen_request_fifos.gen_req_fifo[2].inst_req_fifo/gen_xpm_memory_fifo.inst_fifo/gen_mem_rep[0].inst_xpm_memory/xpm_memory_base_inst block.
INFO: [Memdata 28-167] Found XPM memory block cls_i/smartconnect_hp0/inst/m00_nodes/m00_w_node/inst/inst_mi_handler/gen_normal_area.inst_fifo_node_payld/gen_xpm_memory_fifo.inst_fifo/gen_mem_rep[0].inst_xpm_memory/xpm_memory_base_inst with a P_MEMORY_PRIMITIVE property set to distributed. A value of block is required. You will not be able to use the updatemem program to update the bitstream with new data for the cls_i/smartconnect_hp0/inst/m00_nodes/m00_w_node/inst/inst_mi_handler/gen_normal_area.inst_fifo_node_payld/gen_xpm_memory_fifo.inst_fifo/gen_mem_rep[0].inst_xpm_memory/xpm_memory_base_inst block.
INFO: [Memdata 28-167] Found XPM memory block cls_i/smartconnect_hp0/inst/m00_nodes/m00_r_node/inst/inst_mi_handler/gen_normal_area.inst_fifo_node_payld/gen_xpm_memory_fifo.inst_fifo/gen_mem_rep[0].inst_xpm_memory/xpm_memory_base_inst with a P_MEMORY_PRIMITIVE property set to distributed. A value of block is required. You will not be able to use the updatemem program to update the bitstream with new data for the cls_i/smartconnect_hp0/inst/m00_nodes/m00_r_node/inst/inst_mi_handler/gen_normal_area.inst_fifo_node_payld/gen_xpm_memory_fifo.inst_fifo/gen_mem_rep[0].inst_xpm_memory/xpm_memory_base_inst block.
INFO: [Memdata 28-167] Found XPM memory block cls_i/smartconnect_hp0/inst/m00_nodes/m00_r_node/inst/inst_mi_handler/gen_normal_area.gen_fifo_req.inst_fifo_req/gen_xpm_memory_fifo.inst_fifo/gen_mem_rep[0].inst_xpm_memory/xpm_memory_base_inst with a P_MEMORY_PRIMITIVE property set to distributed. A value of block is required. You will not be able to use the updatemem program to update the bitstream with new data for the cls_i/smartconnect_hp0/inst/m00_nodes/m00_r_node/inst/inst_mi_handler/gen_normal_area.gen_fifo_req.inst_fifo_req/gen_xpm_memory_fifo.inst_fifo/gen_mem_rep[0].inst_xpm_memory/xpm_memory_base_inst block.
INFO: [Memdata 28-167] Found XPM memory block cls_i/smartconnect_hp0/inst/m00_nodes/m00_b_node/inst/inst_mi_handler/gen_normal_area.gen_fifo_req.inst_fifo_req/gen_xpm_memory_fifo.inst_fifo/gen_mem_rep[0].inst_xpm_memory/xpm_memory_base_inst with a P_MEMORY_PRIMITIVE property set to distributed. A value of block is required. You will not be able to use the updatemem program to update the bitstream with new data for the cls_i/smartconnect_hp0/inst/m00_nodes/m00_b_node/inst/inst_mi_handler/gen_normal_area.gen_fifo_req.inst_fifo_req/gen_xpm_memory_fifo.inst_fifo/gen_mem_rep[0].inst_xpm_memory/xpm_memory_base_inst block.
INFO: [Memdata 28-167] Found XPM memory block cls_i/smartconnect_hp0/inst/m00_nodes/m00_aw_node/inst/inst_mi_handler/gen_normal_area.inst_fifo_node_payld/gen_xpm_memory_fifo.inst_fifo/gen_mem_rep[0].inst_xpm_memory/xpm_memory_base_inst with a P_MEMORY_PRIMITIVE property set to distributed. A value of block is required. You will not be able to use the updatemem program to update the bitstream with new data for the cls_i/smartconnect_hp0/inst/m00_nodes/m00_aw_node/inst/inst_mi_handler/gen_normal_area.inst_fifo_node_payld/gen_xpm_memory_fifo.inst_fifo/gen_mem_rep[0].inst_xpm_memory/xpm_memory_base_inst block.
INFO: [Memdata 28-167] Found XPM memory block cls_i/smartconnect_hp0/inst/m00_nodes/m00_ar_node/inst/inst_mi_handler/gen_normal_area.inst_fifo_node_payld/gen_xpm_memory_fifo.inst_fifo/gen_mem_rep[0].inst_xpm_memory/xpm_memory_base_inst with a P_MEMORY_PRIMITIVE property set to distributed. A value of block is required. You will not be able to use the updatemem program to update the bitstream with new data for the cls_i/smartconnect_hp0/inst/m00_nodes/m00_ar_node/inst/inst_mi_handler/gen_normal_area.inst_fifo_node_payld/gen_xpm_memory_fifo.inst_fifo/gen_mem_rep[0].inst_xpm_memory/xpm_memory_base_inst block.
Command: write_bitstream -force cls_wrapper.bit
Attempting to get a license for feature 'Implementation' and/or device 'xc7z020'
INFO: [Common 17-349] Got license for feature 'Implementation' and/or device 'xc7z020'
Running DRC as a precondition to command write_bitstream
INFO: [IP_Flow 19-1839] IP Catalog is up to date.
INFO: [DRC 23-27] Running DRC with 2 threads
INFO: [Vivado 12-3199] DRC finished with 0 Errors
INFO: [Vivado 12-3200] Please refer to the DRC report (report_drc) for more information.
INFO: [Designutils 20-2272] Running write_bitstream with 2 threads.
Loading data files...
Loading site data...
Loading route data...
Processing options...
Creating bitmap...
Creating bitstream...
Writing bitstream ./cls_wrapper.bit...
INFO: [Vivado 12-1842] Bitgen Completed Successfully.
INFO: [Project 1-1876] WebTalk data collection is mandatory when using a ULT device. To see the specific WebTalk data collected for your design, open the usage_statistics_webtalk.html or usage_statistics_webtalk.xml file in the implementation directory.
INFO: [Common 17-83] Releasing license: Implementation
196 Infos, 1 Warnings, 0 Critical Warnings and 0 Errors encountered.
write_bitstream completed successfully
write_bitstream: Time (s): cpu = 00:00:49 ; elapsed = 00:00:29 . Memory (MB): peak = 4214.402 ; gain = 419.855
INFO: [Common 17-206] Exiting Vivado at Wed Aug 19 10:12:42 2026...
[Wed Aug 19 10:12:47 2026] impl_1 finished
wait_on_runs: Time (s): cpu = 00:00:01 ; elapsed = 00:11:26 . Memory (MB): peak = 2405.992 ; gain = 0.000
# if {[get_property PROGRESS [get_runs impl_1]] != "100%"} {
#     puts "== 경고: impl 미완료. 합성 리포트는 유효하다."
#     exit 1
# }
# open_run impl_1
Netlist sorting complete. Time (s): cpu = 00:00:01 ; elapsed = 00:00:01 . Memory (MB): peak = 2421.812 ; gain = 0.000
INFO: [Netlist 29-17] Analyzing 7874 Unisim elements for replacement
INFO: [Netlist 29-28] Unisim Transformation completed in 1 CPU seconds
INFO: [Project 1-479] Netlist was created with Vivado 2024.2
INFO: [Project 1-570] Preparing netlist for logic optimization
Read ShapeDB Complete: Time (s): cpu = 00:00:00 ; elapsed = 00:00:00.285 . Memory (MB): peak = 2679.695 ; gain = 28.660
INFO: [Timing 38-478] Restoring timing data from binary archive.
INFO: [Timing 38-479] Binary timing data restore complete.
INFO: [Project 1-856] Restoring constraints from binary archive.
INFO: [Project 1-853] Binary constraint restore complete.
INFO: [Designutils 20-5722] Start Reading Physical Databases.
Reading placement.
Read Netlist Cache: Time (s): cpu = 00:00:00 ; elapsed = 00:00:00.100 . Memory (MB): peak = 3005.645 ; gain = 0.000
Reading placer database...
Read Device Cache: Time (s): cpu = 00:00:00 ; elapsed = 00:00:00.015 . Memory (MB): peak = 3005.645 ; gain = 0.000
Read PlaceDB: Time (s): cpu = 00:00:03 ; elapsed = 00:00:03 . Memory (MB): peak = 3029.367 ; gain = 23.723
Read PulsedLatchDB: Time (s): cpu = 00:00:00 ; elapsed = 00:00:00 . Memory (MB): peak = 3029.367 ; gain = 0.000
Reading routing.
Read RouteStorage: Time (s): cpu = 00:00:01 ; elapsed = 00:00:00.853 . Memory (MB): peak = 3082.980 ; gain = 53.613
Read Physdb Files: Time (s): cpu = 00:00:04 ; elapsed = 00:00:04 . Memory (MB): peak = 3082.980 ; gain = 77.336
Restored from archive | CPU: 4.000000 secs | Memory: 0.000000 MB |
Finished XDEF File Restore: Time (s): cpu = 00:00:04 ; elapsed = 00:00:04 . Memory (MB): peak = 3082.980 ; gain = 77.336
Netlist sorting complete. Time (s): cpu = 00:00:00 ; elapsed = 00:00:00.024 . Memory (MB): peak = 3082.980 ; gain = 0.000
INFO: [Project 1-111] Unisim Transformation Summary:
  A total of 2554 instances were transformed.
  RAM16X1D => RAM32X1D (RAMD32(x2)): 35 instances
  RAM16X1S => RAM32X1S (RAMS32): 224 instances
  RAM256X1S => RAM256X1S (MUXF7(x2), MUXF8, RAMS64E(x4)): 1024 instances
  RAM32M => RAM32M (RAMD32(x6), RAMS32(x2)): 242 instances
  RAM32X1D => RAM32X1D (RAMD32(x2)): 1 instance 
  RAM32X1S => RAM32X1S (RAMS32): 1024 instances
  SRLC32E => SRL16E: 4 instances

open_run: Time (s): cpu = 00:00:16 ; elapsed = 00:00:17 . Memory (MB): peak = 3082.980 ; gain = 676.988
# report_utilization      -file $SCRIPT_DIR/utilization_impl_arty96_v1.rpt
# report_timing_summary   -file $SCRIPT_DIR/timing_impl_arty96_v1.rpt
INFO: [Timing 38-91] UpdateTimingParams: Speed grade: -1, Delay Type: min_max.
INFO: [Timing 38-191] Multithreading enabled for timing update using a maximum of 2 CPUs
report_timing_summary: Time (s): cpu = 00:00:25 ; elapsed = 00:00:14 . Memory (MB): peak = 3279.328 ; gain = 196.348
# puts "== arty96_v1 구현 완료. 리포트: utilization_impl_arty96_v1.rpt / timing_impl_arty96_v1.rpt"
== arty96_v1 구현 완료. 리포트: utilization_impl_arty96_v1.rpt / timing_impl_arty96_v1.rpt
# puts "== (아래는 WHS 일 수 있음 - WNS 는 timing_impl_arty96_v1.rpt 를 볼 것):\
# [get_property SLACK [get_timing_paths -delay_type min_max]]"
== (아래는 WHS 일 수 있음 - WNS 는 timing_impl_arty96_v1.rpt 를 볼 것): 0.013
# write_hw_platform -fixed -include_bit -force \
#     -file $SCRIPT_DIR/arty96_classifier_v1.xsa
INFO: [Project 1-1918] Creating Hardware Platform: C:/Users/kccistc/Documents/final_project/hls/arty_96_classifier/system/arty96_classifier_v1.xsa ...
INFO: [Project 1-1943] The Hardware Platform can be used for Hardware
INFO: [Project 1-1941] Successfully created Hardware Platform: C:/Users/kccistc/Documents/final_project/hls/arty_96_classifier/system/arty96_classifier_v1.xsa
INFO: [Hsi 55-2053] elapsed time for repository (C:/Xilinx/Vivado/2024.2/data/embeddedsw) loading 2 seconds
write_hw_platform: Time (s): cpu = 00:00:07 ; elapsed = 00:00:10 . Memory (MB): peak = 3507.680 ; gain = 228.352
# puts "== XSA: $SCRIPT_DIR/arty96_classifier_v1.xsa"
== XSA: C:/Users/kccistc/Documents/final_project/hls/arty_96_classifier/system/arty96_classifier_v1.xsa
# puts "==      이 XSA 는 Arty Z7-20 의 PS7 설정(DDR3 16-bit 512MB, UART0"
==      이 XSA 는 Arty Z7-20 의 PS7 설정(DDR3 16-bit 512MB, UART0
# puts "==      MIO 14..15, SD0, ENET0)을 들고 있다. PS 담당은 이걸로 플랫폼을"
==      MIO 14..15, SD0, ENET0)을 들고 있다. PS 담당은 이걸로 플랫폼을
# puts "==      만들 것. 레지스터 맵은 KR260/Zybo 판과 동일하고 베이스 주소만"
==      만들 것. 레지스터 맵은 KR260/Zybo 판과 동일하고 베이스 주소만
# puts "==      확인하면 된다."
==      확인하면 된다.
# exit
INFO: [Common 17-206] Exiting Vivado at Wed Aug 19 10:13:29 2026...
