Copyright 1986-2022 Xilinx, Inc. All Rights Reserved. Copyright 2022-2024 Advanced Micro Devices, Inc. All Rights Reserved.
----------------------------------------------------------------------------------------------------------------------------------------------------------------------------------------------
| Tool Version : Vivado v.2024.2 (win64) Build 5239630 Fri Nov 08 22:35:27 MST 2024
| Date         : Wed Aug 19 12:54:13 2026
| Host         : DESKTOP-2TJ4IOM running 64-bit major release  (build 9200)
| Command      : report_timing_summary -delay_type max -max_paths 10 -report_unconstrained -file C:/project/FPGA/z7_classifier_96_hls_100mhz_dsppack/vivado_reports/timing_summary_routed.rpt
| Design       : design_1_wrapper
| Device       : 7z020-clg400
| Speed File   : -1  PRODUCTION 1.12 2019-11-22
| Design State : Routed
----------------------------------------------------------------------------------------------------------------------------------------------------------------------------------------------

Timing Summary Report

------------------------------------------------------------------------------------------------
| Timer Settings
| --------------
------------------------------------------------------------------------------------------------

  Enable Multi Corner Analysis               :  Yes
  Enable Pessimism Removal                   :  Yes
  Pessimism Removal Resolution               :  Nearest Common Node
  Enable Input Delay Default Clock           :  No
  Enable Preset / Clear Arcs                 :  No
  Disable Flight Delays                      :  No
  Ignore I/O Paths                           :  No
  Timing Early Launch at Borrowing Latches   :  No
  Borrow Time for Max Delay Exceptions       :  Yes
  Merge Timing Exceptions                    :  Yes
  Inter-SLR Compensation                     :  Conservative

  Corner  Analyze    Analyze    
  Name    Max Paths  Min Paths  
  ------  ---------  ---------  
  Slow    Yes        Yes        
  Fast    Yes        Yes        


------------------------------------------------------------------------------------------------
| Report Methodology
| ------------------
------------------------------------------------------------------------------------------------

Rule     Severity  Description                   Violations  
-------  --------  ----------------------------  ----------  
LUTAR-1  Warning   LUT drives async reset alert  3           

Note: This report is based on the most recent report_methodology run and may not be up-to-date. Run report_methodology on the current design for the latest report.



check_timing report

Table of Contents
-----------------
1. checking no_clock (0)
2. checking constant_clock (0)
3. checking pulse_width_clock (0)
4. checking unconstrained_internal_endpoints (0)
5. checking no_input_delay (0)
6. checking no_output_delay (0)
7. checking multiple_clock (0)
8. checking generated_clocks (0)
9. checking loops (0)
10. checking partial_input_delay (0)
11. checking partial_output_delay (0)
12. checking latch_loops (0)

1. checking no_clock (0)
------------------------
 There are 0 register/latch pins with no clock.


2. checking constant_clock (0)
------------------------------
 There are 0 register/latch pins with constant_clock.


3. checking pulse_width_clock (0)
---------------------------------
 There are 0 register/latch pins which need pulse_width check


4. checking unconstrained_internal_endpoints (0)
------------------------------------------------
 There are 0 pins that are not constrained for maximum delay.

 There are 0 pins that are not constrained for maximum delay due to constant clock.


5. checking no_input_delay (0)
------------------------------
 There are 0 input ports with no input delay specified.

 There are 0 input ports with no input delay but user has a false path constraint.


6. checking no_output_delay (0)
-------------------------------
 There are 0 ports with no output delay specified.

 There are 0 ports with no output delay but user has a false path constraint

 There are 0 ports with no output delay but with a timing clock defined on it or propagating through it


7. checking multiple_clock (0)
------------------------------
 There are 0 register/latch pins with multiple clocks.


8. checking generated_clocks (0)
--------------------------------
 There are 0 generated clocks that are not connected to a clock source.


9. checking loops (0)
---------------------
 There are 0 combinational loops in the design.


10. checking partial_input_delay (0)
------------------------------------
 There are 0 input ports with partial input delay specified.


11. checking partial_output_delay (0)
-------------------------------------
 There are 0 ports with partial output delay specified.


12. checking latch_loops (0)
----------------------------
 There are 0 combinational latch loops in the design through latch input



------------------------------------------------------------------------------------------------
| Design Timing Summary
| ---------------------
------------------------------------------------------------------------------------------------

    WNS(ns)      TNS(ns)  TNS Failing Endpoints  TNS Total Endpoints     WPWS(ns)     TPWS(ns)  TPWS Failing Endpoints  TPWS Total Endpoints  
    -------      -------  ---------------------  -------------------     --------     --------  ----------------------  --------------------  
      0.051        0.000                      0               110289        3.750        0.000                       0                 31886  


All user specified timing constraints are met.


------------------------------------------------------------------------------------------------
| Clock Summary
| -------------
------------------------------------------------------------------------------------------------

Clock       Waveform(ns)       Period(ns)      Frequency(MHz)
-----       ------------       ----------      --------------
clk_fpga_0  {0.000 5.000}      10.000          100.000         


------------------------------------------------------------------------------------------------
| Intra Clock Table
| -----------------
------------------------------------------------------------------------------------------------

Clock             WNS(ns)      TNS(ns)  TNS Failing Endpoints  TNS Total Endpoints     WPWS(ns)     TPWS(ns)  TPWS Failing Endpoints  TPWS Total Endpoints  
-----             -------      -------  ---------------------  -------------------     --------     --------  ----------------------  --------------------  
clk_fpga_0          0.051        0.000                      0               110193        3.750        0.000                       0                 31886  


------------------------------------------------------------------------------------------------
| Inter Clock Table
| -----------------
------------------------------------------------------------------------------------------------

From Clock    To Clock          WNS(ns)      TNS(ns)  TNS Failing Endpoints  TNS Total Endpoints  
----------    --------          -------      -------  ---------------------  -------------------  


------------------------------------------------------------------------------------------------
| Other Path Groups Table
| -----------------------
------------------------------------------------------------------------------------------------

Path Group         From Clock         To Clock               WNS(ns)      TNS(ns)  TNS Failing Endpoints  TNS Total Endpoints  
----------         ----------         --------               -------      -------  ---------------------  -------------------  
**async_default**  clk_fpga_0         clk_fpga_0               6.665        0.000                      0                   96  


------------------------------------------------------------------------------------------------
| User Ignored Path Table
| -----------------------
------------------------------------------------------------------------------------------------

Path Group    From Clock    To Clock    
----------    ----------    --------    
(none)                      clk_fpga_0    
(none)        clk_fpga_0    clk_fpga_0    


------------------------------------------------------------------------------------------------
| Unconstrained Path Table
| ------------------------
------------------------------------------------------------------------------------------------

Path Group    From Clock    To Clock    
----------    ----------    --------    


------------------------------------------------------------------------------------------------
| Timing Details
| --------------
------------------------------------------------------------------------------------------------


---------------------------------------------------------------------------------------------------
From Clock:  clk_fpga_0
  To Clock:  clk_fpga_0

Setup :            0  Failing Endpoints,  Worst Slack        0.051ns,  Total Violation        0.000ns
Hold  :           NA  Failing Endpoints,  Worst Slack           NA  ,  Total Violation           NA
PW    :            0  Failing Endpoints,  Worst Slack        3.750ns,  Total Violation        0.000ns
---------------------------------------------------------------------------------------------------


Max Delay Paths
--------------------------------------------------------------------------------------
Slack (MET) :             0.051ns  (required time - arrival time)
  Source:                 design_1_i/classifier_top_0/inst/grp_conv1_pool1_fused_fu_1306/grp_conv1_pool1_fused_Pipeline_CS1_KY_CS1_KX_CS1_IC_BLOCK_fu_2178/ap_enable_reg_pp0_iter7_reg/C
                            (rising edge-triggered cell FDRE clocked by clk_fpga_0  {rise@0.000ns fall@5.000ns period=10.000ns})
  Destination:            design_1_i/classifier_top_0/inst/grp_conv1_pool1_fused_fu_1306/grp_conv1_pool1_fused_Pipeline_CS1_KY_CS1_KX_CS1_IC_BLOCK_fu_2178/empty_390_fu_954_reg[0]/CE
                            (rising edge-triggered cell FDRE clocked by clk_fpga_0  {rise@0.000ns fall@5.000ns period=10.000ns})
  Path Group:             clk_fpga_0
  Path Type:              Setup (Max at Slow Process Corner)
  Requirement:            10.000ns  (clk_fpga_0 rise@10.000ns - clk_fpga_0 rise@0.000ns)
  Data Path Delay:        9.512ns  (logic 0.456ns (4.794%)  route 9.056ns (95.206%))
  Logic Levels:           0  
  Clock Path Skew:        -0.078ns (DCD - SCD + CPR)
    Destination Clock Delay (DCD):    2.802ns = ( 12.802 - 10.000 ) 
    Source Clock Delay      (SCD):    2.995ns
    Clock Pessimism Removal (CPR):    0.115ns
  Clock Uncertainty:      0.154ns  ((TSJ^2 + TIJ^2)^1/2 + DJ) / 2 + PE
    Total System Jitter     (TSJ):    0.071ns
    Total Input Jitter      (TIJ):    0.300ns
    Discrete Jitter          (DJ):    0.000ns
    Phase Error              (PE):    0.000ns

    Location             Delay type                Incr(ns)  Path(ns)    Netlist Resource(s)
  -------------------------------------------------------------------    -------------------
                         (clock clk_fpga_0 rise edge)
                                                      0.000     0.000 r  
    PS7_X0Y0             PS7                          0.000     0.000 r  design_1_i/processing_system7_0/inst/PS7_i/FCLKCLK[0]
                         net (fo=1, routed)           1.193     1.193    design_1_i/processing_system7_0/inst/FCLK_CLK_unbuffered[0]
    BUFGCTRL_X0Y16       BUFG (Prop_bufg_I_O)         0.101     1.294 r  design_1_i/processing_system7_0/inst/buffer_fclk_clk_0.FCLK_CLK_0_BUFG/O
                         net (fo=31888, routed)       1.701     2.995    design_1_i/classifier_top_0/inst/grp_conv1_pool1_fused_fu_1306/grp_conv1_pool1_fused_Pipeline_CS1_KY_CS1_KX_CS1_IC_BLOCK_fu_2178/ap_clk
    SLICE_X80Y75         FDRE                                         r  design_1_i/classifier_top_0/inst/grp_conv1_pool1_fused_fu_1306/grp_conv1_pool1_fused_Pipeline_CS1_KY_CS1_KX_CS1_IC_BLOCK_fu_2178/ap_enable_reg_pp0_iter7_reg/C
  -------------------------------------------------------------------    -------------------
    SLICE_X80Y75         FDRE (Prop_fdre_C_Q)         0.456     3.451 r  design_1_i/classifier_top_0/inst/grp_conv1_pool1_fused_fu_1306/grp_conv1_pool1_fused_Pipeline_CS1_KY_CS1_KX_CS1_IC_BLOCK_fu_2178/ap_enable_reg_pp0_iter7_reg/Q
                         net (fo=3328, routed)        9.056    12.507    design_1_i/classifier_top_0/inst/grp_conv1_pool1_fused_fu_1306/grp_conv1_pool1_fused_Pipeline_CS1_KY_CS1_KX_CS1_IC_BLOCK_fu_2178/ap_enable_reg_pp0_iter7
    SLICE_X99Y9          FDRE                                         r  design_1_i/classifier_top_0/inst/grp_conv1_pool1_fused_fu_1306/grp_conv1_pool1_fused_Pipeline_CS1_KY_CS1_KX_CS1_IC_BLOCK_fu_2178/empty_390_fu_954_reg[0]/CE
  -------------------------------------------------------------------    -------------------

                         (clock clk_fpga_0 rise edge)
                                                     10.000    10.000 r  
    PS7_X0Y0             PS7                          0.000    10.000 r  design_1_i/processing_system7_0/inst/PS7_i/FCLKCLK[0]
                         net (fo=1, routed)           1.088    11.088    design_1_i/processing_system7_0/inst/FCLK_CLK_unbuffered[0]
    BUFGCTRL_X0Y16       BUFG (Prop_bufg_I_O)         0.091    11.179 r  design_1_i/processing_system7_0/inst/buffer_fclk_clk_0.FCLK_CLK_0_BUFG/O
                         net (fo=31888, routed)       1.623    12.802    design_1_i/classifier_top_0/inst/grp_conv1_pool1_fused_fu_1306/grp_conv1_pool1_fused_Pipeline_CS1_KY_CS1_KX_CS1_IC_BLOCK_fu_2178/ap_clk
    SLICE_X99Y9          FDRE                                         r  design_1_i/classifier_top_0/inst/grp_conv1_pool1_fused_fu_1306/grp_conv1_pool1_fused_Pipeline_CS1_KY_CS1_KX_CS1_IC_BLOCK_fu_2178/empty_390_fu_954_reg[0]/C
                         clock pessimism              0.115    12.917    
                         clock uncertainty           -0.154    12.763    
    SLICE_X99Y9          FDRE (Setup_fdre_C_CE)      -0.205    12.558    design_1_i/classifier_top_0/inst/grp_conv1_pool1_fused_fu_1306/grp_conv1_pool1_fused_Pipeline_CS1_KY_CS1_KX_CS1_IC_BLOCK_fu_2178/empty_390_fu_954_reg[0]
  -------------------------------------------------------------------
                         required time                         12.558    
                         arrival time                         -12.507    
  -------------------------------------------------------------------
                         slack                                  0.051    

Slack (MET) :             0.051ns  (required time - arrival time)
  Source:                 design_1_i/classifier_top_0/inst/grp_conv1_pool1_fused_fu_1306/grp_conv1_pool1_fused_Pipeline_CS1_KY_CS1_KX_CS1_IC_BLOCK_fu_2178/ap_enable_reg_pp0_iter7_reg/C
                            (rising edge-triggered cell FDRE clocked by clk_fpga_0  {rise@0.000ns fall@5.000ns period=10.000ns})
  Destination:            design_1_i/classifier_top_0/inst/grp_conv1_pool1_fused_fu_1306/grp_conv1_pool1_fused_Pipeline_CS1_KY_CS1_KX_CS1_IC_BLOCK_fu_2178/empty_390_fu_954_reg[1]/CE
                            (rising edge-triggered cell FDRE clocked by clk_fpga_0  {rise@0.000ns fall@5.000ns period=10.000ns})
  Path Group:             clk_fpga_0
  Path Type:              Setup (Max at Slow Process Corner)
  Requirement:            10.000ns  (clk_fpga_0 rise@10.000ns - clk_fpga_0 rise@0.000ns)
  Data Path Delay:        9.512ns  (logic 0.456ns (4.794%)  route 9.056ns (95.206%))
  Logic Levels:           0  
  Clock Path Skew:        -0.078ns (DCD - SCD + CPR)
    Destination Clock Delay (DCD):    2.802ns = ( 12.802 - 10.000 ) 
    Source Clock Delay      (SCD):    2.995ns
    Clock Pessimism Removal (CPR):    0.115ns
  Clock Uncertainty:      0.154ns  ((TSJ^2 + TIJ^2)^1/2 + DJ) / 2 + PE
    Total System Jitter     (TSJ):    0.071ns
    Total Input Jitter      (TIJ):    0.300ns
    Discrete Jitter          (DJ):    0.000ns
    Phase Error              (PE):    0.000ns

    Location             Delay type                Incr(ns)  Path(ns)    Netlist Resource(s)
  -------------------------------------------------------------------    -------------------
                         (clock clk_fpga_0 rise edge)
                                                      0.000     0.000 r  
    PS7_X0Y0             PS7                          0.000     0.000 r  design_1_i/processing_system7_0/inst/PS7_i/FCLKCLK[0]
                         net (fo=1, routed)           1.193     1.193    design_1_i/processing_system7_0/inst/FCLK_CLK_unbuffered[0]
    BUFGCTRL_X0Y16       BUFG (Prop_bufg_I_O)         0.101     1.294 r  design_1_i/processing_system7_0/inst/buffer_fclk_clk_0.FCLK_CLK_0_BUFG/O
                         net (fo=31888, routed)       1.701     2.995    design_1_i/classifier_top_0/inst/grp_conv1_pool1_fused_fu_1306/grp_conv1_pool1_fused_Pipeline_CS1_KY_CS1_KX_CS1_IC_BLOCK_fu_2178/ap_clk
    SLICE_X80Y75         FDRE                                         r  design_1_i/classifier_top_0/inst/grp_conv1_pool1_fused_fu_1306/grp_conv1_pool1_fused_Pipeline_CS1_KY_CS1_KX_CS1_IC_BLOCK_fu_2178/ap_enable_reg_pp0_iter7_reg/C
  -------------------------------------------------------------------    -------------------
    SLICE_X80Y75         FDRE (Prop_fdre_C_Q)         0.456     3.451 r  design_1_i/classifier_top_0/inst/grp_conv1_pool1_fused_fu_1306/grp_conv1_pool1_fused_Pipeline_CS1_KY_CS1_KX_CS1_IC_BLOCK_fu_2178/ap_enable_reg_pp0_iter7_reg/Q
                         net (fo=3328, routed)        9.056    12.507    design_1_i/classifier_top_0/inst/grp_conv1_pool1_fused_fu_1306/grp_conv1_pool1_fused_Pipeline_CS1_KY_CS1_KX_CS1_IC_BLOCK_fu_2178/ap_enable_reg_pp0_iter7
    SLICE_X99Y9          FDRE                                         r  design_1_i/classifier_top_0/inst/grp_conv1_pool1_fused_fu_1306/grp_conv1_pool1_fused_Pipeline_CS1_KY_CS1_KX_CS1_IC_BLOCK_fu_2178/empty_390_fu_954_reg[1]/CE
  -------------------------------------------------------------------    -------------------

                         (clock clk_fpga_0 rise edge)
                                                     10.000    10.000 r  
    PS7_X0Y0             PS7                          0.000    10.000 r  design_1_i/processing_system7_0/inst/PS7_i/FCLKCLK[0]
                         net (fo=1, routed)           1.088    11.088    design_1_i/processing_system7_0/inst/FCLK_CLK_unbuffered[0]
    BUFGCTRL_X0Y16       BUFG (Prop_bufg_I_O)         0.091    11.179 r  design_1_i/processing_system7_0/inst/buffer_fclk_clk_0.FCLK_CLK_0_BUFG/O
                         net (fo=31888, routed)       1.623    12.802    design_1_i/classifier_top_0/inst/grp_conv1_pool1_fused_fu_1306/grp_conv1_pool1_fused_Pipeline_CS1_KY_CS1_KX_CS1_IC_BLOCK_fu_2178/ap_clk
    SLICE_X99Y9          FDRE                                         r  design_1_i/classifier_top_0/inst/grp_conv1_pool1_fused_fu_1306/grp_conv1_pool1_fused_Pipeline_CS1_KY_CS1_KX_CS1_IC_BLOCK_fu_2178/empty_390_fu_954_reg[1]/C
                         clock pessimism              0.115    12.917    
                         clock uncertainty           -0.154    12.763    
    SLICE_X99Y9          FDRE (Setup_fdre_C_CE)      -0.205    12.558    design_1_i/classifier_top_0/inst/grp_conv1_pool1_fused_fu_1306/grp_conv1_pool1_fused_Pipeline_CS1_KY_CS1_KX_CS1_IC_BLOCK_fu_2178/empty_390_fu_954_reg[1]
  -------------------------------------------------------------------
                         required time                         12.558    
                         arrival time                         -12.507    
  -------------------------------------------------------------------
                         slack                                  0.051    

Slack (MET) :             0.051ns  (required time - arrival time)
  Source:                 design_1_i/classifier_top_0/inst/grp_conv1_pool1_fused_fu_1306/grp_conv1_pool1_fused_Pipeline_CS1_KY_CS1_KX_CS1_IC_BLOCK_fu_2178/ap_enable_reg_pp0_iter7_reg/C
                            (rising edge-triggered cell FDRE clocked by clk_fpga_0  {rise@0.000ns fall@5.000ns period=10.000ns})
  Destination:            design_1_i/classifier_top_0/inst/grp_conv1_pool1_fused_fu_1306/grp_conv1_pool1_fused_Pipeline_CS1_KY_CS1_KX_CS1_IC_BLOCK_fu_2178/empty_390_fu_954_reg[2]/CE
                            (rising edge-triggered cell FDRE clocked by clk_fpga_0  {rise@0.000ns fall@5.000ns period=10.000ns})
  Path Group:             clk_fpga_0
  Path Type:              Setup (Max at Slow Process Corner)
  Requirement:            10.000ns  (clk_fpga_0 rise@10.000ns - clk_fpga_0 rise@0.000ns)
  Data Path Delay:        9.512ns  (logic 0.456ns (4.794%)  route 9.056ns (95.206%))
  Logic Levels:           0  
  Clock Path Skew:        -0.078ns (DCD - SCD + CPR)
    Destination Clock Delay (DCD):    2.802ns = ( 12.802 - 10.000 ) 
    Source Clock Delay      (SCD):    2.995ns
    Clock Pessimism Removal (CPR):    0.115ns
  Clock Uncertainty:      0.154ns  ((TSJ^2 + TIJ^2)^1/2 + DJ) / 2 + PE
    Total System Jitter     (TSJ):    0.071ns
    Total Input Jitter      (TIJ):    0.300ns
    Discrete Jitter          (DJ):    0.000ns
    Phase Error              (PE):    0.000ns

    Location             Delay type                Incr(ns)  Path(ns)    Netlist Resource(s)
  -------------------------------------------------------------------    -------------------
                         (clock clk_fpga_0 rise edge)
                                                      0.000     0.000 r  
    PS7_X0Y0             PS7                          0.000     0.000 r  design_1_i/processing_system7_0/inst/PS7_i/FCLKCLK[0]
                         net (fo=1, routed)           1.193     1.193    design_1_i/processing_system7_0/inst/FCLK_CLK_unbuffered[0]
    BUFGCTRL_X0Y16       BUFG (Prop_bufg_I_O)         0.101     1.294 r  design_1_i/processing_system7_0/inst/buffer_fclk_clk_0.FCLK_CLK_0_BUFG/O
                         net (fo=31888, routed)       1.701     2.995    design_1_i/classifier_top_0/inst/grp_conv1_pool1_fused_fu_1306/grp_conv1_pool1_fused_Pipeline_CS1_KY_CS1_KX_CS1_IC_BLOCK_fu_2178/ap_clk
    SLICE_X80Y75         FDRE                                         r  design_1_i/classifier_top_0/inst/grp_conv1_pool1_fused_fu_1306/grp_conv1_pool1_fused_Pipeline_CS1_KY_CS1_KX_CS1_IC_BLOCK_fu_2178/ap_enable_reg_pp0_iter7_reg/C
  -------------------------------------------------------------------    -------------------
    SLICE_X80Y75         FDRE (Prop_fdre_C_Q)         0.456     3.451 r  design_1_i/classifier_top_0/inst/grp_conv1_pool1_fused_fu_1306/grp_conv1_pool1_fused_Pipeline_CS1_KY_CS1_KX_CS1_IC_BLOCK_fu_2178/ap_enable_reg_pp0_iter7_reg/Q
                         net (fo=3328, routed)        9.056    12.507    design_1_i/classifier_top_0/inst/grp_conv1_pool1_fused_fu_1306/grp_conv1_pool1_fused_Pipeline_CS1_KY_CS1_KX_CS1_IC_BLOCK_fu_2178/ap_enable_reg_pp0_iter7
    SLICE_X99Y9          FDRE                                         r  design_1_i/classifier_top_0/inst/grp_conv1_pool1_fused_fu_1306/grp_conv1_pool1_fused_Pipeline_CS1_KY_CS1_KX_CS1_IC_BLOCK_fu_2178/empty_390_fu_954_reg[2]/CE
  -------------------------------------------------------------------    -------------------

                         (clock clk_fpga_0 rise edge)
                                                     10.000    10.000 r  
    PS7_X0Y0             PS7                          0.000    10.000 r  design_1_i/processing_system7_0/inst/PS7_i/FCLKCLK[0]
                         net (fo=1, routed)           1.088    11.088    design_1_i/processing_system7_0/inst/FCLK_CLK_unbuffered[0]
    BUFGCTRL_X0Y16       BUFG (Prop_bufg_I_O)         0.091    11.179 r  design_1_i/processing_system7_0/inst/buffer_fclk_clk_0.FCLK_CLK_0_BUFG/O
                         net (fo=31888, routed)       1.623    12.802    design_1_i/classifier_top_0/inst/grp_conv1_pool1_fused_fu_1306/grp_conv1_pool1_fused_Pipeline_CS1_KY_CS1_KX_CS1_IC_BLOCK_fu_2178/ap_clk
    SLICE_X99Y9          FDRE                                         r  design_1_i/classifier_top_0/inst/grp_conv1_pool1_fused_fu_1306/grp_conv1_pool1_fused_Pipeline_CS1_KY_CS1_KX_CS1_IC_BLOCK_fu_2178/empty_390_fu_954_reg[2]/C
                         clock pessimism              0.115    12.917    
                         clock uncertainty           -0.154    12.763    
    SLICE_X99Y9          FDRE (Setup_fdre_C_CE)      -0.205    12.558    design_1_i/classifier_top_0/inst/grp_conv1_pool1_fused_fu_1306/grp_conv1_pool1_fused_Pipeline_CS1_KY_CS1_KX_CS1_IC_BLOCK_fu_2178/empty_390_fu_954_reg[2]
  -------------------------------------------------------------------
                         required time                         12.558    
                         arrival time                         -12.507    
  -------------------------------------------------------------------
                         slack                                  0.051    

Slack (MET) :             0.051ns  (required time - arrival time)
  Source:                 design_1_i/classifier_top_0/inst/grp_conv1_pool1_fused_fu_1306/grp_conv1_pool1_fused_Pipeline_CS1_KY_CS1_KX_CS1_IC_BLOCK_fu_2178/ap_enable_reg_pp0_iter7_reg/C
                            (rising edge-triggered cell FDRE clocked by clk_fpga_0  {rise@0.000ns fall@5.000ns period=10.000ns})
  Destination:            design_1_i/classifier_top_0/inst/grp_conv1_pool1_fused_fu_1306/grp_conv1_pool1_fused_Pipeline_CS1_KY_CS1_KX_CS1_IC_BLOCK_fu_2178/empty_390_fu_954_reg[3]/CE
                            (rising edge-triggered cell FDRE clocked by clk_fpga_0  {rise@0.000ns fall@5.000ns period=10.000ns})
  Path Group:             clk_fpga_0
  Path Type:              Setup (Max at Slow Process Corner)
  Requirement:            10.000ns  (clk_fpga_0 rise@10.000ns - clk_fpga_0 rise@0.000ns)
  Data Path Delay:        9.512ns  (logic 0.456ns (4.794%)  route 9.056ns (95.206%))
  Logic Levels:           0  
  Clock Path Skew:        -0.078ns (DCD - SCD + CPR)
    Destination Clock Delay (DCD):    2.802ns = ( 12.802 - 10.000 ) 
    Source Clock Delay      (SCD):    2.995ns
    Clock Pessimism Removal (CPR):    0.115ns
  Clock Uncertainty:      0.154ns  ((TSJ^2 + TIJ^2)^1/2 + DJ) / 2 + PE
    Total System Jitter     (TSJ):    0.071ns
    Total Input Jitter      (TIJ):    0.300ns
    Discrete Jitter          (DJ):    0.000ns
    Phase Error              (PE):    0.000ns

    Location             Delay type                Incr(ns)  Path(ns)    Netlist Resource(s)
  -------------------------------------------------------------------    -------------------
                         (clock clk_fpga_0 rise edge)
                                                      0.000     0.000 r  
    PS7_X0Y0             PS7                          0.000     0.000 r  design_1_i/processing_system7_0/inst/PS7_i/FCLKCLK[0]
                         net (fo=1, routed)           1.193     1.193    design_1_i/processing_system7_0/inst/FCLK_CLK_unbuffered[0]
    BUFGCTRL_X0Y16       BUFG (Prop_bufg_I_O)         0.101     1.294 r  design_1_i/processing_system7_0/inst/buffer_fclk_clk_0.FCLK_CLK_0_BUFG/O
                         net (fo=31888, routed)       1.701     2.995    design_1_i/classifier_top_0/inst/grp_conv1_pool1_fused_fu_1306/grp_conv1_pool1_fused_Pipeline_CS1_KY_CS1_KX_CS1_IC_BLOCK_fu_2178/ap_clk
    SLICE_X80Y75         FDRE                                         r  design_1_i/classifier_top_0/inst/grp_conv1_pool1_fused_fu_1306/grp_conv1_pool1_fused_Pipeline_CS1_KY_CS1_KX_CS1_IC_BLOCK_fu_2178/ap_enable_reg_pp0_iter7_reg/C
  -------------------------------------------------------------------    -------------------
    SLICE_X80Y75         FDRE (Prop_fdre_C_Q)         0.456     3.451 r  design_1_i/classifier_top_0/inst/grp_conv1_pool1_fused_fu_1306/grp_conv1_pool1_fused_Pipeline_CS1_KY_CS1_KX_CS1_IC_BLOCK_fu_2178/ap_enable_reg_pp0_iter7_reg/Q
                         net (fo=3328, routed)        9.056    12.507    design_1_i/classifier_top_0/inst/grp_conv1_pool1_fused_fu_1306/grp_conv1_pool1_fused_Pipeline_CS1_KY_CS1_KX_CS1_IC_BLOCK_fu_2178/ap_enable_reg_pp0_iter7
    SLICE_X99Y9          FDRE                                         r  design_1_i/classifier_top_0/inst/grp_conv1_pool1_fused_fu_1306/grp_conv1_pool1_fused_Pipeline_CS1_KY_CS1_KX_CS1_IC_BLOCK_fu_2178/empty_390_fu_954_reg[3]/CE
  -------------------------------------------------------------------    -------------------

                         (clock clk_fpga_0 rise edge)
                                                     10.000    10.000 r  
    PS7_X0Y0             PS7                          0.000    10.000 r  design_1_i/processing_system7_0/inst/PS7_i/FCLKCLK[0]
                         net (fo=1, routed)           1.088    11.088    design_1_i/processing_system7_0/inst/FCLK_CLK_unbuffered[0]
    BUFGCTRL_X0Y16       BUFG (Prop_bufg_I_O)         0.091    11.179 r  design_1_i/processing_system7_0/inst/buffer_fclk_clk_0.FCLK_CLK_0_BUFG/O
                         net (fo=31888, routed)       1.623    12.802    design_1_i/classifier_top_0/inst/grp_conv1_pool1_fused_fu_1306/grp_conv1_pool1_fused_Pipeline_CS1_KY_CS1_KX_CS1_IC_BLOCK_fu_2178/ap_clk
    SLICE_X99Y9          FDRE                                         r  design_1_i/classifier_top_0/inst/grp_conv1_pool1_fused_fu_1306/grp_conv1_pool1_fused_Pipeline_CS1_KY_CS1_KX_CS1_IC_BLOCK_fu_2178/empty_390_fu_954_reg[3]/C
                         clock pessimism              0.115    12.917    
                         clock uncertainty           -0.154    12.763    
    SLICE_X99Y9          FDRE (Setup_fdre_C_CE)      -0.205    12.558    design_1_i/classifier_top_0/inst/grp_conv1_pool1_fused_fu_1306/grp_conv1_pool1_fused_Pipeline_CS1_KY_CS1_KX_CS1_IC_BLOCK_fu_2178/empty_390_fu_954_reg[3]
  -------------------------------------------------------------------
                         required time                         12.558    
                         arrival time                         -12.507    
  -------------------------------------------------------------------
                         slack                                  0.051    

Slack (MET) :             0.056ns  (required time - arrival time)
  Source:                 design_1_i/classifier_top_0/inst/grp_conv1_pool1_fused_fu_1306/grp_conv1_pool1_fused_Pipeline_CS1_KY_CS1_KX_CS1_IC_BLOCK_fu_2178/ap_enable_reg_pp0_iter7_reg/C
                            (rising edge-triggered cell FDRE clocked by clk_fpga_0  {rise@0.000ns fall@5.000ns period=10.000ns})
  Destination:            design_1_i/classifier_top_0/inst/grp_conv1_pool1_fused_fu_1306/grp_conv1_pool1_fused_Pipeline_CS1_KY_CS1_KX_CS1_IC_BLOCK_fu_2178/empty_452_fu_1202_reg[10]/CE
                            (rising edge-triggered cell FDRE clocked by clk_fpga_0  {rise@0.000ns fall@5.000ns period=10.000ns})
  Path Group:             clk_fpga_0
  Path Type:              Setup (Max at Slow Process Corner)
  Requirement:            10.000ns  (clk_fpga_0 rise@10.000ns - clk_fpga_0 rise@0.000ns)
  Data Path Delay:        9.541ns  (logic 0.456ns (4.779%)  route 9.085ns (95.221%))
  Logic Levels:           0  
  Clock Path Skew:        -0.080ns (DCD - SCD + CPR)
    Destination Clock Delay (DCD):    2.800ns = ( 12.800 - 10.000 ) 
    Source Clock Delay      (SCD):    2.995ns
    Clock Pessimism Removal (CPR):    0.115ns
  Clock Uncertainty:      0.154ns  ((TSJ^2 + TIJ^2)^1/2 + DJ) / 2 + PE
    Total System Jitter     (TSJ):    0.071ns
    Total Input Jitter      (TIJ):    0.300ns
    Discrete Jitter          (DJ):    0.000ns
    Phase Error              (PE):    0.000ns

    Location             Delay type                Incr(ns)  Path(ns)    Netlist Resource(s)
  -------------------------------------------------------------------    -------------------
                         (clock clk_fpga_0 rise edge)
                                                      0.000     0.000 r  
    PS7_X0Y0             PS7                          0.000     0.000 r  design_1_i/processing_system7_0/inst/PS7_i/FCLKCLK[0]
                         net (fo=1, routed)           1.193     1.193    design_1_i/processing_system7_0/inst/FCLK_CLK_unbuffered[0]
    BUFGCTRL_X0Y16       BUFG (Prop_bufg_I_O)         0.101     1.294 r  design_1_i/processing_system7_0/inst/buffer_fclk_clk_0.FCLK_CLK_0_BUFG/O
                         net (fo=31888, routed)       1.701     2.995    design_1_i/classifier_top_0/inst/grp_conv1_pool1_fused_fu_1306/grp_conv1_pool1_fused_Pipeline_CS1_KY_CS1_KX_CS1_IC_BLOCK_fu_2178/ap_clk
    SLICE_X80Y75         FDRE                                         r  design_1_i/classifier_top_0/inst/grp_conv1_pool1_fused_fu_1306/grp_conv1_pool1_fused_Pipeline_CS1_KY_CS1_KX_CS1_IC_BLOCK_fu_2178/ap_enable_reg_pp0_iter7_reg/C
  -------------------------------------------------------------------    -------------------
    SLICE_X80Y75         FDRE (Prop_fdre_C_Q)         0.456     3.451 r  design_1_i/classifier_top_0/inst/grp_conv1_pool1_fused_fu_1306/grp_conv1_pool1_fused_Pipeline_CS1_KY_CS1_KX_CS1_IC_BLOCK_fu_2178/ap_enable_reg_pp0_iter7_reg/Q
                         net (fo=3328, routed)        9.085    12.536    design_1_i/classifier_top_0/inst/grp_conv1_pool1_fused_fu_1306/grp_conv1_pool1_fused_Pipeline_CS1_KY_CS1_KX_CS1_IC_BLOCK_fu_2178/ap_enable_reg_pp0_iter7
    SLICE_X100Y37        FDRE                                         r  design_1_i/classifier_top_0/inst/grp_conv1_pool1_fused_fu_1306/grp_conv1_pool1_fused_Pipeline_CS1_KY_CS1_KX_CS1_IC_BLOCK_fu_2178/empty_452_fu_1202_reg[10]/CE
  -------------------------------------------------------------------    -------------------

                         (clock clk_fpga_0 rise edge)
                                                     10.000    10.000 r  
    PS7_X0Y0             PS7                          0.000    10.000 r  design_1_i/processing_system7_0/inst/PS7_i/FCLKCLK[0]
                         net (fo=1, routed)           1.088    11.088    design_1_i/processing_system7_0/inst/FCLK_CLK_unbuffered[0]
    BUFGCTRL_X0Y16       BUFG (Prop_bufg_I_O)         0.091    11.179 r  design_1_i/processing_system7_0/inst/buffer_fclk_clk_0.FCLK_CLK_0_BUFG/O
                         net (fo=31888, routed)       1.621    12.800    design_1_i/classifier_top_0/inst/grp_conv1_pool1_fused_fu_1306/grp_conv1_pool1_fused_Pipeline_CS1_KY_CS1_KX_CS1_IC_BLOCK_fu_2178/ap_clk
    SLICE_X100Y37        FDRE                                         r  design_1_i/classifier_top_0/inst/grp_conv1_pool1_fused_fu_1306/grp_conv1_pool1_fused_Pipeline_CS1_KY_CS1_KX_CS1_IC_BLOCK_fu_2178/empty_452_fu_1202_reg[10]/C
                         clock pessimism              0.115    12.915    
                         clock uncertainty           -0.154    12.761    
    SLICE_X100Y37        FDRE (Setup_fdre_C_CE)      -0.169    12.592    design_1_i/classifier_top_0/inst/grp_conv1_pool1_fused_fu_1306/grp_conv1_pool1_fused_Pipeline_CS1_KY_CS1_KX_CS1_IC_BLOCK_fu_2178/empty_452_fu_1202_reg[10]
  -------------------------------------------------------------------
                         required time                         12.592    
                         arrival time                         -12.536    
  -------------------------------------------------------------------
                         slack                                  0.056    

Slack (MET) :             0.056ns  (required time - arrival time)
  Source:                 design_1_i/classifier_top_0/inst/grp_conv1_pool1_fused_fu_1306/grp_conv1_pool1_fused_Pipeline_CS1_KY_CS1_KX_CS1_IC_BLOCK_fu_2178/ap_enable_reg_pp0_iter7_reg/C
                            (rising edge-triggered cell FDRE clocked by clk_fpga_0  {rise@0.000ns fall@5.000ns period=10.000ns})
  Destination:            design_1_i/classifier_top_0/inst/grp_conv1_pool1_fused_fu_1306/grp_conv1_pool1_fused_Pipeline_CS1_KY_CS1_KX_CS1_IC_BLOCK_fu_2178/empty_452_fu_1202_reg[11]/CE
                            (rising edge-triggered cell FDRE clocked by clk_fpga_0  {rise@0.000ns fall@5.000ns period=10.000ns})
  Path Group:             clk_fpga_0
  Path Type:              Setup (Max at Slow Process Corner)
  Requirement:            10.000ns  (clk_fpga_0 rise@10.000ns - clk_fpga_0 rise@0.000ns)
  Data Path Delay:        9.541ns  (logic 0.456ns (4.779%)  route 9.085ns (95.221%))
  Logic Levels:           0  
  Clock Path Skew:        -0.080ns (DCD - SCD + CPR)
    Destination Clock Delay (DCD):    2.800ns = ( 12.800 - 10.000 ) 
    Source Clock Delay      (SCD):    2.995ns
    Clock Pessimism Removal (CPR):    0.115ns
  Clock Uncertainty:      0.154ns  ((TSJ^2 + TIJ^2)^1/2 + DJ) / 2 + PE
    Total System Jitter     (TSJ):    0.071ns
    Total Input Jitter      (TIJ):    0.300ns
    Discrete Jitter          (DJ):    0.000ns
    Phase Error              (PE):    0.000ns

    Location             Delay type                Incr(ns)  Path(ns)    Netlist Resource(s)
  -------------------------------------------------------------------    -------------------
                         (clock clk_fpga_0 rise edge)
                                                      0.000     0.000 r  
    PS7_X0Y0             PS7                          0.000     0.000 r  design_1_i/processing_system7_0/inst/PS7_i/FCLKCLK[0]
                         net (fo=1, routed)           1.193     1.193    design_1_i/processing_system7_0/inst/FCLK_CLK_unbuffered[0]
    BUFGCTRL_X0Y16       BUFG (Prop_bufg_I_O)         0.101     1.294 r  design_1_i/processing_system7_0/inst/buffer_fclk_clk_0.FCLK_CLK_0_BUFG/O
                         net (fo=31888, routed)       1.701     2.995    design_1_i/classifier_top_0/inst/grp_conv1_pool1_fused_fu_1306/grp_conv1_pool1_fused_Pipeline_CS1_KY_CS1_KX_CS1_IC_BLOCK_fu_2178/ap_clk
    SLICE_X80Y75         FDRE                                         r  design_1_i/classifier_top_0/inst/grp_conv1_pool1_fused_fu_1306/grp_conv1_pool1_fused_Pipeline_CS1_KY_CS1_KX_CS1_IC_BLOCK_fu_2178/ap_enable_reg_pp0_iter7_reg/C
  -------------------------------------------------------------------    -------------------
    SLICE_X80Y75         FDRE (Prop_fdre_C_Q)         0.456     3.451 r  design_1_i/classifier_top_0/inst/grp_conv1_pool1_fused_fu_1306/grp_conv1_pool1_fused_Pipeline_CS1_KY_CS1_KX_CS1_IC_BLOCK_fu_2178/ap_enable_reg_pp0_iter7_reg/Q
                         net (fo=3328, routed)        9.085    12.536    design_1_i/classifier_top_0/inst/grp_conv1_pool1_fused_fu_1306/grp_conv1_pool1_fused_Pipeline_CS1_KY_CS1_KX_CS1_IC_BLOCK_fu_2178/ap_enable_reg_pp0_iter7
    SLICE_X100Y37        FDRE                                         r  design_1_i/classifier_top_0/inst/grp_conv1_pool1_fused_fu_1306/grp_conv1_pool1_fused_Pipeline_CS1_KY_CS1_KX_CS1_IC_BLOCK_fu_2178/empty_452_fu_1202_reg[11]/CE
  -------------------------------------------------------------------    -------------------

                         (clock clk_fpga_0 rise edge)
                                                     10.000    10.000 r  
    PS7_X0Y0             PS7                          0.000    10.000 r  design_1_i/processing_system7_0/inst/PS7_i/FCLKCLK[0]
                         net (fo=1, routed)           1.088    11.088    design_1_i/processing_system7_0/inst/FCLK_CLK_unbuffered[0]
    BUFGCTRL_X0Y16       BUFG (Prop_bufg_I_O)         0.091    11.179 r  design_1_i/processing_system7_0/inst/buffer_fclk_clk_0.FCLK_CLK_0_BUFG/O
                         net (fo=31888, routed)       1.621    12.800    design_1_i/classifier_top_0/inst/grp_conv1_pool1_fused_fu_1306/grp_conv1_pool1_fused_Pipeline_CS1_KY_CS1_KX_CS1_IC_BLOCK_fu_2178/ap_clk
    SLICE_X100Y37        FDRE                                         r  design_1_i/classifier_top_0/inst/grp_conv1_pool1_fused_fu_1306/grp_conv1_pool1_fused_Pipeline_CS1_KY_CS1_KX_CS1_IC_BLOCK_fu_2178/empty_452_fu_1202_reg[11]/C
                         clock pessimism              0.115    12.915    
                         clock uncertainty           -0.154    12.761    
    SLICE_X100Y37        FDRE (Setup_fdre_C_CE)      -0.169    12.592    design_1_i/classifier_top_0/inst/grp_conv1_pool1_fused_fu_1306/grp_conv1_pool1_fused_Pipeline_CS1_KY_CS1_KX_CS1_IC_BLOCK_fu_2178/empty_452_fu_1202_reg[11]
  -------------------------------------------------------------------
                         required time                         12.592    
                         arrival time                         -12.536    
  -------------------------------------------------------------------
                         slack                                  0.056    

Slack (MET) :             0.056ns  (required time - arrival time)
  Source:                 design_1_i/classifier_top_0/inst/grp_conv1_pool1_fused_fu_1306/grp_conv1_pool1_fused_Pipeline_CS1_KY_CS1_KX_CS1_IC_BLOCK_fu_2178/ap_enable_reg_pp0_iter7_reg/C
                            (rising edge-triggered cell FDRE clocked by clk_fpga_0  {rise@0.000ns fall@5.000ns period=10.000ns})
  Destination:            design_1_i/classifier_top_0/inst/grp_conv1_pool1_fused_fu_1306/grp_conv1_pool1_fused_Pipeline_CS1_KY_CS1_KX_CS1_IC_BLOCK_fu_2178/empty_452_fu_1202_reg[8]/CE
                            (rising edge-triggered cell FDRE clocked by clk_fpga_0  {rise@0.000ns fall@5.000ns period=10.000ns})
  Path Group:             clk_fpga_0
  Path Type:              Setup (Max at Slow Process Corner)
  Requirement:            10.000ns  (clk_fpga_0 rise@10.000ns - clk_fpga_0 rise@0.000ns)
  Data Path Delay:        9.541ns  (logic 0.456ns (4.779%)  route 9.085ns (95.221%))
  Logic Levels:           0  
  Clock Path Skew:        -0.080ns (DCD - SCD + CPR)
    Destination Clock Delay (DCD):    2.800ns = ( 12.800 - 10.000 ) 
    Source Clock Delay      (SCD):    2.995ns
    Clock Pessimism Removal (CPR):    0.115ns
  Clock Uncertainty:      0.154ns  ((TSJ^2 + TIJ^2)^1/2 + DJ) / 2 + PE
    Total System Jitter     (TSJ):    0.071ns
    Total Input Jitter      (TIJ):    0.300ns
    Discrete Jitter          (DJ):    0.000ns
    Phase Error              (PE):    0.000ns

    Location             Delay type                Incr(ns)  Path(ns)    Netlist Resource(s)
  -------------------------------------------------------------------    -------------------
                         (clock clk_fpga_0 rise edge)
                                                      0.000     0.000 r  
    PS7_X0Y0             PS7                          0.000     0.000 r  design_1_i/processing_system7_0/inst/PS7_i/FCLKCLK[0]
                         net (fo=1, routed)           1.193     1.193    design_1_i/processing_system7_0/inst/FCLK_CLK_unbuffered[0]
    BUFGCTRL_X0Y16       BUFG (Prop_bufg_I_O)         0.101     1.294 r  design_1_i/processing_system7_0/inst/buffer_fclk_clk_0.FCLK_CLK_0_BUFG/O
                         net (fo=31888, routed)       1.701     2.995    design_1_i/classifier_top_0/inst/grp_conv1_pool1_fused_fu_1306/grp_conv1_pool1_fused_Pipeline_CS1_KY_CS1_KX_CS1_IC_BLOCK_fu_2178/ap_clk
    SLICE_X80Y75         FDRE                                         r  design_1_i/classifier_top_0/inst/grp_conv1_pool1_fused_fu_1306/grp_conv1_pool1_fused_Pipeline_CS1_KY_CS1_KX_CS1_IC_BLOCK_fu_2178/ap_enable_reg_pp0_iter7_reg/C
  -------------------------------------------------------------------    -------------------
    SLICE_X80Y75         FDRE (Prop_fdre_C_Q)         0.456     3.451 r  design_1_i/classifier_top_0/inst/grp_conv1_pool1_fused_fu_1306/grp_conv1_pool1_fused_Pipeline_CS1_KY_CS1_KX_CS1_IC_BLOCK_fu_2178/ap_enable_reg_pp0_iter7_reg/Q
                         net (fo=3328, routed)        9.085    12.536    design_1_i/classifier_top_0/inst/grp_conv1_pool1_fused_fu_1306/grp_conv1_pool1_fused_Pipeline_CS1_KY_CS1_KX_CS1_IC_BLOCK_fu_2178/ap_enable_reg_pp0_iter7
    SLICE_X100Y37        FDRE                                         r  design_1_i/classifier_top_0/inst/grp_conv1_pool1_fused_fu_1306/grp_conv1_pool1_fused_Pipeline_CS1_KY_CS1_KX_CS1_IC_BLOCK_fu_2178/empty_452_fu_1202_reg[8]/CE
  -------------------------------------------------------------------    -------------------

                         (clock clk_fpga_0 rise edge)
                                                     10.000    10.000 r  
    PS7_X0Y0             PS7                          0.000    10.000 r  design_1_i/processing_system7_0/inst/PS7_i/FCLKCLK[0]
                         net (fo=1, routed)           1.088    11.088    design_1_i/processing_system7_0/inst/FCLK_CLK_unbuffered[0]
    BUFGCTRL_X0Y16       BUFG (Prop_bufg_I_O)         0.091    11.179 r  design_1_i/processing_system7_0/inst/buffer_fclk_clk_0.FCLK_CLK_0_BUFG/O
                         net (fo=31888, routed)       1.621    12.800    design_1_i/classifier_top_0/inst/grp_conv1_pool1_fused_fu_1306/grp_conv1_pool1_fused_Pipeline_CS1_KY_CS1_KX_CS1_IC_BLOCK_fu_2178/ap_clk
    SLICE_X100Y37        FDRE                                         r  design_1_i/classifier_top_0/inst/grp_conv1_pool1_fused_fu_1306/grp_conv1_pool1_fused_Pipeline_CS1_KY_CS1_KX_CS1_IC_BLOCK_fu_2178/empty_452_fu_1202_reg[8]/C
                         clock pessimism              0.115    12.915    
                         clock uncertainty           -0.154    12.761    
    SLICE_X100Y37        FDRE (Setup_fdre_C_CE)      -0.169    12.592    design_1_i/classifier_top_0/inst/grp_conv1_pool1_fused_fu_1306/grp_conv1_pool1_fused_Pipeline_CS1_KY_CS1_KX_CS1_IC_BLOCK_fu_2178/empty_452_fu_1202_reg[8]
  -------------------------------------------------------------------
                         required time                         12.592    
                         arrival time                         -12.536    
  -------------------------------------------------------------------
                         slack                                  0.056    

Slack (MET) :             0.056ns  (required time - arrival time)
  Source:                 design_1_i/classifier_top_0/inst/grp_conv1_pool1_fused_fu_1306/grp_conv1_pool1_fused_Pipeline_CS1_KY_CS1_KX_CS1_IC_BLOCK_fu_2178/ap_enable_reg_pp0_iter7_reg/C
                            (rising edge-triggered cell FDRE clocked by clk_fpga_0  {rise@0.000ns fall@5.000ns period=10.000ns})
  Destination:            design_1_i/classifier_top_0/inst/grp_conv1_pool1_fused_fu_1306/grp_conv1_pool1_fused_Pipeline_CS1_KY_CS1_KX_CS1_IC_BLOCK_fu_2178/empty_452_fu_1202_reg[9]/CE
                            (rising edge-triggered cell FDRE clocked by clk_fpga_0  {rise@0.000ns fall@5.000ns period=10.000ns})
  Path Group:             clk_fpga_0
  Path Type:              Setup (Max at Slow Process Corner)
  Requirement:            10.000ns  (clk_fpga_0 rise@10.000ns - clk_fpga_0 rise@0.000ns)
  Data Path Delay:        9.541ns  (logic 0.456ns (4.779%)  route 9.085ns (95.221%))
  Logic Levels:           0  
  Clock Path Skew:        -0.080ns (DCD - SCD + CPR)
    Destination Clock Delay (DCD):    2.800ns = ( 12.800 - 10.000 ) 
    Source Clock Delay      (SCD):    2.995ns
    Clock Pessimism Removal (CPR):    0.115ns
  Clock Uncertainty:      0.154ns  ((TSJ^2 + TIJ^2)^1/2 + DJ) / 2 + PE
    Total System Jitter     (TSJ):    0.071ns
    Total Input Jitter      (TIJ):    0.300ns
    Discrete Jitter          (DJ):    0.000ns
    Phase Error              (PE):    0.000ns

    Location             Delay type                Incr(ns)  Path(ns)    Netlist Resource(s)
  -------------------------------------------------------------------    -------------------
                         (clock clk_fpga_0 rise edge)
                                                      0.000     0.000 r  
    PS7_X0Y0             PS7                          0.000     0.000 r  design_1_i/processing_system7_0/inst/PS7_i/FCLKCLK[0]
                         net (fo=1, routed)           1.193     1.193    design_1_i/processing_system7_0/inst/FCLK_CLK_unbuffered[0]
    BUFGCTRL_X0Y16       BUFG (Prop_bufg_I_O)         0.101     1.294 r  design_1_i/processing_system7_0/inst/buffer_fclk_clk_0.FCLK_CLK_0_BUFG/O
                         net (fo=31888, routed)       1.701     2.995    design_1_i/classifier_top_0/inst/grp_conv1_pool1_fused_fu_1306/grp_conv1_pool1_fused_Pipeline_CS1_KY_CS1_KX_CS1_IC_BLOCK_fu_2178/ap_clk
    SLICE_X80Y75         FDRE                                         r  design_1_i/classifier_top_0/inst/grp_conv1_pool1_fused_fu_1306/grp_conv1_pool1_fused_Pipeline_CS1_KY_CS1_KX_CS1_IC_BLOCK_fu_2178/ap_enable_reg_pp0_iter7_reg/C
  -------------------------------------------------------------------    -------------------
    SLICE_X80Y75         FDRE (Prop_fdre_C_Q)         0.456     3.451 r  design_1_i/classifier_top_0/inst/grp_conv1_pool1_fused_fu_1306/grp_conv1_pool1_fused_Pipeline_CS1_KY_CS1_KX_CS1_IC_BLOCK_fu_2178/ap_enable_reg_pp0_iter7_reg/Q
                         net (fo=3328, routed)        9.085    12.536    design_1_i/classifier_top_0/inst/grp_conv1_pool1_fused_fu_1306/grp_conv1_pool1_fused_Pipeline_CS1_KY_CS1_KX_CS1_IC_BLOCK_fu_2178/ap_enable_reg_pp0_iter7
    SLICE_X100Y37        FDRE                                         r  design_1_i/classifier_top_0/inst/grp_conv1_pool1_fused_fu_1306/grp_conv1_pool1_fused_Pipeline_CS1_KY_CS1_KX_CS1_IC_BLOCK_fu_2178/empty_452_fu_1202_reg[9]/CE
  -------------------------------------------------------------------    -------------------

                         (clock clk_fpga_0 rise edge)
                                                     10.000    10.000 r  
    PS7_X0Y0             PS7                          0.000    10.000 r  design_1_i/processing_system7_0/inst/PS7_i/FCLKCLK[0]
                         net (fo=1, routed)           1.088    11.088    design_1_i/processing_system7_0/inst/FCLK_CLK_unbuffered[0]
    BUFGCTRL_X0Y16       BUFG (Prop_bufg_I_O)         0.091    11.179 r  design_1_i/processing_system7_0/inst/buffer_fclk_clk_0.FCLK_CLK_0_BUFG/O
                         net (fo=31888, routed)       1.621    12.800    design_1_i/classifier_top_0/inst/grp_conv1_pool1_fused_fu_1306/grp_conv1_pool1_fused_Pipeline_CS1_KY_CS1_KX_CS1_IC_BLOCK_fu_2178/ap_clk
    SLICE_X100Y37        FDRE                                         r  design_1_i/classifier_top_0/inst/grp_conv1_pool1_fused_fu_1306/grp_conv1_pool1_fused_Pipeline_CS1_KY_CS1_KX_CS1_IC_BLOCK_fu_2178/empty_452_fu_1202_reg[9]/C
                         clock pessimism              0.115    12.915    
                         clock uncertainty           -0.154    12.761    
    SLICE_X100Y37        FDRE (Setup_fdre_C_CE)      -0.169    12.592    design_1_i/classifier_top_0/inst/grp_conv1_pool1_fused_fu_1306/grp_conv1_pool1_fused_Pipeline_CS1_KY_CS1_KX_CS1_IC_BLOCK_fu_2178/empty_452_fu_1202_reg[9]
  -------------------------------------------------------------------
                         required time                         12.592    
                         arrival time                         -12.536    
  -------------------------------------------------------------------
                         slack                                  0.056    

Slack (MET) :             0.060ns  (required time - arrival time)
  Source:                 design_1_i/classifier_top_0/inst/grp_conv1_pool1_fused_fu_1306/grp_conv1_pool1_fused_Pipeline_CS1_KY_CS1_KX_CS1_IC_BLOCK_fu_2178/ap_enable_reg_pp0_iter7_reg/C
                            (rising edge-triggered cell FDRE clocked by clk_fpga_0  {rise@0.000ns fall@5.000ns period=10.000ns})
  Destination:            design_1_i/classifier_top_0/inst/grp_conv1_pool1_fused_fu_1306/grp_conv1_pool1_fused_Pipeline_CS1_KY_CS1_KX_CS1_IC_BLOCK_fu_2178/empty_452_fu_1202_reg[4]/CE
                            (rising edge-triggered cell FDRE clocked by clk_fpga_0  {rise@0.000ns fall@5.000ns period=10.000ns})
  Path Group:             clk_fpga_0
  Path Type:              Setup (Max at Slow Process Corner)
  Requirement:            10.000ns  (clk_fpga_0 rise@10.000ns - clk_fpga_0 rise@0.000ns)
  Data Path Delay:        9.536ns  (logic 0.456ns (4.782%)  route 9.080ns (95.218%))
  Logic Levels:           0  
  Clock Path Skew:        -0.081ns (DCD - SCD + CPR)
    Destination Clock Delay (DCD):    2.799ns = ( 12.799 - 10.000 ) 
    Source Clock Delay      (SCD):    2.995ns
    Clock Pessimism Removal (CPR):    0.115ns
  Clock Uncertainty:      0.154ns  ((TSJ^2 + TIJ^2)^1/2 + DJ) / 2 + PE
    Total System Jitter     (TSJ):    0.071ns
    Total Input Jitter      (TIJ):    0.300ns
    Discrete Jitter          (DJ):    0.000ns
    Phase Error              (PE):    0.000ns

    Location             Delay type                Incr(ns)  Path(ns)    Netlist Resource(s)
  -------------------------------------------------------------------    -------------------
                         (clock clk_fpga_0 rise edge)
                                                      0.000     0.000 r  
    PS7_X0Y0             PS7                          0.000     0.000 r  design_1_i/processing_system7_0/inst/PS7_i/FCLKCLK[0]
                         net (fo=1, routed)           1.193     1.193    design_1_i/processing_system7_0/inst/FCLK_CLK_unbuffered[0]
    BUFGCTRL_X0Y16       BUFG (Prop_bufg_I_O)         0.101     1.294 r  design_1_i/processing_system7_0/inst/buffer_fclk_clk_0.FCLK_CLK_0_BUFG/O
                         net (fo=31888, routed)       1.701     2.995    design_1_i/classifier_top_0/inst/grp_conv1_pool1_fused_fu_1306/grp_conv1_pool1_fused_Pipeline_CS1_KY_CS1_KX_CS1_IC_BLOCK_fu_2178/ap_clk
    SLICE_X80Y75         FDRE                                         r  design_1_i/classifier_top_0/inst/grp_conv1_pool1_fused_fu_1306/grp_conv1_pool1_fused_Pipeline_CS1_KY_CS1_KX_CS1_IC_BLOCK_fu_2178/ap_enable_reg_pp0_iter7_reg/C
  -------------------------------------------------------------------    -------------------
    SLICE_X80Y75         FDRE (Prop_fdre_C_Q)         0.456     3.451 r  design_1_i/classifier_top_0/inst/grp_conv1_pool1_fused_fu_1306/grp_conv1_pool1_fused_Pipeline_CS1_KY_CS1_KX_CS1_IC_BLOCK_fu_2178/ap_enable_reg_pp0_iter7_reg/Q
                         net (fo=3328, routed)        9.080    12.531    design_1_i/classifier_top_0/inst/grp_conv1_pool1_fused_fu_1306/grp_conv1_pool1_fused_Pipeline_CS1_KY_CS1_KX_CS1_IC_BLOCK_fu_2178/ap_enable_reg_pp0_iter7
    SLICE_X100Y36        FDRE                                         r  design_1_i/classifier_top_0/inst/grp_conv1_pool1_fused_fu_1306/grp_conv1_pool1_fused_Pipeline_CS1_KY_CS1_KX_CS1_IC_BLOCK_fu_2178/empty_452_fu_1202_reg[4]/CE
  -------------------------------------------------------------------    -------------------

                         (clock clk_fpga_0 rise edge)
                                                     10.000    10.000 r  
    PS7_X0Y0             PS7                          0.000    10.000 r  design_1_i/processing_system7_0/inst/PS7_i/FCLKCLK[0]
                         net (fo=1, routed)           1.088    11.088    design_1_i/processing_system7_0/inst/FCLK_CLK_unbuffered[0]
    BUFGCTRL_X0Y16       BUFG (Prop_bufg_I_O)         0.091    11.179 r  design_1_i/processing_system7_0/inst/buffer_fclk_clk_0.FCLK_CLK_0_BUFG/O
                         net (fo=31888, routed)       1.620    12.799    design_1_i/classifier_top_0/inst/grp_conv1_pool1_fused_fu_1306/grp_conv1_pool1_fused_Pipeline_CS1_KY_CS1_KX_CS1_IC_BLOCK_fu_2178/ap_clk
    SLICE_X100Y36        FDRE                                         r  design_1_i/classifier_top_0/inst/grp_conv1_pool1_fused_fu_1306/grp_conv1_pool1_fused_Pipeline_CS1_KY_CS1_KX_CS1_IC_BLOCK_fu_2178/empty_452_fu_1202_reg[4]/C
                         clock pessimism              0.115    12.914    
                         clock uncertainty           -0.154    12.760    
    SLICE_X100Y36        FDRE (Setup_fdre_C_CE)      -0.169    12.591    design_1_i/classifier_top_0/inst/grp_conv1_pool1_fused_fu_1306/grp_conv1_pool1_fused_Pipeline_CS1_KY_CS1_KX_CS1_IC_BLOCK_fu_2178/empty_452_fu_1202_reg[4]
  -------------------------------------------------------------------
                         required time                         12.591    
                         arrival time                         -12.531    
  -------------------------------------------------------------------
                         slack                                  0.060    

Slack (MET) :             0.060ns  (required time - arrival time)
  Source:                 design_1_i/classifier_top_0/inst/grp_conv1_pool1_fused_fu_1306/grp_conv1_pool1_fused_Pipeline_CS1_KY_CS1_KX_CS1_IC_BLOCK_fu_2178/ap_enable_reg_pp0_iter7_reg/C
                            (rising edge-triggered cell FDRE clocked by clk_fpga_0  {rise@0.000ns fall@5.000ns period=10.000ns})
  Destination:            design_1_i/classifier_top_0/inst/grp_conv1_pool1_fused_fu_1306/grp_conv1_pool1_fused_Pipeline_CS1_KY_CS1_KX_CS1_IC_BLOCK_fu_2178/empty_452_fu_1202_reg[5]/CE
                            (rising edge-triggered cell FDRE clocked by clk_fpga_0  {rise@0.000ns fall@5.000ns period=10.000ns})
  Path Group:             clk_fpga_0
  Path Type:              Setup (Max at Slow Process Corner)
  Requirement:            10.000ns  (clk_fpga_0 rise@10.000ns - clk_fpga_0 rise@0.000ns)
  Data Path Delay:        9.536ns  (logic 0.456ns (4.782%)  route 9.080ns (95.218%))
  Logic Levels:           0  
  Clock Path Skew:        -0.081ns (DCD - SCD + CPR)
    Destination Clock Delay (DCD):    2.799ns = ( 12.799 - 10.000 ) 
    Source Clock Delay      (SCD):    2.995ns
    Clock Pessimism Removal (CPR):    0.115ns
  Clock Uncertainty:      0.154ns  ((TSJ^2 + TIJ^2)^1/2 + DJ) / 2 + PE
    Total System Jitter     (TSJ):    0.071ns
    Total Input Jitter      (TIJ):    0.300ns
    Discrete Jitter          (DJ):    0.000ns
    Phase Error              (PE):    0.000ns

    Location             Delay type                Incr(ns)  Path(ns)    Netlist Resource(s)
  -------------------------------------------------------------------    -------------------
                         (clock clk_fpga_0 rise edge)
                                                      0.000     0.000 r  
    PS7_X0Y0             PS7                          0.000     0.000 r  design_1_i/processing_system7_0/inst/PS7_i/FCLKCLK[0]
                         net (fo=1, routed)           1.193     1.193    design_1_i/processing_system7_0/inst/FCLK_CLK_unbuffered[0]
    BUFGCTRL_X0Y16       BUFG (Prop_bufg_I_O)         0.101     1.294 r  design_1_i/processing_system7_0/inst/buffer_fclk_clk_0.FCLK_CLK_0_BUFG/O
                         net (fo=31888, routed)       1.701     2.995    design_1_i/classifier_top_0/inst/grp_conv1_pool1_fused_fu_1306/grp_conv1_pool1_fused_Pipeline_CS1_KY_CS1_KX_CS1_IC_BLOCK_fu_2178/ap_clk
    SLICE_X80Y75         FDRE                                         r  design_1_i/classifier_top_0/inst/grp_conv1_pool1_fused_fu_1306/grp_conv1_pool1_fused_Pipeline_CS1_KY_CS1_KX_CS1_IC_BLOCK_fu_2178/ap_enable_reg_pp0_iter7_reg/C
  -------------------------------------------------------------------    -------------------
    SLICE_X80Y75         FDRE (Prop_fdre_C_Q)         0.456     3.451 r  design_1_i/classifier_top_0/inst/grp_conv1_pool1_fused_fu_1306/grp_conv1_pool1_fused_Pipeline_CS1_KY_CS1_KX_CS1_IC_BLOCK_fu_2178/ap_enable_reg_pp0_iter7_reg/Q
                         net (fo=3328, routed)        9.080    12.531    design_1_i/classifier_top_0/inst/grp_conv1_pool1_fused_fu_1306/grp_conv1_pool1_fused_Pipeline_CS1_KY_CS1_KX_CS1_IC_BLOCK_fu_2178/ap_enable_reg_pp0_iter7
    SLICE_X100Y36        FDRE                                         r  design_1_i/classifier_top_0/inst/grp_conv1_pool1_fused_fu_1306/grp_conv1_pool1_fused_Pipeline_CS1_KY_CS1_KX_CS1_IC_BLOCK_fu_2178/empty_452_fu_1202_reg[5]/CE
  -------------------------------------------------------------------    -------------------

                         (clock clk_fpga_0 rise edge)
                                                     10.000    10.000 r  
    PS7_X0Y0             PS7                          0.000    10.000 r  design_1_i/processing_system7_0/inst/PS7_i/FCLKCLK[0]
                         net (fo=1, routed)           1.088    11.088    design_1_i/processing_system7_0/inst/FCLK_CLK_unbuffered[0]
    BUFGCTRL_X0Y16       BUFG (Prop_bufg_I_O)         0.091    11.179 r  design_1_i/processing_system7_0/inst/buffer_fclk_clk_0.FCLK_CLK_0_BUFG/O
                         net (fo=31888, routed)       1.620    12.799    design_1_i/classifier_top_0/inst/grp_conv1_pool1_fused_fu_1306/grp_conv1_pool1_fused_Pipeline_CS1_KY_CS1_KX_CS1_IC_BLOCK_fu_2178/ap_clk
    SLICE_X100Y36        FDRE                                         r  design_1_i/classifier_top_0/inst/grp_conv1_pool1_fused_fu_1306/grp_conv1_pool1_fused_Pipeline_CS1_KY_CS1_KX_CS1_IC_BLOCK_fu_2178/empty_452_fu_1202_reg[5]/C
                         clock pessimism              0.115    12.914    
                         clock uncertainty           -0.154    12.760    
    SLICE_X100Y36        FDRE (Setup_fdre_C_CE)      -0.169    12.591    design_1_i/classifier_top_0/inst/grp_conv1_pool1_fused_fu_1306/grp_conv1_pool1_fused_Pipeline_CS1_KY_CS1_KX_CS1_IC_BLOCK_fu_2178/empty_452_fu_1202_reg[5]
  -------------------------------------------------------------------
                         required time                         12.591    
                         arrival time                         -12.531    
  -------------------------------------------------------------------
                         slack                                  0.060    





Pulse Width Checks
--------------------------------------------------------------------------------------
Clock Name:         clk_fpga_0
Waveform(ns):       { 0.000 5.000 }
Period(ns):         10.000
Sources:            { design_1_i/processing_system7_0/inst/PS7_i/FCLKCLK[0] }

Check Type        Corner  Lib Pin      Reference Pin  Required(ns)  Actual(ns)  Slack(ns)  Location     Pin
Min Period        n/a     DSP48E1/CLK  n/a            3.884         10.000      6.116      DSP48_X0Y5   design_1_i/classifier_top_0/inst/grp_conv0_pool0_fused_fu_1050/grp_conv0_pool0_fused_Pipeline_C0_ILOAD_Y_C0_ILOAD_X_C0_ILOAD_C_fu_404/mul_7ns_9ns_15_1_1_U1/tmp_product/CLK
Min Period        n/a     DSP48E1/CLK  n/a            3.884         10.000      6.116      DSP48_X2Y1   design_1_i/classifier_top_0/inst/grp_conv0_pool0_fused_fu_1050/grp_conv0_pool0_fused_Pipeline_C0_ILOAD_Y_C0_ILOAD_X_C0_ILOAD_C_fu_404/mul_7ns_9ns_15_1_1_U3/tmp_product/CLK
Min Period        n/a     DSP48E1/CLK  n/a            3.884         10.000      6.116      DSP48_X3Y17  design_1_i/classifier_top_0/inst/grp_conv0_pool0_fused_fu_1050/grp_conv0_pool0_fused_Pipeline_C0_OX_C0_OC_BLOCK_fu_580/mac_muladd_8s_8s_16s_17_4_1_U175/classifier_top_mac_muladd_8s_8s_16s_17_4_1_DSP48_0_U/m_reg_reg/CLK
Min Period        n/a     DSP48E1/CLK  n/a            3.884         10.000      6.116      DSP48_X0Y7   design_1_i/classifier_top_0/inst/grp_conv0_pool0_fused_fu_1050/grp_conv0_pool0_fused_Pipeline_C0_OX_C0_OC_BLOCK_fu_580/mac_muladd_8s_8s_16s_17_4_1_U176/classifier_top_mac_muladd_8s_8s_16s_17_4_1_DSP48_0_U/m_reg_reg/CLK
Min Period        n/a     DSP48E1/CLK  n/a            3.884         10.000      6.116      DSP48_X1Y18  design_1_i/classifier_top_0/inst/grp_conv0_pool0_fused_fu_1050/grp_conv0_pool0_fused_Pipeline_C0_OX_C0_OC_BLOCK_fu_580/mac_muladd_8s_8s_16s_17_4_1_U177/classifier_top_mac_muladd_8s_8s_16s_17_4_1_DSP48_0_U/m_reg_reg/CLK
Min Period        n/a     DSP48E1/CLK  n/a            3.884         10.000      6.116      DSP48_X2Y24  design_1_i/classifier_top_0/inst/grp_conv0_pool0_fused_fu_1050/grp_conv0_pool0_fused_Pipeline_C0_OX_C0_OC_BLOCK_fu_580/mac_muladd_8s_8s_16s_17_4_1_U178/classifier_top_mac_muladd_8s_8s_16s_17_4_1_DSP48_0_U/m_reg_reg/CLK
Min Period        n/a     DSP48E1/CLK  n/a            3.884         10.000      6.116      DSP48_X0Y16  design_1_i/classifier_top_0/inst/grp_conv0_pool0_fused_fu_1050/grp_conv0_pool0_fused_Pipeline_C0_OX_C0_OC_BLOCK_fu_580/mac_muladd_8s_8s_16s_17_4_1_U179/classifier_top_mac_muladd_8s_8s_16s_17_4_1_DSP48_0_U/m_reg_reg/CLK
Min Period        n/a     DSP48E1/CLK  n/a            3.884         10.000      6.116      DSP48_X1Y11  design_1_i/classifier_top_0/inst/grp_conv0_pool0_fused_fu_1050/grp_conv0_pool0_fused_Pipeline_C0_OX_C0_OC_BLOCK_fu_580/mac_muladd_8s_8s_16s_17_4_1_U180/classifier_top_mac_muladd_8s_8s_16s_17_4_1_DSP48_0_U/m_reg_reg/CLK
Min Period        n/a     DSP48E1/CLK  n/a            3.884         10.000      6.116      DSP48_X2Y20  design_1_i/classifier_top_0/inst/grp_conv0_pool0_fused_fu_1050/grp_conv0_pool0_fused_Pipeline_C0_OX_C0_OC_BLOCK_fu_580/mac_muladd_8s_8s_16s_17_4_1_U181/classifier_top_mac_muladd_8s_8s_16s_17_4_1_DSP48_0_U/m_reg_reg/CLK
Min Period        n/a     DSP48E1/CLK  n/a            3.884         10.000      6.116      DSP48_X0Y6   design_1_i/classifier_top_0/inst/grp_conv0_pool0_fused_fu_1050/grp_conv0_pool0_fused_Pipeline_C0_OX_C0_OC_BLOCK_fu_580/mac_muladd_8s_8s_16s_17_4_1_U182/classifier_top_mac_muladd_8s_8s_16s_17_4_1_DSP48_0_U/m_reg_reg/CLK
Low Pulse Width   Slow    RAMD32/CLK   n/a            1.250         5.000       3.750      SLICE_X2Y38  <hidden>
Low Pulse Width   Fast    RAMD32/CLK   n/a            1.250         5.000       3.750      SLICE_X2Y38  <hidden>
Low Pulse Width   Slow    RAMD32/CLK   n/a            1.250         5.000       3.750      SLICE_X2Y38  <hidden>
Low Pulse Width   Fast    RAMD32/CLK   n/a            1.250         5.000       3.750      SLICE_X2Y38  <hidden>
Low Pulse Width   Slow    RAMD32/CLK   n/a            1.250         5.000       3.750      SLICE_X8Y49  <hidden>
Low Pulse Width   Fast    RAMD32/CLK   n/a            1.250         5.000       3.750      SLICE_X8Y49  <hidden>
Low Pulse Width   Slow    RAMD32/CLK   n/a            1.250         5.000       3.750      SLICE_X8Y49  <hidden>
Low Pulse Width   Fast    RAMD32/CLK   n/a            1.250         5.000       3.750      SLICE_X8Y49  <hidden>
Low Pulse Width   Slow    RAMD32/CLK   n/a            1.250         5.000       3.750      SLICE_X8Y49  <hidden>
Low Pulse Width   Fast    RAMD32/CLK   n/a            1.250         5.000       3.750      SLICE_X8Y49  <hidden>
High Pulse Width  Slow    RAMD32/CLK   n/a            1.250         5.000       3.750      SLICE_X2Y38  <hidden>
High Pulse Width  Fast    RAMD32/CLK   n/a            1.250         5.000       3.750      SLICE_X2Y38  <hidden>
High Pulse Width  Slow    RAMD32/CLK   n/a            1.250         5.000       3.750      SLICE_X2Y38  <hidden>
High Pulse Width  Fast    RAMD32/CLK   n/a            1.250         5.000       3.750      SLICE_X2Y38  <hidden>
High Pulse Width  Slow    RAMD32/CLK   n/a            1.250         5.000       3.750      SLICE_X8Y49  <hidden>
High Pulse Width  Fast    RAMD32/CLK   n/a            1.250         5.000       3.750      SLICE_X8Y49  <hidden>
High Pulse Width  Slow    RAMD32/CLK   n/a            1.250         5.000       3.750      SLICE_X8Y49  <hidden>
High Pulse Width  Fast    RAMD32/CLK   n/a            1.250         5.000       3.750      SLICE_X8Y49  <hidden>
High Pulse Width  Slow    RAMD32/CLK   n/a            1.250         5.000       3.750      SLICE_X8Y49  <hidden>
High Pulse Width  Fast    RAMD32/CLK   n/a            1.250         5.000       3.750      SLICE_X8Y49  <hidden>



---------------------------------------------------------------------------------------------------
Path Group:  **async_default**
From Clock:  clk_fpga_0
  To Clock:  clk_fpga_0

Setup :            0  Failing Endpoints,  Worst Slack        6.665ns,  Total Violation        0.000ns
Hold  :           NA  Failing Endpoints,  Worst Slack           NA  ,  Total Violation           NA
---------------------------------------------------------------------------------------------------


Max Delay Paths
--------------------------------------------------------------------------------------
Slack (MET) :             6.665ns  (required time - arrival time)
  Source:                 <hidden>
                            (rising edge-triggered cell FDPE clocked by clk_fpga_0  {rise@0.000ns fall@5.000ns period=10.000ns})
  Destination:            <hidden>
                            (recovery check against rising-edge clock clk_fpga_0  {rise@0.000ns fall@5.000ns period=10.000ns})
  Path Group:             **async_default**
  Path Type:              Recovery (Max at Slow Process Corner)
  Requirement:            10.000ns  (clk_fpga_0 rise@10.000ns - clk_fpga_0 rise@0.000ns)
  Data Path Delay:        2.748ns  (logic 0.718ns (26.128%)  route 2.030ns (73.872%))
  Logic Levels:           1  (LUT3=1)
  Clock Path Skew:        -0.028ns (DCD - SCD + CPR)
    Destination Clock Delay (DCD):    2.835ns = ( 12.835 - 10.000 ) 
    Source Clock Delay      (SCD):    3.132ns
    Clock Pessimism Removal (CPR):    0.269ns
  Clock Uncertainty:      0.154ns  ((TSJ^2 + TIJ^2)^1/2 + DJ) / 2 + PE
    Total System Jitter     (TSJ):    0.071ns
    Total Input Jitter      (TIJ):    0.300ns
    Discrete Jitter          (DJ):    0.000ns
    Phase Error              (PE):    0.000ns

    Location             Delay type                Incr(ns)  Path(ns)    Netlist Resource(s)
  -------------------------------------------------------------------    -------------------
                         (clock clk_fpga_0 rise edge)
                                                      0.000     0.000 r  
    PS7_X0Y0             PS7                          0.000     0.000 r  design_1_i/processing_system7_0/inst/PS7_i/FCLKCLK[0]
                         net (fo=1, routed)           1.193     1.193    design_1_i/processing_system7_0/inst/FCLK_CLK_unbuffered[0]
    BUFGCTRL_X0Y16       BUFG (Prop_bufg_I_O)         0.101     1.294 r  design_1_i/processing_system7_0/inst/buffer_fclk_clk_0.FCLK_CLK_0_BUFG/O
                         net (fo=31888, routed)       1.838     3.132    <hidden>
    SLICE_X1Y44          FDPE                                         r  <hidden>
  -------------------------------------------------------------------    -------------------
    SLICE_X1Y44          FDPE (Prop_fdpe_C_Q)         0.419     3.551 f  <hidden>
                         net (fo=2, routed)           0.887     4.438    <hidden>
    SLICE_X0Y44          LUT3 (Prop_lut3_I2_O)        0.299     4.737 f  <hidden>
                         net (fo=33, routed)          1.143     5.880    <hidden>
    SLICE_X3Y38          FDCE                                         f  <hidden>
  -------------------------------------------------------------------    -------------------

                         (clock clk_fpga_0 rise edge)
                                                     10.000    10.000 r  
    PS7_X0Y0             PS7                          0.000    10.000 r  design_1_i/processing_system7_0/inst/PS7_i/FCLKCLK[0]
                         net (fo=1, routed)           1.088    11.088    design_1_i/processing_system7_0/inst/FCLK_CLK_unbuffered[0]
    BUFGCTRL_X0Y16       BUFG (Prop_bufg_I_O)         0.091    11.179 r  design_1_i/processing_system7_0/inst/buffer_fclk_clk_0.FCLK_CLK_0_BUFG/O
                         net (fo=31888, routed)       1.656    12.835    <hidden>
    SLICE_X3Y38          FDCE                                         r  <hidden>
                         clock pessimism              0.269    13.104    
                         clock uncertainty           -0.154    12.950    
    SLICE_X3Y38          FDCE (Recov_fdce_C_CLR)     -0.405    12.545    <hidden>
  -------------------------------------------------------------------
                         required time                         12.545    
                         arrival time                          -5.880    
  -------------------------------------------------------------------
                         slack                                  6.665    

Slack (MET) :             6.665ns  (required time - arrival time)
  Source:                 <hidden>
                            (rising edge-triggered cell FDPE clocked by clk_fpga_0  {rise@0.000ns fall@5.000ns period=10.000ns})
  Destination:            <hidden>
                            (recovery check against rising-edge clock clk_fpga_0  {rise@0.000ns fall@5.000ns period=10.000ns})
  Path Group:             **async_default**
  Path Type:              Recovery (Max at Slow Process Corner)
  Requirement:            10.000ns  (clk_fpga_0 rise@10.000ns - clk_fpga_0 rise@0.000ns)
  Data Path Delay:        2.748ns  (logic 0.718ns (26.128%)  route 2.030ns (73.872%))
  Logic Levels:           1  (LUT3=1)
  Clock Path Skew:        -0.028ns (DCD - SCD + CPR)
    Destination Clock Delay (DCD):    2.835ns = ( 12.835 - 10.000 ) 
    Source Clock Delay      (SCD):    3.132ns
    Clock Pessimism Removal (CPR):    0.269ns
  Clock Uncertainty:      0.154ns  ((TSJ^2 + TIJ^2)^1/2 + DJ) / 2 + PE
    Total System Jitter     (TSJ):    0.071ns
    Total Input Jitter      (TIJ):    0.300ns
    Discrete Jitter          (DJ):    0.000ns
    Phase Error              (PE):    0.000ns

    Location             Delay type                Incr(ns)  Path(ns)    Netlist Resource(s)
  -------------------------------------------------------------------    -------------------
                         (clock clk_fpga_0 rise edge)
                                                      0.000     0.000 r  
    PS7_X0Y0             PS7                          0.000     0.000 r  design_1_i/processing_system7_0/inst/PS7_i/FCLKCLK[0]
                         net (fo=1, routed)           1.193     1.193    design_1_i/processing_system7_0/inst/FCLK_CLK_unbuffered[0]
    BUFGCTRL_X0Y16       BUFG (Prop_bufg_I_O)         0.101     1.294 r  design_1_i/processing_system7_0/inst/buffer_fclk_clk_0.FCLK_CLK_0_BUFG/O
                         net (fo=31888, routed)       1.838     3.132    <hidden>
    SLICE_X1Y44          FDPE                                         r  <hidden>
  -------------------------------------------------------------------    -------------------
    SLICE_X1Y44          FDPE (Prop_fdpe_C_Q)         0.419     3.551 f  <hidden>
                         net (fo=2, routed)           0.887     4.438    <hidden>
    SLICE_X0Y44          LUT3 (Prop_lut3_I2_O)        0.299     4.737 f  <hidden>
                         net (fo=33, routed)          1.143     5.880    <hidden>
    SLICE_X3Y38          FDCE                                         f  <hidden>
  -------------------------------------------------------------------    -------------------

                         (clock clk_fpga_0 rise edge)
                                                     10.000    10.000 r  
    PS7_X0Y0             PS7                          0.000    10.000 r  design_1_i/processing_system7_0/inst/PS7_i/FCLKCLK[0]
                         net (fo=1, routed)           1.088    11.088    design_1_i/processing_system7_0/inst/FCLK_CLK_unbuffered[0]
    BUFGCTRL_X0Y16       BUFG (Prop_bufg_I_O)         0.091    11.179 r  design_1_i/processing_system7_0/inst/buffer_fclk_clk_0.FCLK_CLK_0_BUFG/O
                         net (fo=31888, routed)       1.656    12.835    <hidden>
    SLICE_X3Y38          FDCE                                         r  <hidden>
                         clock pessimism              0.269    13.104    
                         clock uncertainty           -0.154    12.950    
    SLICE_X3Y38          FDCE (Recov_fdce_C_CLR)     -0.405    12.545    <hidden>
  -------------------------------------------------------------------
                         required time                         12.545    
                         arrival time                          -5.880    
  -------------------------------------------------------------------
                         slack                                  6.665    

Slack (MET) :             6.703ns  (required time - arrival time)
  Source:                 <hidden>
                            (rising edge-triggered cell FDPE clocked by clk_fpga_0  {rise@0.000ns fall@5.000ns period=10.000ns})
  Destination:            <hidden>
                            (recovery check against rising-edge clock clk_fpga_0  {rise@0.000ns fall@5.000ns period=10.000ns})
  Path Group:             **async_default**
  Path Type:              Recovery (Max at Slow Process Corner)
  Requirement:            10.000ns  (clk_fpga_0 rise@10.000ns - clk_fpga_0 rise@0.000ns)
  Data Path Delay:        2.709ns  (logic 0.718ns (26.502%)  route 1.991ns (73.498%))
  Logic Levels:           1  (LUT3=1)
  Clock Path Skew:        -0.029ns (DCD - SCD + CPR)
    Destination Clock Delay (DCD):    2.835ns = ( 12.835 - 10.000 ) 
    Source Clock Delay      (SCD):    3.132ns
    Clock Pessimism Removal (CPR):    0.269ns
  Clock Uncertainty:      0.154ns  ((TSJ^2 + TIJ^2)^1/2 + DJ) / 2 + PE
    Total System Jitter     (TSJ):    0.071ns
    Total Input Jitter      (TIJ):    0.300ns
    Discrete Jitter          (DJ):    0.000ns
    Phase Error              (PE):    0.000ns

    Location             Delay type                Incr(ns)  Path(ns)    Netlist Resource(s)
  -------------------------------------------------------------------    -------------------
                         (clock clk_fpga_0 rise edge)
                                                      0.000     0.000 r  
    PS7_X0Y0             PS7                          0.000     0.000 r  design_1_i/processing_system7_0/inst/PS7_i/FCLKCLK[0]
                         net (fo=1, routed)           1.193     1.193    design_1_i/processing_system7_0/inst/FCLK_CLK_unbuffered[0]
    BUFGCTRL_X0Y16       BUFG (Prop_bufg_I_O)         0.101     1.294 r  design_1_i/processing_system7_0/inst/buffer_fclk_clk_0.FCLK_CLK_0_BUFG/O
                         net (fo=31888, routed)       1.838     3.132    <hidden>
    SLICE_X1Y44          FDPE                                         r  <hidden>
  -------------------------------------------------------------------    -------------------
    SLICE_X1Y44          FDPE (Prop_fdpe_C_Q)         0.419     3.551 f  <hidden>
                         net (fo=2, routed)           0.887     4.438    <hidden>
    SLICE_X0Y44          LUT3 (Prop_lut3_I2_O)        0.299     4.737 f  <hidden>
                         net (fo=33, routed)          1.104     5.841    <hidden>
    SLICE_X1Y37          FDCE                                         f  <hidden>
  -------------------------------------------------------------------    -------------------

                         (clock clk_fpga_0 rise edge)
                                                     10.000    10.000 r  
    PS7_X0Y0             PS7                          0.000    10.000 r  design_1_i/processing_system7_0/inst/PS7_i/FCLKCLK[0]
                         net (fo=1, routed)           1.088    11.088    design_1_i/processing_system7_0/inst/FCLK_CLK_unbuffered[0]
    BUFGCTRL_X0Y16       BUFG (Prop_bufg_I_O)         0.091    11.179 r  design_1_i/processing_system7_0/inst/buffer_fclk_clk_0.FCLK_CLK_0_BUFG/O
                         net (fo=31888, routed)       1.655    12.835    <hidden>
    SLICE_X1Y37          FDCE                                         r  <hidden>
                         clock pessimism              0.269    13.103    
                         clock uncertainty           -0.154    12.949    
    SLICE_X1Y37          FDCE (Recov_fdce_C_CLR)     -0.405    12.544    <hidden>
  -------------------------------------------------------------------
                         required time                         12.544    
                         arrival time                          -5.841    
  -------------------------------------------------------------------
                         slack                                  6.703    

Slack (MET) :             6.703ns  (required time - arrival time)
  Source:                 <hidden>
                            (rising edge-triggered cell FDPE clocked by clk_fpga_0  {rise@0.000ns fall@5.000ns period=10.000ns})
  Destination:            <hidden>
                            (recovery check against rising-edge clock clk_fpga_0  {rise@0.000ns fall@5.000ns period=10.000ns})
  Path Group:             **async_default**
  Path Type:              Recovery (Max at Slow Process Corner)
  Requirement:            10.000ns  (clk_fpga_0 rise@10.000ns - clk_fpga_0 rise@0.000ns)
  Data Path Delay:        2.709ns  (logic 0.718ns (26.502%)  route 1.991ns (73.498%))
  Logic Levels:           1  (LUT3=1)
  Clock Path Skew:        -0.029ns (DCD - SCD + CPR)
    Destination Clock Delay (DCD):    2.835ns = ( 12.835 - 10.000 ) 
    Source Clock Delay      (SCD):    3.132ns
    Clock Pessimism Removal (CPR):    0.269ns
  Clock Uncertainty:      0.154ns  ((TSJ^2 + TIJ^2)^1/2 + DJ) / 2 + PE
    Total System Jitter     (TSJ):    0.071ns
    Total Input Jitter      (TIJ):    0.300ns
    Discrete Jitter          (DJ):    0.000ns
    Phase Error              (PE):    0.000ns

    Location             Delay type                Incr(ns)  Path(ns)    Netlist Resource(s)
  -------------------------------------------------------------------    -------------------
                         (clock clk_fpga_0 rise edge)
                                                      0.000     0.000 r  
    PS7_X0Y0             PS7                          0.000     0.000 r  design_1_i/processing_system7_0/inst/PS7_i/FCLKCLK[0]
                         net (fo=1, routed)           1.193     1.193    design_1_i/processing_system7_0/inst/FCLK_CLK_unbuffered[0]
    BUFGCTRL_X0Y16       BUFG (Prop_bufg_I_O)         0.101     1.294 r  design_1_i/processing_system7_0/inst/buffer_fclk_clk_0.FCLK_CLK_0_BUFG/O
                         net (fo=31888, routed)       1.838     3.132    <hidden>
    SLICE_X1Y44          FDPE                                         r  <hidden>
  -------------------------------------------------------------------    -------------------
    SLICE_X1Y44          FDPE (Prop_fdpe_C_Q)         0.419     3.551 f  <hidden>
                         net (fo=2, routed)           0.887     4.438    <hidden>
    SLICE_X0Y44          LUT3 (Prop_lut3_I2_O)        0.299     4.737 f  <hidden>
                         net (fo=33, routed)          1.104     5.841    <hidden>
    SLICE_X1Y37          FDCE                                         f  <hidden>
  -------------------------------------------------------------------    -------------------

                         (clock clk_fpga_0 rise edge)
                                                     10.000    10.000 r  
    PS7_X0Y0             PS7                          0.000    10.000 r  design_1_i/processing_system7_0/inst/PS7_i/FCLKCLK[0]
                         net (fo=1, routed)           1.088    11.088    design_1_i/processing_system7_0/inst/FCLK_CLK_unbuffered[0]
    BUFGCTRL_X0Y16       BUFG (Prop_bufg_I_O)         0.091    11.179 r  design_1_i/processing_system7_0/inst/buffer_fclk_clk_0.FCLK_CLK_0_BUFG/O
                         net (fo=31888, routed)       1.655    12.835    <hidden>
    SLICE_X1Y37          FDCE                                         r  <hidden>
                         clock pessimism              0.269    13.103    
                         clock uncertainty           -0.154    12.949    
    SLICE_X1Y37          FDCE (Recov_fdce_C_CLR)     -0.405    12.544    <hidden>
  -------------------------------------------------------------------
                         required time                         12.544    
                         arrival time                          -5.841    
  -------------------------------------------------------------------
                         slack                                  6.703    

Slack (MET) :             6.703ns  (required time - arrival time)
  Source:                 <hidden>
                            (rising edge-triggered cell FDPE clocked by clk_fpga_0  {rise@0.000ns fall@5.000ns period=10.000ns})
  Destination:            <hidden>
                            (recovery check against rising-edge clock clk_fpga_0  {rise@0.000ns fall@5.000ns period=10.000ns})
  Path Group:             **async_default**
  Path Type:              Recovery (Max at Slow Process Corner)
  Requirement:            10.000ns  (clk_fpga_0 rise@10.000ns - clk_fpga_0 rise@0.000ns)
  Data Path Delay:        2.709ns  (logic 0.718ns (26.502%)  route 1.991ns (73.498%))
  Logic Levels:           1  (LUT3=1)
  Clock Path Skew:        -0.029ns (DCD - SCD + CPR)
    Destination Clock Delay (DCD):    2.835ns = ( 12.835 - 10.000 ) 
    Source Clock Delay      (SCD):    3.132ns
    Clock Pessimism Removal (CPR):    0.269ns
  Clock Uncertainty:      0.154ns  ((TSJ^2 + TIJ^2)^1/2 + DJ) / 2 + PE
    Total System Jitter     (TSJ):    0.071ns
    Total Input Jitter      (TIJ):    0.300ns
    Discrete Jitter          (DJ):    0.000ns
    Phase Error              (PE):    0.000ns

    Location             Delay type                Incr(ns)  Path(ns)    Netlist Resource(s)
  -------------------------------------------------------------------    -------------------
                         (clock clk_fpga_0 rise edge)
                                                      0.000     0.000 r  
    PS7_X0Y0             PS7                          0.000     0.000 r  design_1_i/processing_system7_0/inst/PS7_i/FCLKCLK[0]
                         net (fo=1, routed)           1.193     1.193    design_1_i/processing_system7_0/inst/FCLK_CLK_unbuffered[0]
    BUFGCTRL_X0Y16       BUFG (Prop_bufg_I_O)         0.101     1.294 r  design_1_i/processing_system7_0/inst/buffer_fclk_clk_0.FCLK_CLK_0_BUFG/O
                         net (fo=31888, routed)       1.838     3.132    <hidden>
    SLICE_X1Y44          FDPE                                         r  <hidden>
  -------------------------------------------------------------------    -------------------
    SLICE_X1Y44          FDPE (Prop_fdpe_C_Q)         0.419     3.551 f  <hidden>
                         net (fo=2, routed)           0.887     4.438    <hidden>
    SLICE_X0Y44          LUT3 (Prop_lut3_I2_O)        0.299     4.737 f  <hidden>
                         net (fo=33, routed)          1.104     5.841    <hidden>
    SLICE_X1Y37          FDCE                                         f  <hidden>
  -------------------------------------------------------------------    -------------------

                         (clock clk_fpga_0 rise edge)
                                                     10.000    10.000 r  
    PS7_X0Y0             PS7                          0.000    10.000 r  design_1_i/processing_system7_0/inst/PS7_i/FCLKCLK[0]
                         net (fo=1, routed)           1.088    11.088    design_1_i/processing_system7_0/inst/FCLK_CLK_unbuffered[0]
    BUFGCTRL_X0Y16       BUFG (Prop_bufg_I_O)         0.091    11.179 r  design_1_i/processing_system7_0/inst/buffer_fclk_clk_0.FCLK_CLK_0_BUFG/O
                         net (fo=31888, routed)       1.655    12.835    <hidden>
    SLICE_X1Y37          FDCE                                         r  <hidden>
                         clock pessimism              0.269    13.103    
                         clock uncertainty           -0.154    12.949    
    SLICE_X1Y37          FDCE (Recov_fdce_C_CLR)     -0.405    12.544    <hidden>
  -------------------------------------------------------------------
                         required time                         12.544    
                         arrival time                          -5.841    
  -------------------------------------------------------------------
                         slack                                  6.703    

Slack (MET) :             6.747ns  (required time - arrival time)
  Source:                 <hidden>
                            (rising edge-triggered cell FDPE clocked by clk_fpga_0  {rise@0.000ns fall@5.000ns period=10.000ns})
  Destination:            <hidden>
                            (recovery check against rising-edge clock clk_fpga_0  {rise@0.000ns fall@5.000ns period=10.000ns})
  Path Group:             **async_default**
  Path Type:              Recovery (Max at Slow Process Corner)
  Requirement:            10.000ns  (clk_fpga_0 rise@10.000ns - clk_fpga_0 rise@0.000ns)
  Data Path Delay:        2.709ns  (logic 0.718ns (26.502%)  route 1.991ns (73.498%))
  Logic Levels:           1  (LUT3=1)
  Clock Path Skew:        -0.029ns (DCD - SCD + CPR)
    Destination Clock Delay (DCD):    2.835ns = ( 12.835 - 10.000 ) 
    Source Clock Delay      (SCD):    3.132ns
    Clock Pessimism Removal (CPR):    0.269ns
  Clock Uncertainty:      0.154ns  ((TSJ^2 + TIJ^2)^1/2 + DJ) / 2 + PE
    Total System Jitter     (TSJ):    0.071ns
    Total Input Jitter      (TIJ):    0.300ns
    Discrete Jitter          (DJ):    0.000ns
    Phase Error              (PE):    0.000ns

    Location             Delay type                Incr(ns)  Path(ns)    Netlist Resource(s)
  -------------------------------------------------------------------    -------------------
                         (clock clk_fpga_0 rise edge)
                                                      0.000     0.000 r  
    PS7_X0Y0             PS7                          0.000     0.000 r  design_1_i/processing_system7_0/inst/PS7_i/FCLKCLK[0]
                         net (fo=1, routed)           1.193     1.193    design_1_i/processing_system7_0/inst/FCLK_CLK_unbuffered[0]
    BUFGCTRL_X0Y16       BUFG (Prop_bufg_I_O)         0.101     1.294 r  design_1_i/processing_system7_0/inst/buffer_fclk_clk_0.FCLK_CLK_0_BUFG/O
                         net (fo=31888, routed)       1.838     3.132    <hidden>
    SLICE_X1Y44          FDPE                                         r  <hidden>
  -------------------------------------------------------------------    -------------------
    SLICE_X1Y44          FDPE (Prop_fdpe_C_Q)         0.419     3.551 f  <hidden>
                         net (fo=2, routed)           0.887     4.438    <hidden>
    SLICE_X0Y44          LUT3 (Prop_lut3_I2_O)        0.299     4.737 f  <hidden>
                         net (fo=33, routed)          1.104     5.841    <hidden>
    SLICE_X0Y37          FDPE                                         f  <hidden>
  -------------------------------------------------------------------    -------------------

                         (clock clk_fpga_0 rise edge)
                                                     10.000    10.000 r  
    PS7_X0Y0             PS7                          0.000    10.000 r  design_1_i/processing_system7_0/inst/PS7_i/FCLKCLK[0]
                         net (fo=1, routed)           1.088    11.088    design_1_i/processing_system7_0/inst/FCLK_CLK_unbuffered[0]
    BUFGCTRL_X0Y16       BUFG (Prop_bufg_I_O)         0.091    11.179 r  design_1_i/processing_system7_0/inst/buffer_fclk_clk_0.FCLK_CLK_0_BUFG/O
                         net (fo=31888, routed)       1.655    12.835    <hidden>
    SLICE_X0Y37          FDPE                                         r  <hidden>
                         clock pessimism              0.269    13.103    
                         clock uncertainty           -0.154    12.949    
    SLICE_X0Y37          FDPE (Recov_fdpe_C_PRE)     -0.361    12.588    <hidden>
  -------------------------------------------------------------------
                         required time                         12.588    
                         arrival time                          -5.841    
  -------------------------------------------------------------------
                         slack                                  6.747    

Slack (MET) :             6.747ns  (required time - arrival time)
  Source:                 <hidden>
                            (rising edge-triggered cell FDPE clocked by clk_fpga_0  {rise@0.000ns fall@5.000ns period=10.000ns})
  Destination:            <hidden>
                            (recovery check against rising-edge clock clk_fpga_0  {rise@0.000ns fall@5.000ns period=10.000ns})
  Path Group:             **async_default**
  Path Type:              Recovery (Max at Slow Process Corner)
  Requirement:            10.000ns  (clk_fpga_0 rise@10.000ns - clk_fpga_0 rise@0.000ns)
  Data Path Delay:        2.709ns  (logic 0.718ns (26.502%)  route 1.991ns (73.498%))
  Logic Levels:           1  (LUT3=1)
  Clock Path Skew:        -0.029ns (DCD - SCD + CPR)
    Destination Clock Delay (DCD):    2.835ns = ( 12.835 - 10.000 ) 
    Source Clock Delay      (SCD):    3.132ns
    Clock Pessimism Removal (CPR):    0.269ns
  Clock Uncertainty:      0.154ns  ((TSJ^2 + TIJ^2)^1/2 + DJ) / 2 + PE
    Total System Jitter     (TSJ):    0.071ns
    Total Input Jitter      (TIJ):    0.300ns
    Discrete Jitter          (DJ):    0.000ns
    Phase Error              (PE):    0.000ns

    Location             Delay type                Incr(ns)  Path(ns)    Netlist Resource(s)
  -------------------------------------------------------------------    -------------------
                         (clock clk_fpga_0 rise edge)
                                                      0.000     0.000 r  
    PS7_X0Y0             PS7                          0.000     0.000 r  design_1_i/processing_system7_0/inst/PS7_i/FCLKCLK[0]
                         net (fo=1, routed)           1.193     1.193    design_1_i/processing_system7_0/inst/FCLK_CLK_unbuffered[0]
    BUFGCTRL_X0Y16       BUFG (Prop_bufg_I_O)         0.101     1.294 r  design_1_i/processing_system7_0/inst/buffer_fclk_clk_0.FCLK_CLK_0_BUFG/O
                         net (fo=31888, routed)       1.838     3.132    <hidden>
    SLICE_X1Y44          FDPE                                         r  <hidden>
  -------------------------------------------------------------------    -------------------
    SLICE_X1Y44          FDPE (Prop_fdpe_C_Q)         0.419     3.551 f  <hidden>
                         net (fo=2, routed)           0.887     4.438    <hidden>
    SLICE_X0Y44          LUT3 (Prop_lut3_I2_O)        0.299     4.737 f  <hidden>
                         net (fo=33, routed)          1.104     5.841    <hidden>
    SLICE_X0Y37          FDCE                                         f  <hidden>
  -------------------------------------------------------------------    -------------------

                         (clock clk_fpga_0 rise edge)
                                                     10.000    10.000 r  
    PS7_X0Y0             PS7                          0.000    10.000 r  design_1_i/processing_system7_0/inst/PS7_i/FCLKCLK[0]
                         net (fo=1, routed)           1.088    11.088    design_1_i/processing_system7_0/inst/FCLK_CLK_unbuffered[0]
    BUFGCTRL_X0Y16       BUFG (Prop_bufg_I_O)         0.091    11.179 r  design_1_i/processing_system7_0/inst/buffer_fclk_clk_0.FCLK_CLK_0_BUFG/O
                         net (fo=31888, routed)       1.655    12.835    <hidden>
    SLICE_X0Y37          FDCE                                         r  <hidden>
                         clock pessimism              0.269    13.103    
                         clock uncertainty           -0.154    12.949    
    SLICE_X0Y37          FDCE (Recov_fdce_C_CLR)     -0.361    12.588    <hidden>
  -------------------------------------------------------------------
                         required time                         12.588    
                         arrival time                          -5.841    
  -------------------------------------------------------------------
                         slack                                  6.747    

Slack (MET) :             6.747ns  (required time - arrival time)
  Source:                 <hidden>
                            (rising edge-triggered cell FDPE clocked by clk_fpga_0  {rise@0.000ns fall@5.000ns period=10.000ns})
  Destination:            <hidden>
                            (recovery check against rising-edge clock clk_fpga_0  {rise@0.000ns fall@5.000ns period=10.000ns})
  Path Group:             **async_default**
  Path Type:              Recovery (Max at Slow Process Corner)
  Requirement:            10.000ns  (clk_fpga_0 rise@10.000ns - clk_fpga_0 rise@0.000ns)
  Data Path Delay:        2.709ns  (logic 0.718ns (26.502%)  route 1.991ns (73.498%))
  Logic Levels:           1  (LUT3=1)
  Clock Path Skew:        -0.029ns (DCD - SCD + CPR)
    Destination Clock Delay (DCD):    2.835ns = ( 12.835 - 10.000 ) 
    Source Clock Delay      (SCD):    3.132ns
    Clock Pessimism Removal (CPR):    0.269ns
  Clock Uncertainty:      0.154ns  ((TSJ^2 + TIJ^2)^1/2 + DJ) / 2 + PE
    Total System Jitter     (TSJ):    0.071ns
    Total Input Jitter      (TIJ):    0.300ns
    Discrete Jitter          (DJ):    0.000ns
    Phase Error              (PE):    0.000ns

    Location             Delay type                Incr(ns)  Path(ns)    Netlist Resource(s)
  -------------------------------------------------------------------    -------------------
                         (clock clk_fpga_0 rise edge)
                                                      0.000     0.000 r  
    PS7_X0Y0             PS7                          0.000     0.000 r  design_1_i/processing_system7_0/inst/PS7_i/FCLKCLK[0]
                         net (fo=1, routed)           1.193     1.193    design_1_i/processing_system7_0/inst/FCLK_CLK_unbuffered[0]
    BUFGCTRL_X0Y16       BUFG (Prop_bufg_I_O)         0.101     1.294 r  design_1_i/processing_system7_0/inst/buffer_fclk_clk_0.FCLK_CLK_0_BUFG/O
                         net (fo=31888, routed)       1.838     3.132    <hidden>
    SLICE_X1Y44          FDPE                                         r  <hidden>
  -------------------------------------------------------------------    -------------------
    SLICE_X1Y44          FDPE (Prop_fdpe_C_Q)         0.419     3.551 f  <hidden>
                         net (fo=2, routed)           0.887     4.438    <hidden>
    SLICE_X0Y44          LUT3 (Prop_lut3_I2_O)        0.299     4.737 f  <hidden>
                         net (fo=33, routed)          1.104     5.841    <hidden>
    SLICE_X0Y37          FDCE                                         f  <hidden>
  -------------------------------------------------------------------    -------------------

                         (clock clk_fpga_0 rise edge)
                                                     10.000    10.000 r  
    PS7_X0Y0             PS7                          0.000    10.000 r  design_1_i/processing_system7_0/inst/PS7_i/FCLKCLK[0]
                         net (fo=1, routed)           1.088    11.088    design_1_i/processing_system7_0/inst/FCLK_CLK_unbuffered[0]
    BUFGCTRL_X0Y16       BUFG (Prop_bufg_I_O)         0.091    11.179 r  design_1_i/processing_system7_0/inst/buffer_fclk_clk_0.FCLK_CLK_0_BUFG/O
                         net (fo=31888, routed)       1.655    12.835    <hidden>
    SLICE_X0Y37          FDCE                                         r  <hidden>
                         clock pessimism              0.269    13.103    
                         clock uncertainty           -0.154    12.949    
    SLICE_X0Y37          FDCE (Recov_fdce_C_CLR)     -0.361    12.588    <hidden>
  -------------------------------------------------------------------
                         required time                         12.588    
                         arrival time                          -5.841    
  -------------------------------------------------------------------
                         slack                                  6.747    

Slack (MET) :             6.789ns  (required time - arrival time)
  Source:                 <hidden>
                            (rising edge-triggered cell FDPE clocked by clk_fpga_0  {rise@0.000ns fall@5.000ns period=10.000ns})
  Destination:            <hidden>
                            (recovery check against rising-edge clock clk_fpga_0  {rise@0.000ns fall@5.000ns period=10.000ns})
  Path Group:             **async_default**
  Path Type:              Recovery (Max at Slow Process Corner)
  Requirement:            10.000ns  (clk_fpga_0 rise@10.000ns - clk_fpga_0 rise@0.000ns)
  Data Path Delay:        2.709ns  (logic 0.718ns (26.502%)  route 1.991ns (73.498%))
  Logic Levels:           1  (LUT3=1)
  Clock Path Skew:        -0.029ns (DCD - SCD + CPR)
    Destination Clock Delay (DCD):    2.835ns = ( 12.835 - 10.000 ) 
    Source Clock Delay      (SCD):    3.132ns
    Clock Pessimism Removal (CPR):    0.269ns
  Clock Uncertainty:      0.154ns  ((TSJ^2 + TIJ^2)^1/2 + DJ) / 2 + PE
    Total System Jitter     (TSJ):    0.071ns
    Total Input Jitter      (TIJ):    0.300ns
    Discrete Jitter          (DJ):    0.000ns
    Phase Error              (PE):    0.000ns

    Location             Delay type                Incr(ns)  Path(ns)    Netlist Resource(s)
  -------------------------------------------------------------------    -------------------
                         (clock clk_fpga_0 rise edge)
                                                      0.000     0.000 r  
    PS7_X0Y0             PS7                          0.000     0.000 r  design_1_i/processing_system7_0/inst/PS7_i/FCLKCLK[0]
                         net (fo=1, routed)           1.193     1.193    design_1_i/processing_system7_0/inst/FCLK_CLK_unbuffered[0]
    BUFGCTRL_X0Y16       BUFG (Prop_bufg_I_O)         0.101     1.294 r  design_1_i/processing_system7_0/inst/buffer_fclk_clk_0.FCLK_CLK_0_BUFG/O
                         net (fo=31888, routed)       1.838     3.132    <hidden>
    SLICE_X1Y44          FDPE                                         r  <hidden>
  -------------------------------------------------------------------    -------------------
    SLICE_X1Y44          FDPE (Prop_fdpe_C_Q)         0.419     3.551 f  <hidden>
                         net (fo=2, routed)           0.887     4.438    <hidden>
    SLICE_X0Y44          LUT3 (Prop_lut3_I2_O)        0.299     4.737 f  <hidden>
                         net (fo=33, routed)          1.104     5.841    <hidden>
    SLICE_X0Y37          FDCE                                         f  <hidden>
  -------------------------------------------------------------------    -------------------

                         (clock clk_fpga_0 rise edge)
                                                     10.000    10.000 r  
    PS7_X0Y0             PS7                          0.000    10.000 r  design_1_i/processing_system7_0/inst/PS7_i/FCLKCLK[0]
                         net (fo=1, routed)           1.088    11.088    design_1_i/processing_system7_0/inst/FCLK_CLK_unbuffered[0]
    BUFGCTRL_X0Y16       BUFG (Prop_bufg_I_O)         0.091    11.179 r  design_1_i/processing_system7_0/inst/buffer_fclk_clk_0.FCLK_CLK_0_BUFG/O
                         net (fo=31888, routed)       1.655    12.835    <hidden>
    SLICE_X0Y37          FDCE                                         r  <hidden>
                         clock pessimism              0.269    13.103    
                         clock uncertainty           -0.154    12.949    
    SLICE_X0Y37          FDCE (Recov_fdce_C_CLR)     -0.319    12.630    <hidden>
  -------------------------------------------------------------------
                         required time                         12.630    
                         arrival time                          -5.841    
  -------------------------------------------------------------------
                         slack                                  6.789    

Slack (MET) :             6.789ns  (required time - arrival time)
  Source:                 <hidden>
                            (rising edge-triggered cell FDPE clocked by clk_fpga_0  {rise@0.000ns fall@5.000ns period=10.000ns})
  Destination:            <hidden>
                            (recovery check against rising-edge clock clk_fpga_0  {rise@0.000ns fall@5.000ns period=10.000ns})
  Path Group:             **async_default**
  Path Type:              Recovery (Max at Slow Process Corner)
  Requirement:            10.000ns  (clk_fpga_0 rise@10.000ns - clk_fpga_0 rise@0.000ns)
  Data Path Delay:        2.709ns  (logic 0.718ns (26.502%)  route 1.991ns (73.498%))
  Logic Levels:           1  (LUT3=1)
  Clock Path Skew:        -0.029ns (DCD - SCD + CPR)
    Destination Clock Delay (DCD):    2.835ns = ( 12.835 - 10.000 ) 
    Source Clock Delay      (SCD):    3.132ns
    Clock Pessimism Removal (CPR):    0.269ns
  Clock Uncertainty:      0.154ns  ((TSJ^2 + TIJ^2)^1/2 + DJ) / 2 + PE
    Total System Jitter     (TSJ):    0.071ns
    Total Input Jitter      (TIJ):    0.300ns
    Discrete Jitter          (DJ):    0.000ns
    Phase Error              (PE):    0.000ns

    Location             Delay type                Incr(ns)  Path(ns)    Netlist Resource(s)
  -------------------------------------------------------------------    -------------------
                         (clock clk_fpga_0 rise edge)
                                                      0.000     0.000 r  
    PS7_X0Y0             PS7                          0.000     0.000 r  design_1_i/processing_system7_0/inst/PS7_i/FCLKCLK[0]
                         net (fo=1, routed)           1.193     1.193    design_1_i/processing_system7_0/inst/FCLK_CLK_unbuffered[0]
    BUFGCTRL_X0Y16       BUFG (Prop_bufg_I_O)         0.101     1.294 r  design_1_i/processing_system7_0/inst/buffer_fclk_clk_0.FCLK_CLK_0_BUFG/O
                         net (fo=31888, routed)       1.838     3.132    <hidden>
    SLICE_X1Y44          FDPE                                         r  <hidden>
  -------------------------------------------------------------------    -------------------
    SLICE_X1Y44          FDPE (Prop_fdpe_C_Q)         0.419     3.551 f  <hidden>
                         net (fo=2, routed)           0.887     4.438    <hidden>
    SLICE_X0Y44          LUT3 (Prop_lut3_I2_O)        0.299     4.737 f  <hidden>
                         net (fo=33, routed)          1.104     5.841    <hidden>
    SLICE_X0Y37          FDCE                                         f  <hidden>
  -------------------------------------------------------------------    -------------------

                         (clock clk_fpga_0 rise edge)
                                                     10.000    10.000 r  
    PS7_X0Y0             PS7                          0.000    10.000 r  design_1_i/processing_system7_0/inst/PS7_i/FCLKCLK[0]
                         net (fo=1, routed)           1.088    11.088    design_1_i/processing_system7_0/inst/FCLK_CLK_unbuffered[0]
    BUFGCTRL_X0Y16       BUFG (Prop_bufg_I_O)         0.091    11.179 r  design_1_i/processing_system7_0/inst/buffer_fclk_clk_0.FCLK_CLK_0_BUFG/O
                         net (fo=31888, routed)       1.655    12.835    <hidden>
    SLICE_X0Y37          FDCE                                         r  <hidden>
                         clock pessimism              0.269    13.103    
                         clock uncertainty           -0.154    12.949    
    SLICE_X0Y37          FDCE (Recov_fdce_C_CLR)     -0.319    12.630    <hidden>
  -------------------------------------------------------------------
                         required time                         12.630    
                         arrival time                          -5.841    
  -------------------------------------------------------------------
                         slack                                  6.789    





--------------------------------------------------------------------------------------
Path Group:  (none)
From Clock:  
  To Clock:  clk_fpga_0

Max Delay             1 Endpoint
Min Delay             0 Endpoints
--------------------------------------------------------------------------------------


Max Delay Paths
--------------------------------------------------------------------------------------
Slack:                    inf
  Source:                 design_1_i/processing_system7_0/inst/PS7_i/FCLKRESETN[0]
                            (internal pin)
  Destination:            design_1_i/rst_ps7_0_50M/U0/EXT_LPF/ACTIVE_LOW_EXT.ACT_LO_EXT/GENERATE_LEVEL_P_S_CDC.SINGLE_BIT.CROSS_PLEVEL_IN2SCNDRY_IN_cdc_to/D
                            (rising edge-triggered cell FDRE clocked by clk_fpga_0  {rise@0.000ns fall@5.000ns period=10.000ns})
  Path Group:             (none)
  Path Type:              Setup (Max at Slow Process Corner)
  Data Path Delay:        2.705ns  (logic 0.124ns (4.583%)  route 2.581ns (95.417%))
  Logic Levels:           1  (LUT1=1)
  Clock Uncertainty:      0.152ns  ((TSJ^2 + TIJ^2)^1/2 + DJ) / 2 + PE
    Total System Jitter     (TSJ):    0.050ns
    Total Input Jitter      (TIJ):    0.300ns
    Discrete Jitter          (DJ):    0.000ns
    Phase Error              (PE):    0.000ns
  Timing Exception:       False Path

    Location             Delay type                Incr(ns)  Path(ns)    Netlist Resource(s)
  -------------------------------------------------------------------    -------------------
    PS7_X0Y0             PS7                          0.000     0.000 f  design_1_i/processing_system7_0/inst/PS7_i/FCLKRESETN[0]
                         net (fo=1, routed)           2.149     2.149    design_1_i/rst_ps7_0_50M/U0/EXT_LPF/ACTIVE_LOW_EXT.ACT_LO_EXT/ext_reset_in
    SLICE_X81Y87         LUT1 (Prop_lut1_I0_O)        0.124     2.273 r  design_1_i/rst_ps7_0_50M/U0/EXT_LPF/ACTIVE_LOW_EXT.ACT_LO_EXT/GENERATE_LEVEL_P_S_CDC.SINGLE_BIT.CROSS_PLEVEL_IN2SCNDRY_IN_cdc_to_i_1/O
                         net (fo=1, routed)           0.433     2.705    design_1_i/rst_ps7_0_50M/U0/EXT_LPF/ACTIVE_LOW_EXT.ACT_LO_EXT/exr_d1
    SLICE_X81Y87         FDRE                                         r  design_1_i/rst_ps7_0_50M/U0/EXT_LPF/ACTIVE_LOW_EXT.ACT_LO_EXT/GENERATE_LEVEL_P_S_CDC.SINGLE_BIT.CROSS_PLEVEL_IN2SCNDRY_IN_cdc_to/D
  -------------------------------------------------------------------    -------------------

                         (clock clk_fpga_0 rise edge)
                                                      0.000     0.000 r  
    PS7_X0Y0             PS7                          0.000     0.000 r  design_1_i/processing_system7_0/inst/PS7_i/FCLKCLK[0]
                         net (fo=1, routed)           1.088     1.088    design_1_i/processing_system7_0/inst/FCLK_CLK_unbuffered[0]
    BUFGCTRL_X0Y16       BUFG (Prop_bufg_I_O)         0.091     1.179 r  design_1_i/processing_system7_0/inst/buffer_fclk_clk_0.FCLK_CLK_0_BUFG/O
                         net (fo=31888, routed)       1.541     2.720    design_1_i/rst_ps7_0_50M/U0/EXT_LPF/ACTIVE_LOW_EXT.ACT_LO_EXT/slowest_sync_clk
    SLICE_X81Y87         FDRE                                         r  design_1_i/rst_ps7_0_50M/U0/EXT_LPF/ACTIVE_LOW_EXT.ACT_LO_EXT/GENERATE_LEVEL_P_S_CDC.SINGLE_BIT.CROSS_PLEVEL_IN2SCNDRY_IN_cdc_to/C





--------------------------------------------------------------------------------------
Path Group:  (none)
From Clock:  clk_fpga_0
  To Clock:  clk_fpga_0

Max Delay            82 Endpoints
Min Delay             0 Endpoints
--------------------------------------------------------------------------------------


Max Delay Paths
--------------------------------------------------------------------------------------
Slack:                    inf
  Source:                 design_1_i/rst_ps7_0_50M/U0/ACTIVE_LOW_PR_OUT_DFF[0].FDRE_PER_N/C
                            (rising edge-triggered cell FDRE clocked by clk_fpga_0  {rise@0.000ns fall@5.000ns period=10.000ns})
  Destination:            <hidden>
                            (recovery check against rising-edge clock clk_fpga_0  {rise@0.000ns fall@5.000ns period=10.000ns})
  Path Group:             (none)
  Path Type:              Recovery (Max at Slow Process Corner)
  Data Path Delay:        6.907ns  (logic 0.609ns (8.817%)  route 6.298ns (91.183%))
  Logic Levels:           1  (LUT1=1)
  Clock Path Skew:        -0.170ns (DCD - SCD + CPR)
    Destination Clock Delay (DCD):    2.838ns
    Source Clock Delay      (SCD):    3.008ns
    Clock Pessimism Removal (CPR):    0.000ns
  Clock Uncertainty:      0.154ns  ((TSJ^2 + TIJ^2)^1/2 + DJ) / 2 + PE
    Total System Jitter     (TSJ):    0.071ns
    Total Input Jitter      (TIJ):    0.300ns
    Discrete Jitter          (DJ):    0.000ns
    Phase Error              (PE):    0.000ns
  Timing Exception:       False Path

    Location             Delay type                Incr(ns)  Path(ns)    Netlist Resource(s)
  -------------------------------------------------------------------    -------------------
                         (clock clk_fpga_0 rise edge)
                                                      0.000     0.000 r  
    PS7_X0Y0             PS7                          0.000     0.000 r  design_1_i/processing_system7_0/inst/PS7_i/FCLKCLK[0]
                         net (fo=1, routed)           1.193     1.193    design_1_i/processing_system7_0/inst/FCLK_CLK_unbuffered[0]
    BUFGCTRL_X0Y16       BUFG (Prop_bufg_I_O)         0.101     1.294 r  design_1_i/processing_system7_0/inst/buffer_fclk_clk_0.FCLK_CLK_0_BUFG/O
                         net (fo=31888, routed)       1.714     3.008    design_1_i/rst_ps7_0_50M/U0/slowest_sync_clk
    SLICE_X67Y91         FDRE                                         r  design_1_i/rst_ps7_0_50M/U0/ACTIVE_LOW_PR_OUT_DFF[0].FDRE_PER_N/C
  -------------------------------------------------------------------    -------------------
    SLICE_X67Y91         FDRE (Prop_fdre_C_Q)         0.456     3.464 r  design_1_i/rst_ps7_0_50M/U0/ACTIVE_LOW_PR_OUT_DFF[0].FDRE_PER_N/Q
                         net (fo=82, routed)          4.982     8.446    design_1_i/axi_mem_intercon/m00_couplers/auto_pc/inst/gen_axi4_axi3.axi3_conv_inst/USE_WRITE.write_addr_inst/USE_BURSTS.cmd_queue/inst/aresetn
    SLICE_X7Y47          LUT1 (Prop_lut1_I0_O)        0.153     8.599 f  design_1_i/axi_mem_intercon/m00_couplers/auto_pc/inst/gen_axi4_axi3.axi3_conv_inst/USE_WRITE.write_addr_inst/USE_BURSTS.cmd_queue/inst/S_AXI_AREADY_I_i_1/O
                         net (fo=240, routed)         1.316     9.915    <hidden>
    SLICE_X1Y44          FDPE                                         f  <hidden>
  -------------------------------------------------------------------    -------------------

                         (clock clk_fpga_0 rise edge)
                                                      0.000     0.000 r  
    PS7_X0Y0             PS7                          0.000     0.000 r  design_1_i/processing_system7_0/inst/PS7_i/FCLKCLK[0]
                         net (fo=1, routed)           1.088     1.088    design_1_i/processing_system7_0/inst/FCLK_CLK_unbuffered[0]
    BUFGCTRL_X0Y16       BUFG (Prop_bufg_I_O)         0.091     1.179 r  design_1_i/processing_system7_0/inst/buffer_fclk_clk_0.FCLK_CLK_0_BUFG/O
                         net (fo=31888, routed)       1.659     2.839    <hidden>
    SLICE_X1Y44          FDPE                                         r  <hidden>

Slack:                    inf
  Source:                 design_1_i/rst_ps7_0_50M/U0/ACTIVE_LOW_PR_OUT_DFF[0].FDRE_PER_N/C
                            (rising edge-triggered cell FDRE clocked by clk_fpga_0  {rise@0.000ns fall@5.000ns period=10.000ns})
  Destination:            <hidden>
                            (recovery check against rising-edge clock clk_fpga_0  {rise@0.000ns fall@5.000ns period=10.000ns})
  Path Group:             (none)
  Path Type:              Recovery (Max at Slow Process Corner)
  Data Path Delay:        6.907ns  (logic 0.609ns (8.817%)  route 6.298ns (91.183%))
  Logic Levels:           1  (LUT1=1)
  Clock Path Skew:        -0.170ns (DCD - SCD + CPR)
    Destination Clock Delay (DCD):    2.838ns
    Source Clock Delay      (SCD):    3.008ns
    Clock Pessimism Removal (CPR):    0.000ns
  Clock Uncertainty:      0.154ns  ((TSJ^2 + TIJ^2)^1/2 + DJ) / 2 + PE
    Total System Jitter     (TSJ):    0.071ns
    Total Input Jitter      (TIJ):    0.300ns
    Discrete Jitter          (DJ):    0.000ns
    Phase Error              (PE):    0.000ns
  Timing Exception:       False Path

    Location             Delay type                Incr(ns)  Path(ns)    Netlist Resource(s)
  -------------------------------------------------------------------    -------------------
                         (clock clk_fpga_0 rise edge)
                                                      0.000     0.000 r  
    PS7_X0Y0             PS7                          0.000     0.000 r  design_1_i/processing_system7_0/inst/PS7_i/FCLKCLK[0]
                         net (fo=1, routed)           1.193     1.193    design_1_i/processing_system7_0/inst/FCLK_CLK_unbuffered[0]
    BUFGCTRL_X0Y16       BUFG (Prop_bufg_I_O)         0.101     1.294 r  design_1_i/processing_system7_0/inst/buffer_fclk_clk_0.FCLK_CLK_0_BUFG/O
                         net (fo=31888, routed)       1.714     3.008    design_1_i/rst_ps7_0_50M/U0/slowest_sync_clk
    SLICE_X67Y91         FDRE                                         r  design_1_i/rst_ps7_0_50M/U0/ACTIVE_LOW_PR_OUT_DFF[0].FDRE_PER_N/C
  -------------------------------------------------------------------    -------------------
    SLICE_X67Y91         FDRE (Prop_fdre_C_Q)         0.456     3.464 r  design_1_i/rst_ps7_0_50M/U0/ACTIVE_LOW_PR_OUT_DFF[0].FDRE_PER_N/Q
                         net (fo=82, routed)          4.982     8.446    design_1_i/axi_mem_intercon/m00_couplers/auto_pc/inst/gen_axi4_axi3.axi3_conv_inst/USE_WRITE.write_addr_inst/USE_BURSTS.cmd_queue/inst/aresetn
    SLICE_X7Y47          LUT1 (Prop_lut1_I0_O)        0.153     8.599 f  design_1_i/axi_mem_intercon/m00_couplers/auto_pc/inst/gen_axi4_axi3.axi3_conv_inst/USE_WRITE.write_addr_inst/USE_BURSTS.cmd_queue/inst/S_AXI_AREADY_I_i_1/O
                         net (fo=240, routed)         1.316     9.915    <hidden>
    SLICE_X1Y44          FDPE                                         f  <hidden>
  -------------------------------------------------------------------    -------------------

                         (clock clk_fpga_0 rise edge)
                                                      0.000     0.000 r  
    PS7_X0Y0             PS7                          0.000     0.000 r  design_1_i/processing_system7_0/inst/PS7_i/FCLKCLK[0]
                         net (fo=1, routed)           1.088     1.088    design_1_i/processing_system7_0/inst/FCLK_CLK_unbuffered[0]
    BUFGCTRL_X0Y16       BUFG (Prop_bufg_I_O)         0.091     1.179 r  design_1_i/processing_system7_0/inst/buffer_fclk_clk_0.FCLK_CLK_0_BUFG/O
                         net (fo=31888, routed)       1.659     2.839    <hidden>
    SLICE_X1Y44          FDPE                                         r  <hidden>

Slack:                    inf
  Source:                 design_1_i/rst_ps7_0_50M/U0/ACTIVE_LOW_PR_OUT_DFF[0].FDRE_PER_N/C
                            (rising edge-triggered cell FDRE clocked by clk_fpga_0  {rise@0.000ns fall@5.000ns period=10.000ns})
  Destination:            <hidden>
                            (recovery check against rising-edge clock clk_fpga_0  {rise@0.000ns fall@5.000ns period=10.000ns})
  Path Group:             (none)
  Path Type:              Recovery (Max at Slow Process Corner)
  Data Path Delay:        6.484ns  (logic 0.609ns (9.392%)  route 5.875ns (90.608%))
  Logic Levels:           1  (LUT1=1)
  Clock Path Skew:        -0.247ns (DCD - SCD + CPR)
    Destination Clock Delay (DCD):    2.761ns
    Source Clock Delay      (SCD):    3.008ns
    Clock Pessimism Removal (CPR):    0.000ns
  Clock Uncertainty:      0.154ns  ((TSJ^2 + TIJ^2)^1/2 + DJ) / 2 + PE
    Total System Jitter     (TSJ):    0.071ns
    Total Input Jitter      (TIJ):    0.300ns
    Discrete Jitter          (DJ):    0.000ns
    Phase Error              (PE):    0.000ns
  Timing Exception:       False Path

    Location             Delay type                Incr(ns)  Path(ns)    Netlist Resource(s)
  -------------------------------------------------------------------    -------------------
                         (clock clk_fpga_0 rise edge)
                                                      0.000     0.000 r  
    PS7_X0Y0             PS7                          0.000     0.000 r  design_1_i/processing_system7_0/inst/PS7_i/FCLKCLK[0]
                         net (fo=1, routed)           1.193     1.193    design_1_i/processing_system7_0/inst/FCLK_CLK_unbuffered[0]
    BUFGCTRL_X0Y16       BUFG (Prop_bufg_I_O)         0.101     1.294 r  design_1_i/processing_system7_0/inst/buffer_fclk_clk_0.FCLK_CLK_0_BUFG/O
                         net (fo=31888, routed)       1.714     3.008    design_1_i/rst_ps7_0_50M/U0/slowest_sync_clk
    SLICE_X67Y91         FDRE                                         r  design_1_i/rst_ps7_0_50M/U0/ACTIVE_LOW_PR_OUT_DFF[0].FDRE_PER_N/C
  -------------------------------------------------------------------    -------------------
    SLICE_X67Y91         FDRE (Prop_fdre_C_Q)         0.456     3.464 r  design_1_i/rst_ps7_0_50M/U0/ACTIVE_LOW_PR_OUT_DFF[0].FDRE_PER_N/Q
                         net (fo=82, routed)          4.982     8.446    design_1_i/axi_mem_intercon/m00_couplers/auto_pc/inst/gen_axi4_axi3.axi3_conv_inst/USE_WRITE.write_addr_inst/USE_BURSTS.cmd_queue/inst/aresetn
    SLICE_X7Y47          LUT1 (Prop_lut1_I0_O)        0.153     8.599 f  design_1_i/axi_mem_intercon/m00_couplers/auto_pc/inst/gen_axi4_axi3.axi3_conv_inst/USE_WRITE.write_addr_inst/USE_BURSTS.cmd_queue/inst/S_AXI_AREADY_I_i_1/O
                         net (fo=240, routed)         0.893     9.492    <hidden>
    SLICE_X10Y47         FDPE                                         f  <hidden>
  -------------------------------------------------------------------    -------------------

                         (clock clk_fpga_0 rise edge)
                                                      0.000     0.000 r  
    PS7_X0Y0             PS7                          0.000     0.000 r  design_1_i/processing_system7_0/inst/PS7_i/FCLKCLK[0]
                         net (fo=1, routed)           1.088     1.088    design_1_i/processing_system7_0/inst/FCLK_CLK_unbuffered[0]
    BUFGCTRL_X0Y16       BUFG (Prop_bufg_I_O)         0.091     1.179 r  design_1_i/processing_system7_0/inst/buffer_fclk_clk_0.FCLK_CLK_0_BUFG/O
                         net (fo=31888, routed)       1.582     2.761    <hidden>
    SLICE_X10Y47         FDPE                                         r  <hidden>

Slack:                    inf
  Source:                 design_1_i/rst_ps7_0_50M/U0/ACTIVE_LOW_PR_OUT_DFF[0].FDRE_PER_N/C
                            (rising edge-triggered cell FDRE clocked by clk_fpga_0  {rise@0.000ns fall@5.000ns period=10.000ns})
  Destination:            <hidden>
                            (recovery check against rising-edge clock clk_fpga_0  {rise@0.000ns fall@5.000ns period=10.000ns})
  Path Group:             (none)
  Path Type:              Recovery (Max at Slow Process Corner)
  Data Path Delay:        6.484ns  (logic 0.609ns (9.392%)  route 5.875ns (90.608%))
  Logic Levels:           1  (LUT1=1)
  Clock Path Skew:        -0.247ns (DCD - SCD + CPR)
    Destination Clock Delay (DCD):    2.761ns
    Source Clock Delay      (SCD):    3.008ns
    Clock Pessimism Removal (CPR):    0.000ns
  Clock Uncertainty:      0.154ns  ((TSJ^2 + TIJ^2)^1/2 + DJ) / 2 + PE
    Total System Jitter     (TSJ):    0.071ns
    Total Input Jitter      (TIJ):    0.300ns
    Discrete Jitter          (DJ):    0.000ns
    Phase Error              (PE):    0.000ns
  Timing Exception:       False Path

    Location             Delay type                Incr(ns)  Path(ns)    Netlist Resource(s)
  -------------------------------------------------------------------    -------------------
                         (clock clk_fpga_0 rise edge)
                                                      0.000     0.000 r  
    PS7_X0Y0             PS7                          0.000     0.000 r  design_1_i/processing_system7_0/inst/PS7_i/FCLKCLK[0]
                         net (fo=1, routed)           1.193     1.193    design_1_i/processing_system7_0/inst/FCLK_CLK_unbuffered[0]
    BUFGCTRL_X0Y16       BUFG (Prop_bufg_I_O)         0.101     1.294 r  design_1_i/processing_system7_0/inst/buffer_fclk_clk_0.FCLK_CLK_0_BUFG/O
                         net (fo=31888, routed)       1.714     3.008    design_1_i/rst_ps7_0_50M/U0/slowest_sync_clk
    SLICE_X67Y91         FDRE                                         r  design_1_i/rst_ps7_0_50M/U0/ACTIVE_LOW_PR_OUT_DFF[0].FDRE_PER_N/C
  -------------------------------------------------------------------    -------------------
    SLICE_X67Y91         FDRE (Prop_fdre_C_Q)         0.456     3.464 r  design_1_i/rst_ps7_0_50M/U0/ACTIVE_LOW_PR_OUT_DFF[0].FDRE_PER_N/Q
                         net (fo=82, routed)          4.982     8.446    design_1_i/axi_mem_intercon/m00_couplers/auto_pc/inst/gen_axi4_axi3.axi3_conv_inst/USE_WRITE.write_addr_inst/USE_BURSTS.cmd_queue/inst/aresetn
    SLICE_X7Y47          LUT1 (Prop_lut1_I0_O)        0.153     8.599 f  design_1_i/axi_mem_intercon/m00_couplers/auto_pc/inst/gen_axi4_axi3.axi3_conv_inst/USE_WRITE.write_addr_inst/USE_BURSTS.cmd_queue/inst/S_AXI_AREADY_I_i_1/O
                         net (fo=240, routed)         0.893     9.492    <hidden>
    SLICE_X10Y47         FDPE                                         f  <hidden>
  -------------------------------------------------------------------    -------------------

                         (clock clk_fpga_0 rise edge)
                                                      0.000     0.000 r  
    PS7_X0Y0             PS7                          0.000     0.000 r  design_1_i/processing_system7_0/inst/PS7_i/FCLKCLK[0]
                         net (fo=1, routed)           1.088     1.088    design_1_i/processing_system7_0/inst/FCLK_CLK_unbuffered[0]
    BUFGCTRL_X0Y16       BUFG (Prop_bufg_I_O)         0.091     1.179 r  design_1_i/processing_system7_0/inst/buffer_fclk_clk_0.FCLK_CLK_0_BUFG/O
                         net (fo=31888, routed)       1.582     2.761    <hidden>
    SLICE_X10Y47         FDPE                                         r  <hidden>

Slack:                    inf
  Source:                 design_1_i/rst_ps7_0_50M/U0/ACTIVE_LOW_PR_OUT_DFF[0].FDRE_PER_N/C
                            (rising edge-triggered cell FDRE clocked by clk_fpga_0  {rise@0.000ns fall@5.000ns period=10.000ns})
  Destination:            <hidden>
                            (recovery check against rising-edge clock clk_fpga_0  {rise@0.000ns fall@5.000ns period=10.000ns})
  Path Group:             (none)
  Path Type:              Recovery (Max at Slow Process Corner)
  Data Path Delay:        6.454ns  (logic 0.609ns (9.436%)  route 5.845ns (90.564%))
  Logic Levels:           1  (LUT1=1)
  Clock Path Skew:        -0.169ns (DCD - SCD + CPR)
    Destination Clock Delay (DCD):    2.839ns
    Source Clock Delay      (SCD):    3.008ns
    Clock Pessimism Removal (CPR):    0.000ns
  Clock Uncertainty:      0.154ns  ((TSJ^2 + TIJ^2)^1/2 + DJ) / 2 + PE
    Total System Jitter     (TSJ):    0.071ns
    Total Input Jitter      (TIJ):    0.300ns
    Discrete Jitter          (DJ):    0.000ns
    Phase Error              (PE):    0.000ns
  Timing Exception:       False Path

    Location             Delay type                Incr(ns)  Path(ns)    Netlist Resource(s)
  -------------------------------------------------------------------    -------------------
                         (clock clk_fpga_0 rise edge)
                                                      0.000     0.000 r  
    PS7_X0Y0             PS7                          0.000     0.000 r  design_1_i/processing_system7_0/inst/PS7_i/FCLKCLK[0]
                         net (fo=1, routed)           1.193     1.193    design_1_i/processing_system7_0/inst/FCLK_CLK_unbuffered[0]
    BUFGCTRL_X0Y16       BUFG (Prop_bufg_I_O)         0.101     1.294 r  design_1_i/processing_system7_0/inst/buffer_fclk_clk_0.FCLK_CLK_0_BUFG/O
                         net (fo=31888, routed)       1.714     3.008    design_1_i/rst_ps7_0_50M/U0/slowest_sync_clk
    SLICE_X67Y91         FDRE                                         r  design_1_i/rst_ps7_0_50M/U0/ACTIVE_LOW_PR_OUT_DFF[0].FDRE_PER_N/C
  -------------------------------------------------------------------    -------------------
    SLICE_X67Y91         FDRE (Prop_fdre_C_Q)         0.456     3.464 r  design_1_i/rst_ps7_0_50M/U0/ACTIVE_LOW_PR_OUT_DFF[0].FDRE_PER_N/Q
                         net (fo=82, routed)          4.982     8.446    design_1_i/axi_mem_intercon/m00_couplers/auto_pc/inst/gen_axi4_axi3.axi3_conv_inst/USE_WRITE.write_addr_inst/USE_BURSTS.cmd_queue/inst/aresetn
    SLICE_X7Y47          LUT1 (Prop_lut1_I0_O)        0.153     8.599 f  design_1_i/axi_mem_intercon/m00_couplers/auto_pc/inst/gen_axi4_axi3.axi3_conv_inst/USE_WRITE.write_addr_inst/USE_BURSTS.cmd_queue/inst/S_AXI_AREADY_I_i_1/O
                         net (fo=240, routed)         0.863     9.462    <hidden>
    SLICE_X1Y48          FDPE                                         f  <hidden>
  -------------------------------------------------------------------    -------------------

                         (clock clk_fpga_0 rise edge)
                                                      0.000     0.000 r  
    PS7_X0Y0             PS7                          0.000     0.000 r  design_1_i/processing_system7_0/inst/PS7_i/FCLKCLK[0]
                         net (fo=1, routed)           1.088     1.088    design_1_i/processing_system7_0/inst/FCLK_CLK_unbuffered[0]
    BUFGCTRL_X0Y16       BUFG (Prop_bufg_I_O)         0.091     1.179 r  design_1_i/processing_system7_0/inst/buffer_fclk_clk_0.FCLK_CLK_0_BUFG/O
                         net (fo=31888, routed)       1.660     2.839    <hidden>
    SLICE_X1Y48          FDPE                                         r  <hidden>

Slack:                    inf
  Source:                 design_1_i/rst_ps7_0_50M/U0/ACTIVE_LOW_PR_OUT_DFF[0].FDRE_PER_N/C
                            (rising edge-triggered cell FDRE clocked by clk_fpga_0  {rise@0.000ns fall@5.000ns period=10.000ns})
  Destination:            <hidden>
                            (recovery check against rising-edge clock clk_fpga_0  {rise@0.000ns fall@5.000ns period=10.000ns})
  Path Group:             (none)
  Path Type:              Recovery (Max at Slow Process Corner)
  Data Path Delay:        6.454ns  (logic 0.609ns (9.436%)  route 5.845ns (90.564%))
  Logic Levels:           1  (LUT1=1)
  Clock Path Skew:        -0.169ns (DCD - SCD + CPR)
    Destination Clock Delay (DCD):    2.839ns
    Source Clock Delay      (SCD):    3.008ns
    Clock Pessimism Removal (CPR):    0.000ns
  Clock Uncertainty:      0.154ns  ((TSJ^2 + TIJ^2)^1/2 + DJ) / 2 + PE
    Total System Jitter     (TSJ):    0.071ns
    Total Input Jitter      (TIJ):    0.300ns
    Discrete Jitter          (DJ):    0.000ns
    Phase Error              (PE):    0.000ns
  Timing Exception:       False Path

    Location             Delay type                Incr(ns)  Path(ns)    Netlist Resource(s)
  -------------------------------------------------------------------    -------------------
                         (clock clk_fpga_0 rise edge)
                                                      0.000     0.000 r  
    PS7_X0Y0             PS7                          0.000     0.000 r  design_1_i/processing_system7_0/inst/PS7_i/FCLKCLK[0]
                         net (fo=1, routed)           1.193     1.193    design_1_i/processing_system7_0/inst/FCLK_CLK_unbuffered[0]
    BUFGCTRL_X0Y16       BUFG (Prop_bufg_I_O)         0.101     1.294 r  design_1_i/processing_system7_0/inst/buffer_fclk_clk_0.FCLK_CLK_0_BUFG/O
                         net (fo=31888, routed)       1.714     3.008    design_1_i/rst_ps7_0_50M/U0/slowest_sync_clk
    SLICE_X67Y91         FDRE                                         r  design_1_i/rst_ps7_0_50M/U0/ACTIVE_LOW_PR_OUT_DFF[0].FDRE_PER_N/C
  -------------------------------------------------------------------    -------------------
    SLICE_X67Y91         FDRE (Prop_fdre_C_Q)         0.456     3.464 r  design_1_i/rst_ps7_0_50M/U0/ACTIVE_LOW_PR_OUT_DFF[0].FDRE_PER_N/Q
                         net (fo=82, routed)          4.982     8.446    design_1_i/axi_mem_intercon/m00_couplers/auto_pc/inst/gen_axi4_axi3.axi3_conv_inst/USE_WRITE.write_addr_inst/USE_BURSTS.cmd_queue/inst/aresetn
    SLICE_X7Y47          LUT1 (Prop_lut1_I0_O)        0.153     8.599 f  design_1_i/axi_mem_intercon/m00_couplers/auto_pc/inst/gen_axi4_axi3.axi3_conv_inst/USE_WRITE.write_addr_inst/USE_BURSTS.cmd_queue/inst/S_AXI_AREADY_I_i_1/O
                         net (fo=240, routed)         0.863     9.462    <hidden>
    SLICE_X1Y48          FDPE                                         f  <hidden>
  -------------------------------------------------------------------    -------------------

                         (clock clk_fpga_0 rise edge)
                                                      0.000     0.000 r  
    PS7_X0Y0             PS7                          0.000     0.000 r  design_1_i/processing_system7_0/inst/PS7_i/FCLKCLK[0]
                         net (fo=1, routed)           1.088     1.088    design_1_i/processing_system7_0/inst/FCLK_CLK_unbuffered[0]
    BUFGCTRL_X0Y16       BUFG (Prop_bufg_I_O)         0.091     1.179 r  design_1_i/processing_system7_0/inst/buffer_fclk_clk_0.FCLK_CLK_0_BUFG/O
                         net (fo=31888, routed)       1.660     2.839    <hidden>
    SLICE_X1Y48          FDPE                                         r  <hidden>

Slack:                    inf
  Source:                 design_1_i/axi_smc/inst/clk_map/psr_aclk/U0/ACTIVE_LOW_BSR_OUT_DFF[0].FDRE_BSR_N/C
                            (rising edge-triggered cell FDRE clocked by clk_fpga_0  {rise@0.000ns fall@5.000ns period=10.000ns})
  Destination:            <hidden>
                            (recovery check against rising-edge clock clk_fpga_0  {rise@0.000ns fall@5.000ns period=10.000ns})
  Path Group:             (none)
  Path Type:              Recovery (Max at Slow Process Corner)
  Data Path Delay:        3.701ns  (logic 0.609ns (16.455%)  route 3.092ns (83.545%))
  Logic Levels:           1  (LUT1=1)
  Clock Path Skew:        -0.255ns (DCD - SCD + CPR)
    Destination Clock Delay (DCD):    2.688ns
    Source Clock Delay      (SCD):    2.943ns
    Clock Pessimism Removal (CPR):    0.000ns
  Clock Uncertainty:      0.154ns  ((TSJ^2 + TIJ^2)^1/2 + DJ) / 2 + PE
    Total System Jitter     (TSJ):    0.071ns
    Total Input Jitter      (TIJ):    0.300ns
    Discrete Jitter          (DJ):    0.000ns
    Phase Error              (PE):    0.000ns
  Timing Exception:       False Path

    Location             Delay type                Incr(ns)  Path(ns)    Netlist Resource(s)
  -------------------------------------------------------------------    -------------------
                         (clock clk_fpga_0 rise edge)
                                                      0.000     0.000 r  
    PS7_X0Y0             PS7                          0.000     0.000 r  design_1_i/processing_system7_0/inst/PS7_i/FCLKCLK[0]
                         net (fo=1, routed)           1.193     1.193    design_1_i/processing_system7_0/inst/FCLK_CLK_unbuffered[0]
    BUFGCTRL_X0Y16       BUFG (Prop_bufg_I_O)         0.101     1.294 r  design_1_i/processing_system7_0/inst/buffer_fclk_clk_0.FCLK_CLK_0_BUFG/O
                         net (fo=31888, routed)       1.649     2.943    design_1_i/axi_smc/inst/clk_map/psr_aclk/U0/aclk
    SLICE_X47Y90         FDRE                                         r  design_1_i/axi_smc/inst/clk_map/psr_aclk/U0/ACTIVE_LOW_BSR_OUT_DFF[0].FDRE_BSR_N/C
  -------------------------------------------------------------------    -------------------
    SLICE_X47Y90         FDRE (Prop_fdre_C_Q)         0.456     3.399 r  design_1_i/axi_smc/inst/clk_map/psr_aclk/U0/ACTIVE_LOW_BSR_OUT_DFF[0].FDRE_BSR_N/Q
                         net (fo=25, routed)          2.280     5.679    <hidden>
    SLICE_X27Y77         LUT1 (Prop_lut1_I0_O)        0.153     5.832 f  <hidden>
                         net (fo=3, routed)           0.812     6.644    <hidden>
    SLICE_X27Y71         FDCE                                         f  <hidden>
  -------------------------------------------------------------------    -------------------

                         (clock clk_fpga_0 rise edge)
                                                      0.000     0.000 r  
    PS7_X0Y0             PS7                          0.000     0.000 r  design_1_i/processing_system7_0/inst/PS7_i/FCLKCLK[0]
                         net (fo=1, routed)           1.088     1.088    design_1_i/processing_system7_0/inst/FCLK_CLK_unbuffered[0]
    BUFGCTRL_X0Y16       BUFG (Prop_bufg_I_O)         0.091     1.179 r  design_1_i/processing_system7_0/inst/buffer_fclk_clk_0.FCLK_CLK_0_BUFG/O
                         net (fo=31888, routed)       1.509     2.688    <hidden>
    SLICE_X27Y71         FDCE                                         r  <hidden>

Slack:                    inf
  Source:                 design_1_i/axi_smc/inst/clk_map/psr_aclk/U0/ACTIVE_LOW_BSR_OUT_DFF[0].FDRE_BSR_N/C
                            (rising edge-triggered cell FDRE clocked by clk_fpga_0  {rise@0.000ns fall@5.000ns period=10.000ns})
  Destination:            <hidden>
                            (recovery check against rising-edge clock clk_fpga_0  {rise@0.000ns fall@5.000ns period=10.000ns})
  Path Group:             (none)
  Path Type:              Recovery (Max at Slow Process Corner)
  Data Path Delay:        3.701ns  (logic 0.609ns (16.455%)  route 3.092ns (83.545%))
  Logic Levels:           1  (LUT1=1)
  Clock Path Skew:        -0.255ns (DCD - SCD + CPR)
    Destination Clock Delay (DCD):    2.688ns
    Source Clock Delay      (SCD):    2.943ns
    Clock Pessimism Removal (CPR):    0.000ns
  Clock Uncertainty:      0.154ns  ((TSJ^2 + TIJ^2)^1/2 + DJ) / 2 + PE
    Total System Jitter     (TSJ):    0.071ns
    Total Input Jitter      (TIJ):    0.300ns
    Discrete Jitter          (DJ):    0.000ns
    Phase Error              (PE):    0.000ns
  Timing Exception:       False Path

    Location             Delay type                Incr(ns)  Path(ns)    Netlist Resource(s)
  -------------------------------------------------------------------    -------------------
                         (clock clk_fpga_0 rise edge)
                                                      0.000     0.000 r  
    PS7_X0Y0             PS7                          0.000     0.000 r  design_1_i/processing_system7_0/inst/PS7_i/FCLKCLK[0]
                         net (fo=1, routed)           1.193     1.193    design_1_i/processing_system7_0/inst/FCLK_CLK_unbuffered[0]
    BUFGCTRL_X0Y16       BUFG (Prop_bufg_I_O)         0.101     1.294 r  design_1_i/processing_system7_0/inst/buffer_fclk_clk_0.FCLK_CLK_0_BUFG/O
                         net (fo=31888, routed)       1.649     2.943    design_1_i/axi_smc/inst/clk_map/psr_aclk/U0/aclk
    SLICE_X47Y90         FDRE                                         r  design_1_i/axi_smc/inst/clk_map/psr_aclk/U0/ACTIVE_LOW_BSR_OUT_DFF[0].FDRE_BSR_N/C
  -------------------------------------------------------------------    -------------------
    SLICE_X47Y90         FDRE (Prop_fdre_C_Q)         0.456     3.399 r  design_1_i/axi_smc/inst/clk_map/psr_aclk/U0/ACTIVE_LOW_BSR_OUT_DFF[0].FDRE_BSR_N/Q
                         net (fo=25, routed)          2.280     5.679    <hidden>
    SLICE_X27Y77         LUT1 (Prop_lut1_I0_O)        0.153     5.832 f  <hidden>
                         net (fo=3, routed)           0.812     6.644    <hidden>
    SLICE_X27Y71         FDCE                                         f  <hidden>
  -------------------------------------------------------------------    -------------------

                         (clock clk_fpga_0 rise edge)
                                                      0.000     0.000 r  
    PS7_X0Y0             PS7                          0.000     0.000 r  design_1_i/processing_system7_0/inst/PS7_i/FCLKCLK[0]
                         net (fo=1, routed)           1.088     1.088    design_1_i/processing_system7_0/inst/FCLK_CLK_unbuffered[0]
    BUFGCTRL_X0Y16       BUFG (Prop_bufg_I_O)         0.091     1.179 r  design_1_i/processing_system7_0/inst/buffer_fclk_clk_0.FCLK_CLK_0_BUFG/O
                         net (fo=31888, routed)       1.509     2.688    <hidden>
    SLICE_X27Y71         FDCE                                         r  <hidden>

Slack:                    inf
  Source:                 design_1_i/axi_smc/inst/clk_map/psr_aclk/U0/ACTIVE_LOW_BSR_OUT_DFF[0].FDRE_BSR_N/C
                            (rising edge-triggered cell FDRE clocked by clk_fpga_0  {rise@0.000ns fall@5.000ns period=10.000ns})
  Destination:            <hidden>
                            (recovery check against rising-edge clock clk_fpga_0  {rise@0.000ns fall@5.000ns period=10.000ns})
  Path Group:             (none)
  Path Type:              Recovery (Max at Slow Process Corner)
  Data Path Delay:        3.701ns  (logic 0.609ns (16.455%)  route 3.092ns (83.545%))
  Logic Levels:           1  (LUT1=1)
  Clock Path Skew:        -0.255ns (DCD - SCD + CPR)
    Destination Clock Delay (DCD):    2.688ns
    Source Clock Delay      (SCD):    2.943ns
    Clock Pessimism Removal (CPR):    0.000ns
  Clock Uncertainty:      0.154ns  ((TSJ^2 + TIJ^2)^1/2 + DJ) / 2 + PE
    Total System Jitter     (TSJ):    0.071ns
    Total Input Jitter      (TIJ):    0.300ns
    Discrete Jitter          (DJ):    0.000ns
    Phase Error              (PE):    0.000ns
  Timing Exception:       False Path

    Location             Delay type                Incr(ns)  Path(ns)    Netlist Resource(s)
  -------------------------------------------------------------------    -------------------
                         (clock clk_fpga_0 rise edge)
                                                      0.000     0.000 r  
    PS7_X0Y0             PS7                          0.000     0.000 r  design_1_i/processing_system7_0/inst/PS7_i/FCLKCLK[0]
                         net (fo=1, routed)           1.193     1.193    design_1_i/processing_system7_0/inst/FCLK_CLK_unbuffered[0]
    BUFGCTRL_X0Y16       BUFG (Prop_bufg_I_O)         0.101     1.294 r  design_1_i/processing_system7_0/inst/buffer_fclk_clk_0.FCLK_CLK_0_BUFG/O
                         net (fo=31888, routed)       1.649     2.943    design_1_i/axi_smc/inst/clk_map/psr_aclk/U0/aclk
    SLICE_X47Y90         FDRE                                         r  design_1_i/axi_smc/inst/clk_map/psr_aclk/U0/ACTIVE_LOW_BSR_OUT_DFF[0].FDRE_BSR_N/C
  -------------------------------------------------------------------    -------------------
    SLICE_X47Y90         FDRE (Prop_fdre_C_Q)         0.456     3.399 r  design_1_i/axi_smc/inst/clk_map/psr_aclk/U0/ACTIVE_LOW_BSR_OUT_DFF[0].FDRE_BSR_N/Q
                         net (fo=25, routed)          2.280     5.679    <hidden>
    SLICE_X27Y77         LUT1 (Prop_lut1_I0_O)        0.153     5.832 f  <hidden>
                         net (fo=3, routed)           0.812     6.644    <hidden>
    SLICE_X27Y71         FDCE                                         f  <hidden>
  -------------------------------------------------------------------    -------------------

                         (clock clk_fpga_0 rise edge)
                                                      0.000     0.000 r  
    PS7_X0Y0             PS7                          0.000     0.000 r  design_1_i/processing_system7_0/inst/PS7_i/FCLKCLK[0]
                         net (fo=1, routed)           1.088     1.088    design_1_i/processing_system7_0/inst/FCLK_CLK_unbuffered[0]
    BUFGCTRL_X0Y16       BUFG (Prop_bufg_I_O)         0.091     1.179 r  design_1_i/processing_system7_0/inst/buffer_fclk_clk_0.FCLK_CLK_0_BUFG/O
                         net (fo=31888, routed)       1.509     2.688    <hidden>
    SLICE_X27Y71         FDCE                                         r  <hidden>

Slack:                    inf
  Source:                 design_1_i/axi_smc/inst/clk_map/psr_aclk/U0/ACTIVE_LOW_BSR_OUT_DFF[0].FDRE_BSR_N/C
                            (rising edge-triggered cell FDRE clocked by clk_fpga_0  {rise@0.000ns fall@5.000ns period=10.000ns})
  Destination:            <hidden>
                            (recovery check against rising-edge clock clk_fpga_0  {rise@0.000ns fall@5.000ns period=10.000ns})
  Path Group:             (none)
  Path Type:              Recovery (Max at Slow Process Corner)
  Data Path Delay:        3.562ns  (logic 0.580ns (16.284%)  route 2.982ns (83.716%))
  Logic Levels:           1  (LUT1=1)
  Clock Path Skew:        -0.258ns (DCD - SCD + CPR)
    Destination Clock Delay (DCD):    2.685ns
    Source Clock Delay      (SCD):    2.943ns
    Clock Pessimism Removal (CPR):    0.000ns
  Clock Uncertainty:      0.154ns  ((TSJ^2 + TIJ^2)^1/2 + DJ) / 2 + PE
    Total System Jitter     (TSJ):    0.071ns
    Total Input Jitter      (TIJ):    0.300ns
    Discrete Jitter          (DJ):    0.000ns
    Phase Error              (PE):    0.000ns
  Timing Exception:       False Path

    Location             Delay type                Incr(ns)  Path(ns)    Netlist Resource(s)
  -------------------------------------------------------------------    -------------------
                         (clock clk_fpga_0 rise edge)
                                                      0.000     0.000 r  
    PS7_X0Y0             PS7                          0.000     0.000 r  design_1_i/processing_system7_0/inst/PS7_i/FCLKCLK[0]
                         net (fo=1, routed)           1.193     1.193    design_1_i/processing_system7_0/inst/FCLK_CLK_unbuffered[0]
    BUFGCTRL_X0Y16       BUFG (Prop_bufg_I_O)         0.101     1.294 r  design_1_i/processing_system7_0/inst/buffer_fclk_clk_0.FCLK_CLK_0_BUFG/O
                         net (fo=31888, routed)       1.649     2.943    design_1_i/axi_smc/inst/clk_map/psr_aclk/U0/aclk
    SLICE_X47Y90         FDRE                                         r  design_1_i/axi_smc/inst/clk_map/psr_aclk/U0/ACTIVE_LOW_BSR_OUT_DFF[0].FDRE_BSR_N/C
  -------------------------------------------------------------------    -------------------
    SLICE_X47Y90         FDRE (Prop_fdre_C_Q)         0.456     3.399 r  design_1_i/axi_smc/inst/clk_map/psr_aclk/U0/ACTIVE_LOW_BSR_OUT_DFF[0].FDRE_BSR_N/Q
                         net (fo=25, routed)          2.280     5.679    <hidden>
    SLICE_X27Y77         LUT1 (Prop_lut1_I0_O)        0.124     5.803 f  <hidden>
                         net (fo=3, routed)           0.702     6.505    <hidden>
    SLICE_X27Y73         FDCE                                         f  <hidden>
  -------------------------------------------------------------------    -------------------

                         (clock clk_fpga_0 rise edge)
                                                      0.000     0.000 r  
    PS7_X0Y0             PS7                          0.000     0.000 r  design_1_i/processing_system7_0/inst/PS7_i/FCLKCLK[0]
                         net (fo=1, routed)           1.088     1.088    design_1_i/processing_system7_0/inst/FCLK_CLK_unbuffered[0]
    BUFGCTRL_X0Y16       BUFG (Prop_bufg_I_O)         0.091     1.179 r  design_1_i/processing_system7_0/inst/buffer_fclk_clk_0.FCLK_CLK_0_BUFG/O
                         net (fo=31888, routed)       1.506     2.685    <hidden>
    SLICE_X27Y73         FDCE                                         r  <hidden>





